forecast_hour,event_scope,model,station_code,n,mae_ug_m3,persistence_mae_ug_m3,frozen_mae_ug_m3
12,all_common_cases,persistence_10utc,BANJARBARU2,238,7.928571428571429,7.928571428571429,6.680079130598013
12,all_common_cases,persistence_10utc,BATAM2,226,5.768141592920354,5.768141592920354,5.439067850999072
12,all_common_cases,persistence_10utc,BENGKULU,205,16.59073170731707,16.59073170731707,13.760696756563311
12,all_common_cases,persistence_10utc,INDRAPURI2,215,5.657209302325581,5.657209302325581,4.884883552290304
12,all_common_cases,persistence_10utc,JAMBI3,235,22.435744680851062,22.435744680851062,17.240675106642037
12,all_common_cases,persistence_10utc,JAMBI4,221,25.595022624434385,25.595022624434385,20.32479179428241
12,all_common_cases,persistence_10utc,KEMAYORAN3,237,6.79451476793249,6.79451476793249,8.66292287031731
12,all_common_cases,persistence_10utc,KOTABARU,203,5.243349753694582,5.243349753694582,4.375289528747661
12,all_common_cases,persistence_10utc,KOTOTABANG2,189,4.037566137566138,4.037566137566138,4.019327258645062
12,all_common_cases,persistence_10utc,MALANG,223,9.298654708520179,9.298654708520179,9.072276301013273
12,all_common_cases,persistence_10utc,MAROS,234,11.643589743589745,11.643589743589745,8.349554092922004
12,all_common_cases,persistence_10utc,MEDAN2,234,25.294017094017097,25.294017094017097,15.68014863421122
12,all_common_cases,persistence_10utc,MLATI,238,15.363865546218488,15.363865546218488,11.18482946676171
12,all_common_cases,persistence_10utc,PALANGKARAYA2,212,15.618867924528303,15.618867924528303,13.261909549956878
12,all_common_cases,persistence_10utc,PALEMBANG3,223,18.703587443946187,18.703587443946187,14.332513417889553
12,all_common_cases,persistence_10utc,PALEMBANG4,237,13.99113924050633,13.99113924050633,9.647842672117939
12,all_common_cases,persistence_10utc,PALU,73,4.5328767123287665,4.5328767123287665,3.8255037533335057
12,all_common_cases,persistence_10utc,PANGKALANBUN2,214,7.62570093457944,7.62570093457944,6.595882689465559
12,all_common_cases,persistence_10utc,PEKANBARU2,228,31.24078947368421,31.24078947368421,24.22104400123099
12,all_common_cases,persistence_10utc,PESAWARAN,216,19.91018518518518,19.91018518518518,19.657747764137405
12,all_common_cases,persistence_10utc,PONTIANAK2,195,7.78923076923077,7.78923076923077,8.905446704792976
12,all_common_cases,persistence_10utc,SAMARINDA2,215,4.909767441860465,4.909767441860465,5.01395054798367
12,all_common_cases,persistence_10utc,SEMARANG,231,8.678787878787876,8.678787878787876,8.099828127411397
12,all_common_cases,persistence_10utc,SINTANG,162,5.119135802469136,5.119135802469136,6.242421462885961
12,all_common_cases,persistence_10utc,SORONG,223,5.940807174887893,5.940807174887893,5.60601221505769
12,all_common_cases,persistence_10utc,SUPADIO,236,20.59237288135593,20.59237288135593,20.20724991202958
12,all_common_cases,persistence_10utc,TANJUNGHARAPAN2,193,9.291709844559586,9.291709844559586,6.179669706308025
12,all_common_cases,persistence_00utc,BANJARBARU2,238,21.78529411764706,7.928571428571429,6.680079130598013
12,all_common_cases,persistence_00utc,BATAM2,226,7.565044247787612,5.768141592920354,5.439067850999072
12,all_common_cases,persistence_00utc,BENGKULU,205,21.627804878048778,16.59073170731707,13.760696756563311
12,all_common_cases,persistence_00utc,INDRAPURI2,215,6.335813953488371,5.657209302325581,4.884883552290304
12,all_common_cases,persistence_00utc,JAMBI3,235,26.058723404255318,22.435744680851062,17.240675106642037
12,all_common_cases,persistence_00utc,JAMBI4,221,29.76606334841629,25.595022624434385,20.32479179428241
12,all_common_cases,persistence_00utc,KEMAYORAN3,237,19.40084388185654,6.79451476793249,8.66292287031731
12,all_common_cases,persistence_00utc,KOTABARU,203,6.191133004926108,5.243349753694582,4.375289528747661
12,all_common_cases,persistence_00utc,KOTOTABANG2,189,4.686772486772487,4.037566137566138,4.019327258645062
12,all_common_cases,persistence_00utc,MALANG,223,11.369058295964125,9.298654708520179,9.072276301013273
12,all_common_cases,persistence_00utc,MAROS,234,11.232478632478632,11.643589743589745,8.349554092922004
12,all_common_cases,persistence_00utc,MEDAN2,234,21.35042735042735,25.294017094017097,15.68014863421122
12,all_common_cases,persistence_00utc,MLATI,238,20.373949579831933,15.363865546218488,11.18482946676171
12,all_common_cases,persistence_00utc,PALANGKARAYA2,212,16.56367924528302,15.618867924528303,13.261909549956878
12,all_common_cases,persistence_00utc,PALEMBANG3,223,20.118385650224212,18.703587443946187,14.332513417889553
12,all_common_cases,persistence_00utc,PALEMBANG4,237,16.161603375527424,13.99113924050633,9.647842672117939
12,all_common_cases,persistence_00utc,PALU,73,4.701369863013698,4.5328767123287665,3.8255037533335057
12,all_common_cases,persistence_00utc,PANGKALANBUN2,214,12.529906542056075,7.62570093457944,6.595882689465559
12,all_common_cases,persistence_00utc,PEKANBARU2,228,33.1969298245614,31.24078947368421,24.22104400123099
12,all_common_cases,persistence_00utc,PESAWARAN,216,23.9125,19.91018518518518,19.657747764137405
12,all_common_cases,persistence_00utc,PONTIANAK2,195,31.561025641025644,7.78923076923077,8.905446704792976
12,all_common_cases,persistence_00utc,SAMARINDA2,215,6.264186046511629,4.909767441860465,5.01395054798367
12,all_common_cases,persistence_00utc,SEMARANG,231,12.106926406926407,8.678787878787876,8.099828127411397
12,all_common_cases,persistence_00utc,SINTANG,162,15.061111111111112,5.119135802469136,6.242421462885961
12,all_common_cases,persistence_00utc,SORONG,223,6.20269058295964,5.940807174887893,5.60601221505769
12,all_common_cases,persistence_00utc,SUPADIO,236,37.33728813559322,20.59237288135593,20.20724991202958
12,all_common_cases,persistence_00utc,TANJUNGHARAPAN2,193,10.21761658031088,9.291709844559586,6.179669706308025
12,all_common_cases,climatology_training_only,BANJARBARU2,238,6.420378151260503,7.928571428571429,6.680079130598013
12,all_common_cases,climatology_training_only,BATAM2,226,5.725884955752212,5.768141592920354,5.439067850999072
12,all_common_cases,climatology_training_only,BENGKULU,205,15.27170731707317,16.59073170731707,13.760696756563311
12,all_common_cases,climatology_training_only,INDRAPURI2,215,6.171162790697674,5.657209302325581,4.884883552290304
12,all_common_cases,climatology_training_only,JAMBI3,235,20.72808510638298,22.435744680851062,17.240675106642037
12,all_common_cases,climatology_training_only,JAMBI4,221,24.31357466063348,25.595022624434385,20.32479179428241
12,all_common_cases,climatology_training_only,KEMAYORAN3,237,9.916877637130803,6.79451476793249,8.66292287031731
12,all_common_cases,climatology_training_only,KOTABARU,203,5.648768472906404,5.243349753694582,4.375289528747661
12,all_common_cases,climatology_training_only,KOTOTABANG2,189,4.798412698412699,4.037566137566138,4.019327258645062
12,all_common_cases,climatology_training_only,MALANG,223,10.488340807174886,9.298654708520179,9.072276301013273
12,all_common_cases,climatology_training_only,MAROS,234,9.220726495726495,11.643589743589745,8.349554092922004
12,all_common_cases,climatology_training_only,MEDAN2,234,18.778846153846153,25.294017094017097,15.68014863421122
12,all_common_cases,climatology_training_only,MLATI,238,12.060084033613446,15.363865546218488,11.18482946676171
12,all_common_cases,climatology_training_only,PALANGKARAYA2,212,18.82735849056604,15.618867924528303,13.261909549956878
12,all_common_cases,climatology_training_only,PALEMBANG3,223,15.871076233183857,18.703587443946187,14.332513417889553
12,all_common_cases,climatology_training_only,PALEMBANG4,237,13.138607594936706,13.99113924050633,9.647842672117939
12,all_common_cases,climatology_training_only,PALU,73,5.862328767123287,4.5328767123287665,3.8255037533335057
12,all_common_cases,climatology_training_only,PANGKALANBUN2,214,7.895327102803738,7.62570093457944,6.595882689465559
12,all_common_cases,climatology_training_only,PEKANBARU2,228,27.68881578947368,31.24078947368421,24.22104400123099
12,all_common_cases,climatology_training_only,PESAWARAN,216,20.98171296296296,19.91018518518518,19.657747764137405
12,all_common_cases,climatology_training_only,PONTIANAK2,195,13.478974358974362,7.78923076923077,8.905446704792976
12,all_common_cases,climatology_training_only,SAMARINDA2,215,5.903255813953488,4.909767441860465,5.01395054798367
12,all_common_cases,climatology_training_only,SEMARANG,231,9.527272727272727,8.678787878787876,8.099828127411397
12,all_common_cases,climatology_training_only,SINTANG,162,10.084567901234566,5.119135802469136,6.242421462885961
12,all_common_cases,climatology_training_only,SORONG,223,7.326681614349775,5.940807174887893,5.60601221505769
12,all_common_cases,climatology_training_only,SUPADIO,236,28.857627118644068,20.59237288135593,20.20724991202958
12,all_common_cases,climatology_training_only,TANJUNGHARAPAN2,193,8.97357512953368,9.291709844559586,6.179669706308025
12,all_common_cases,raw_cams,BANJARBARU2,238,7.1540961141631865,7.928571428571429,6.680079130598013
12,all_common_cases,raw_cams,BATAM2,226,10.044663655739145,5.768141592920354,5.439067850999072
12,all_common_cases,raw_cams,BENGKULU,205,19.35879465792482,16.59073170731707,13.760696756563311
12,all_common_cases,raw_cams,INDRAPURI2,215,6.075939028891237,5.657209302325581,4.884883552290304
12,all_common_cases,raw_cams,JAMBI3,235,34.18960669184355,22.435744680851062,17.240675106642037
12,all_common_cases,raw_cams,JAMBI4,221,34.14288966829756,25.595022624434385,20.32479179428241
12,all_common_cases,raw_cams,KEMAYORAN3,237,33.2790143586981,6.79451476793249,8.66292287031731
12,all_common_cases,raw_cams,KOTABARU,203,4.986656786212595,5.243349753694582,4.375289528747661
12,all_common_cases,raw_cams,KOTOTABANG2,189,9.083998746664427,4.037566137566138,4.019327258645062
12,all_common_cases,raw_cams,MALANG,223,23.212617687965032,9.298654708520179,9.072276301013273
12,all_common_cases,raw_cams,MAROS,234,10.934639187275888,11.643589743589745,8.349554092922004
12,all_common_cases,raw_cams,MEDAN2,234,19.408402495242985,25.294017094017097,15.68014863421122
12,all_common_cases,raw_cams,MLATI,238,22.818130945107058,15.363865546218488,11.18482946676171
12,all_common_cases,raw_cams,PALANGKARAYA2,212,34.91113598427227,15.618867924528303,13.261909549956878
12,all_common_cases,raw_cams,PALEMBANG3,223,24.58954619852679,18.703587443946187,14.332513417889553
12,all_common_cases,raw_cams,PALEMBANG4,237,17.02079201184826,13.99113924050633,9.647842672117939
12,all_common_cases,raw_cams,PALU,73,6.84197185658245,4.5328767123287665,3.8255037533335057
12,all_common_cases,raw_cams,PANGKALANBUN2,214,9.586801596146207,7.62570093457944,6.595882689465559
12,all_common_cases,raw_cams,PEKANBARU2,228,32.59804152422757,31.24078947368421,24.22104400123099
12,all_common_cases,raw_cams,PESAWARAN,216,23.94652888905232,19.91018518518518,19.657747764137405
12,all_common_cases,raw_cams,PONTIANAK2,195,11.891114760615146,7.78923076923077,8.905446704792976
12,all_common_cases,raw_cams,SAMARINDA2,215,7.1915706950799345,4.909767441860465,5.01395054798367
12,all_common_cases,raw_cams,SEMARANG,231,19.673559210986788,8.678787878787876,8.099828127411397
12,all_common_cases,raw_cams,SINTANG,162,13.630473762674104,5.119135802469136,6.242421462885961
12,all_common_cases,raw_cams,SORONG,223,7.359708801339172,5.940807174887893,5.60601221505769
12,all_common_cases,raw_cams,SUPADIO,236,23.746269130066196,20.59237288135593,20.20724991202958
12,all_common_cases,raw_cams,TANJUNGHARAPAN2,193,9.85096071098917,9.291709844559586,6.179669706308025
12,all_common_cases,frozen_deployment,BANJARBARU2,238,6.680079130598013,7.928571428571429,6.680079130598013
12,all_common_cases,frozen_deployment,BATAM2,226,5.439067850999072,5.768141592920354,5.439067850999072
12,all_common_cases,frozen_deployment,BENGKULU,205,13.760696756563311,16.59073170731707,13.760696756563311
12,all_common_cases,frozen_deployment,INDRAPURI2,215,4.884883552290304,5.657209302325581,4.884883552290304
12,all_common_cases,frozen_deployment,JAMBI3,235,17.240675106642037,22.435744680851062,17.240675106642037
12,all_common_cases,frozen_deployment,JAMBI4,221,20.32479179428241,25.595022624434385,20.32479179428241
12,all_common_cases,frozen_deployment,KEMAYORAN3,237,8.66292287031731,6.79451476793249,8.66292287031731
12,all_common_cases,frozen_deployment,KOTABARU,203,4.375289528747661,5.243349753694582,4.375289528747661
12,all_common_cases,frozen_deployment,KOTOTABANG2,189,4.019327258645062,4.037566137566138,4.019327258645062
12,all_common_cases,frozen_deployment,MALANG,223,9.072276301013273,9.298654708520179,9.072276301013273
12,all_common_cases,frozen_deployment,MAROS,234,8.349554092922004,11.643589743589745,8.349554092922004
12,all_common_cases,frozen_deployment,MEDAN2,234,15.68014863421122,25.294017094017097,15.68014863421122
12,all_common_cases,frozen_deployment,MLATI,238,11.18482946676171,15.363865546218488,11.18482946676171
12,all_common_cases,frozen_deployment,PALANGKARAYA2,212,13.261909549956878,15.618867924528303,13.261909549956878
12,all_common_cases,frozen_deployment,PALEMBANG3,223,14.332513417889553,18.703587443946187,14.332513417889553
12,all_common_cases,frozen_deployment,PALEMBANG4,237,9.647842672117939,13.99113924050633,9.647842672117939
12,all_common_cases,frozen_deployment,PALU,73,3.8255037533335057,4.5328767123287665,3.8255037533335057
12,all_common_cases,frozen_deployment,PANGKALANBUN2,214,6.595882689465559,7.62570093457944,6.595882689465559
12,all_common_cases,frozen_deployment,PEKANBARU2,228,24.22104400123099,31.24078947368421,24.22104400123099
12,all_common_cases,frozen_deployment,PESAWARAN,216,19.657747764137405,19.91018518518518,19.657747764137405
12,all_common_cases,frozen_deployment,PONTIANAK2,195,8.905446704792976,7.78923076923077,8.905446704792976
12,all_common_cases,frozen_deployment,SAMARINDA2,215,5.01395054798367,4.909767441860465,5.01395054798367
12,all_common_cases,frozen_deployment,SEMARANG,231,8.099828127411397,8.678787878787876,8.099828127411397
12,all_common_cases,frozen_deployment,SINTANG,162,6.242421462885961,5.119135802469136,6.242421462885961
12,all_common_cases,frozen_deployment,SORONG,223,5.60601221505769,5.940807174887893,5.60601221505769
12,all_common_cases,frozen_deployment,SUPADIO,236,20.20724991202958,20.59237288135593,20.20724991202958
12,all_common_cases,frozen_deployment,TANJUNGHARAPAN2,193,6.179669706308025,9.291709844559586,6.179669706308025
12,all_common_cases,frozen_deployment_missing_met,BANJARBARU2,238,6.10799189123578,7.928571428571429,6.680079130598013
12,all_common_cases,frozen_deployment_missing_met,BATAM2,226,5.239269104865678,5.768141592920354,5.439067850999072
12,all_common_cases,frozen_deployment_missing_met,BENGKULU,205,13.784536406640388,16.59073170731707,13.760696756563311
12,all_common_cases,frozen_deployment_missing_met,INDRAPURI2,215,4.913126820024627,5.657209302325581,4.884883552290304
12,all_common_cases,frozen_deployment_missing_met,JAMBI3,235,17.668443713787394,22.435744680851062,17.240675106642037
12,all_common_cases,frozen_deployment_missing_met,JAMBI4,221,20.480146004147738,25.595022624434385,20.32479179428241
12,all_common_cases,frozen_deployment_missing_met,KEMAYORAN3,237,8.650574026634052,6.79451476793249,8.66292287031731
12,all_common_cases,frozen_deployment_missing_met,KOTABARU,203,4.272749697366291,5.243349753694582,4.375289528747661
12,all_common_cases,frozen_deployment_missing_met,KOTOTABANG2,189,3.9636510008340213,4.037566137566138,4.019327258645062
12,all_common_cases,frozen_deployment_missing_met,MALANG,223,8.915681829871998,9.298654708520179,9.072276301013273
12,all_common_cases,frozen_deployment_missing_met,MAROS,234,8.549424140341387,11.643589743589745,8.349554092922004
12,all_common_cases,frozen_deployment_missing_met,MEDAN2,234,15.592800915758641,25.294017094017097,15.68014863421122
12,all_common_cases,frozen_deployment_missing_met,MLATI,238,11.306431385706912,15.363865546218488,11.18482946676171
12,all_common_cases,frozen_deployment_missing_met,PALANGKARAYA2,212,13.68264619530315,15.618867924528303,13.261909549956878
12,all_common_cases,frozen_deployment_missing_met,PALEMBANG3,223,14.36131009427257,18.703587443946187,14.332513417889553
12,all_common_cases,frozen_deployment_missing_met,PALEMBANG4,237,9.56709392605268,13.99113924050633,9.647842672117939
12,all_common_cases,frozen_deployment_missing_met,PALU,73,3.8346604979661536,4.5328767123287665,3.8255037533335057
12,all_common_cases,frozen_deployment_missing_met,PANGKALANBUN2,214,6.510341894667721,7.62570093457944,6.595882689465559
12,all_common_cases,frozen_deployment_missing_met,PEKANBARU2,228,24.794612064308108,31.24078947368421,24.22104400123099
12,all_common_cases,frozen_deployment_missing_met,PESAWARAN,216,19.792117406651187,19.91018518518518,19.657747764137405
12,all_common_cases,frozen_deployment_missing_met,PONTIANAK2,195,8.887458342589099,7.78923076923077,8.905446704792976
12,all_common_cases,frozen_deployment_missing_met,SAMARINDA2,215,4.9227659367967895,4.909767441860465,5.01395054798367
12,all_common_cases,frozen_deployment_missing_met,SEMARANG,231,8.149190619493089,8.678787878787876,8.099828127411397
12,all_common_cases,frozen_deployment_missing_met,SINTANG,162,6.1897757078794395,5.119135802469136,6.242421462885961
12,all_common_cases,frozen_deployment_missing_met,SORONG,223,5.639105554794964,5.940807174887893,5.60601221505769
12,all_common_cases,frozen_deployment_missing_met,SUPADIO,236,20.601084627760006,20.59237288135593,20.20724991202958
12,all_common_cases,frozen_deployment_missing_met,TANJUNGHARAPAN2,193,6.3902925140794995,9.291709844559586,6.179669706308025
12,all_common_cases,all_features_00utc_expanding,BANJARBARU2,238,6.55017720862294,7.928571428571429,6.680079130598013
12,all_common_cases,all_features_00utc_expanding,BATAM2,226,5.475526607090743,5.768141592920354,5.439067850999072
12,all_common_cases,all_features_00utc_expanding,BENGKULU,205,13.947147360205804,16.59073170731707,13.760696756563311
12,all_common_cases,all_features_00utc_expanding,INDRAPURI2,215,5.067585832234431,5.657209302325581,4.884883552290304
12,all_common_cases,all_features_00utc_expanding,JAMBI3,235,17.60651971428408,22.435744680851062,17.240675106642037
12,all_common_cases,all_features_00utc_expanding,JAMBI4,221,20.563825999423088,25.595022624434385,20.32479179428241
12,all_common_cases,all_features_00utc_expanding,KEMAYORAN3,237,8.658069253521182,6.79451476793249,8.66292287031731
12,all_common_cases,all_features_00utc_expanding,KOTABARU,203,4.41522585624254,5.243349753694582,4.375289528747661
12,all_common_cases,all_features_00utc_expanding,KOTOTABANG2,189,4.193051687768225,4.037566137566138,4.019327258645062
12,all_common_cases,all_features_00utc_expanding,MALANG,223,8.99211438164353,9.298654708520179,9.072276301013273
12,all_common_cases,all_features_00utc_expanding,MAROS,234,8.570034613246133,11.643589743589745,8.349554092922004
12,all_common_cases,all_features_00utc_expanding,MEDAN2,234,15.803252566834848,25.294017094017097,15.68014863421122
12,all_common_cases,all_features_00utc_expanding,MLATI,238,11.516597261123527,15.363865546218488,11.18482946676171
12,all_common_cases,all_features_00utc_expanding,PALANGKARAYA2,212,13.153630300437683,15.618867924528303,13.261909549956878
12,all_common_cases,all_features_00utc_expanding,PALEMBANG3,223,14.563870189125236,18.703587443946187,14.332513417889553
12,all_common_cases,all_features_00utc_expanding,PALEMBANG4,237,9.782109695611755,13.99113924050633,9.647842672117939
12,all_common_cases,all_features_00utc_expanding,PALU,73,3.9170514632158087,4.5328767123287665,3.8255037533335057
12,all_common_cases,all_features_00utc_expanding,PANGKALANBUN2,214,6.733033966303303,7.62570093457944,6.595882689465559
12,all_common_cases,all_features_00utc_expanding,PEKANBARU2,228,24.082034222665865,31.24078947368421,24.22104400123099
12,all_common_cases,all_features_00utc_expanding,PESAWARAN,216,20.101178053927356,19.91018518518518,19.657747764137405
12,all_common_cases,all_features_00utc_expanding,PONTIANAK2,195,9.169534547802867,7.78923076923077,8.905446704792976
12,all_common_cases,all_features_00utc_expanding,SAMARINDA2,215,5.1410062006676345,4.909767441860465,5.01395054798367
12,all_common_cases,all_features_00utc_expanding,SEMARANG,231,8.315342748534869,8.678787878787876,8.099828127411397
12,all_common_cases,all_features_00utc_expanding,SINTANG,162,6.402071733319908,5.119135802469136,6.242421462885961
12,all_common_cases,all_features_00utc_expanding,SORONG,223,5.694167233322507,5.940807174887893,5.60601221505769
12,all_common_cases,all_features_00utc_expanding,SUPADIO,236,20.268100805534093,20.59237288135593,20.20724991202958
12,all_common_cases,all_features_00utc_expanding,TANJUNGHARAPAN2,193,6.035483595006261,9.291709844559586,6.179669706308025
12,all_common_cases,all_features_00utc_missing_met,BANJARBARU2,238,6.151780227347607,7.928571428571429,6.680079130598013
12,all_common_cases,all_features_00utc_missing_met,BATAM2,226,5.5060683917374424,5.768141592920354,5.439067850999072
12,all_common_cases,all_features_00utc_missing_met,BENGKULU,205,13.64810093148902,16.59073170731707,13.760696756563311
12,all_common_cases,all_features_00utc_missing_met,INDRAPURI2,215,4.991588558787425,5.657209302325581,4.884883552290304
12,all_common_cases,all_features_00utc_missing_met,JAMBI3,235,17.894615282078778,22.435744680851062,17.240675106642037
12,all_common_cases,all_features_00utc_missing_met,JAMBI4,221,20.663877588420405,25.595022624434385,20.32479179428241
12,all_common_cases,all_features_00utc_missing_met,KEMAYORAN3,237,8.626365427810487,6.79451476793249,8.66292287031731
12,all_common_cases,all_features_00utc_missing_met,KOTABARU,203,4.205301697156839,5.243349753694582,4.375289528747661
12,all_common_cases,all_features_00utc_missing_met,KOTOTABANG2,189,4.222051429550372,4.037566137566138,4.019327258645062
12,all_common_cases,all_features_00utc_missing_met,MALANG,223,8.928690882043323,9.298654708520179,9.072276301013273
12,all_common_cases,all_features_00utc_missing_met,MAROS,234,8.651137030298244,11.643589743589745,8.349554092922004
12,all_common_cases,all_features_00utc_missing_met,MEDAN2,234,15.66563282065214,25.294017094017097,15.68014863421122
12,all_common_cases,all_features_00utc_missing_met,MLATI,238,11.416955918729657,15.363865546218488,11.18482946676171
12,all_common_cases,all_features_00utc_missing_met,PALANGKARAYA2,212,13.953572171167222,15.618867924528303,13.261909549956878
12,all_common_cases,all_features_00utc_missing_met,PALEMBANG3,223,14.536745370609792,18.703587443946187,14.332513417889553
12,all_common_cases,all_features_00utc_missing_met,PALEMBANG4,237,10.11546786697859,13.99113924050633,9.647842672117939
12,all_common_cases,all_features_00utc_missing_met,PALU,73,3.9680078824725964,4.5328767123287665,3.8255037533335057
12,all_common_cases,all_features_00utc_missing_met,PANGKALANBUN2,214,6.69260017872696,7.62570093457944,6.595882689465559
12,all_common_cases,all_features_00utc_missing_met,PEKANBARU2,228,24.839620401459023,31.24078947368421,24.22104400123099
12,all_common_cases,all_features_00utc_missing_met,PESAWARAN,216,20.175710687961445,19.91018518518518,19.657747764137405
12,all_common_cases,all_features_00utc_missing_met,PONTIANAK2,195,9.318823139927684,7.78923076923077,8.905446704792976
12,all_common_cases,all_features_00utc_missing_met,SAMARINDA2,215,4.988667020121366,4.909767441860465,5.01395054798367
12,all_common_cases,all_features_00utc_missing_met,SEMARANG,231,8.26112181451979,8.678787878787876,8.099828127411397
12,all_common_cases,all_features_00utc_missing_met,SINTANG,162,6.443187677406983,5.119135802469136,6.242421462885961
12,all_common_cases,all_features_00utc_missing_met,SORONG,223,5.666310970958146,5.940807174887893,5.60601221505769
12,all_common_cases,all_features_00utc_missing_met,SUPADIO,236,21.272544052039716,20.59237288135593,20.20724991202958
12,all_common_cases,all_features_00utc_missing_met,TANJUNGHARAPAN2,193,6.343300799061482,9.291709844559586,6.179669706308025
12,all_common_cases,no_met_00utc_expanding,BANJARBARU2,238,6.212767142373486,7.928571428571429,6.680079130598013
12,all_common_cases,no_met_00utc_expanding,BATAM2,226,5.387982207287359,5.768141592920354,5.439067850999072
12,all_common_cases,no_met_00utc_expanding,BENGKULU,205,13.833721274524025,16.59073170731707,13.760696756563311
12,all_common_cases,no_met_00utc_expanding,INDRAPURI2,215,4.994238666346662,5.657209302325581,4.884883552290304
12,all_common_cases,no_met_00utc_expanding,JAMBI3,235,16.903937053887244,22.435744680851062,17.240675106642037
12,all_common_cases,no_met_00utc_expanding,JAMBI4,221,19.422564251149264,25.595022624434385,20.32479179428241
12,all_common_cases,no_met_00utc_expanding,KEMAYORAN3,237,8.692821706329912,6.79451476793249,8.66292287031731
12,all_common_cases,no_met_00utc_expanding,KOTABARU,203,4.358092998640256,5.243349753694582,4.375289528747661
12,all_common_cases,no_met_00utc_expanding,KOTOTABANG2,189,4.032811277823604,4.037566137566138,4.019327258645062
12,all_common_cases,no_met_00utc_expanding,MALANG,223,8.976475902884225,9.298654708520179,9.072276301013273
12,all_common_cases,no_met_00utc_expanding,MAROS,234,8.485330552487204,11.643589743589745,8.349554092922004
12,all_common_cases,no_met_00utc_expanding,MEDAN2,234,15.64451462980421,25.294017094017097,15.68014863421122
12,all_common_cases,no_met_00utc_expanding,MLATI,238,11.38522647764841,15.363865546218488,11.18482946676171
12,all_common_cases,no_met_00utc_expanding,PALANGKARAYA2,212,13.317389627235722,15.618867924528303,13.261909549956878
12,all_common_cases,no_met_00utc_expanding,PALEMBANG3,223,14.2724453433558,18.703587443946187,14.332513417889553
12,all_common_cases,no_met_00utc_expanding,PALEMBANG4,237,9.607166044187236,13.99113924050633,9.647842672117939
12,all_common_cases,no_met_00utc_expanding,PALU,73,3.7236213025715785,4.5328767123287665,3.8255037533335057
12,all_common_cases,no_met_00utc_expanding,PANGKALANBUN2,214,6.527748858970102,7.62570093457944,6.595882689465559
12,all_common_cases,no_met_00utc_expanding,PEKANBARU2,228,23.878506787072144,31.24078947368421,24.22104400123099
12,all_common_cases,no_met_00utc_expanding,PESAWARAN,216,19.535405647992405,19.91018518518518,19.657747764137405
12,all_common_cases,no_met_00utc_expanding,PONTIANAK2,195,9.07311137670135,7.78923076923077,8.905446704792976
12,all_common_cases,no_met_00utc_expanding,SAMARINDA2,215,4.94579670296441,4.909767441860465,5.01395054798367
12,all_common_cases,no_met_00utc_expanding,SEMARANG,231,8.214514577122786,8.678787878787876,8.099828127411397
12,all_common_cases,no_met_00utc_expanding,SINTANG,162,6.309214196075324,5.119135802469136,6.242421462885961
12,all_common_cases,no_met_00utc_expanding,SORONG,223,5.648947678141244,5.940807174887893,5.60601221505769
12,all_common_cases,no_met_00utc_expanding,SUPADIO,236,19.43042485512898,20.59237288135593,20.20724991202958
12,all_common_cases,no_met_00utc_expanding,TANJUNGHARAPAN2,193,6.1824207349559845,9.291709844559586,6.179669706308025
12,all_common_cases,no_met_10utc_expanding,BANJARBARU2,238,6.043229660217168,7.928571428571429,6.680079130598013
12,all_common_cases,no_met_10utc_expanding,BATAM2,226,5.440921603639096,5.768141592920354,5.439067850999072
12,all_common_cases,no_met_10utc_expanding,BENGKULU,205,13.325609871848775,16.59073170731707,13.760696756563311
12,all_common_cases,no_met_10utc_expanding,INDRAPURI2,215,4.476555724724902,5.657209302325581,4.884883552290304
12,all_common_cases,no_met_10utc_expanding,JAMBI3,235,15.322584121677197,22.435744680851062,17.240675106642037
12,all_common_cases,no_met_10utc_expanding,JAMBI4,221,19.279462793179757,25.595022624434385,20.32479179428241
12,all_common_cases,no_met_10utc_expanding,KEMAYORAN3,237,6.9327667827125365,6.79451476793249,8.66292287031731
12,all_common_cases,no_met_10utc_expanding,KOTABARU,203,4.165670821461831,5.243349753694582,4.375289528747661
12,all_common_cases,no_met_10utc_expanding,KOTOTABANG2,189,3.4114065973264367,4.037566137566138,4.019327258645062
12,all_common_cases,no_met_10utc_expanding,MALANG,223,7.892365785480067,9.298654708520179,9.072276301013273
12,all_common_cases,no_met_10utc_expanding,MAROS,234,8.427172347854171,11.643589743589745,8.349554092922004
12,all_common_cases,no_met_10utc_expanding,MEDAN2,234,14.870276438618184,25.294017094017097,15.68014863421122
12,all_common_cases,no_met_10utc_expanding,MLATI,238,10.936879807434153,15.363865546218488,11.18482946676171
12,all_common_cases,no_met_10utc_expanding,PALANGKARAYA2,212,13.78224291492179,15.618867924528303,13.261909549956878
12,all_common_cases,no_met_10utc_expanding,PALEMBANG3,223,14.224066942458416,18.703587443946187,14.332513417889553
12,all_common_cases,no_met_10utc_expanding,PALEMBANG4,237,9.51938150029385,13.99113924050633,9.647842672117939
12,all_common_cases,no_met_10utc_expanding,PALU,73,3.618234287945981,4.5328767123287665,3.8255037533335057
12,all_common_cases,no_met_10utc_expanding,PANGKALANBUN2,214,6.284097480142246,7.62570093457944,6.595882689465559
12,all_common_cases,no_met_10utc_expanding,PEKANBARU2,228,22.28049257510583,31.24078947368421,24.22104400123099
12,all_common_cases,no_met_10utc_expanding,PESAWARAN,216,17.53311637989818,19.91018518518518,19.657747764137405
12,all_common_cases,no_met_10utc_expanding,PONTIANAK2,195,7.038509893330562,7.78923076923077,8.905446704792976
12,all_common_cases,no_met_10utc_expanding,SAMARINDA2,215,4.502230653077539,4.909767441860465,5.01395054798367
12,all_common_cases,no_met_10utc_expanding,SEMARANG,231,7.285789230851321,8.678787878787876,8.099828127411397
12,all_common_cases,no_met_10utc_expanding,SINTANG,162,5.569628584313253,5.119135802469136,6.242421462885961
12,all_common_cases,no_met_10utc_expanding,SORONG,223,4.716619661948794,5.940807174887893,5.60601221505769
12,all_common_cases,no_met_10utc_expanding,SUPADIO,236,18.18159583928029,20.59237288135593,20.20724991202958
12,all_common_cases,no_met_10utc_expanding,TANJUNGHARAPAN2,193,6.0692011386295555,9.291709844559586,6.179669706308025
12,training_p90_high_events,persistence_10utc,BANJARBARU2,13,20.207692307692305,20.207692307692305,23.3351673916636
12,training_p90_high_events,persistence_10utc,BATAM2,23,17.378260869565217,17.378260869565217,14.858332326825538
12,training_p90_high_events,persistence_10utc,BENGKULU,39,35.51282051282051,35.51282051282051,24.440304083760157
12,training_p90_high_events,persistence_10utc,INDRAPURI2,20,14.989999999999998,14.989999999999998,12.672239273972817
12,training_p90_high_events,persistence_10utc,JAMBI3,31,53.89032258064516,53.89032258064516,49.814714728996385
12,training_p90_high_events,persistence_10utc,JAMBI4,26,81.83076923076922,81.83076923076922,78.36243481552452
12,training_p90_high_events,persistence_10utc,KEMAYORAN3,11,23.618181818181814,23.618181818181814,31.102842342927225
12,training_p90_high_events,persistence_10utc,KOTABARU,12,17.225,17.225,13.676126613688178
12,training_p90_high_events,persistence_10utc,KOTOTABANG2,27,7.044444444444445,7.044444444444445,6.927152286729592
12,training_p90_high_events,persistence_10utc,MALANG,19,24.61578947368421,24.61578947368421,24.428549444078353
12,training_p90_high_events,persistence_10utc,MAROS,30,30.763333333333335,30.763333333333335,26.58857608470323
12,training_p90_high_events,persistence_10utc,MEDAN2,20,67.18,67.18,49.11887021449822
12,training_p90_high_events,persistence_10utc,MLATI,44,29.96590909090909,29.96590909090909,25.791092566585757
12,training_p90_high_events,persistence_10utc,PALANGKARAYA2,43,42.1953488372093,42.1953488372093,38.488817378645294
12,training_p90_high_events,persistence_10utc,PALEMBANG3,26,55.0,55.0,52.05012445285128
12,training_p90_high_events,persistence_10utc,PALEMBANG4,23,58.49130434782607,58.49130434782607,32.94452582011122
12,training_p90_high_events,persistence_10utc,PALU,29,6.686206896551722,6.686206896551722,4.85991000861903
12,training_p90_high_events,persistence_10utc,PANGKALANBUN2,26,21.453846153846158,21.453846153846158,20.665596658563476
12,training_p90_high_events,persistence_10utc,PEKANBARU2,32,87.421875,87.421875,75.18140163086726
12,training_p90_high_events,persistence_10utc,PESAWARAN,35,51.93428571428571,51.93428571428571,50.06522076244238
12,training_p90_high_events,persistence_10utc,PONTIANAK2,44,16.204545454545453,16.204545454545453,17.940694597381768
12,training_p90_high_events,persistence_10utc,SAMARINDA2,17,9.83529411764706,9.83529411764706,11.876178716524965
12,training_p90_high_events,persistence_10utc,SEMARANG,17,16.94705882352941,16.94705882352941,17.079866889866487
12,training_p90_high_events,persistence_10utc,SINTANG,25,12.18,12.18,19.234944861824086
12,training_p90_high_events,persistence_10utc,SORONG,46,14.771739130434785,14.771739130434785,14.39141408022115
12,training_p90_high_events,persistence_10utc,SUPADIO,57,48.194736842105264,48.194736842105264,52.542814111186516
12,training_p90_high_events,persistence_10utc,TANJUNGHARAPAN2,32,20.290625,20.290625,14.738279453231755
12,training_p90_high_events,persistence_00utc,BANJARBARU2,13,48.97692307692308,20.207692307692305,23.3351673916636
12,training_p90_high_events,persistence_00utc,BATAM2,23,18.326086956521742,17.378260869565217,14.858332326825538
12,training_p90_high_events,persistence_00utc,BENGKULU,39,29.08717948717949,35.51282051282051,24.440304083760157
12,training_p90_high_events,persistence_00utc,INDRAPURI2,20,19.805,14.989999999999998,12.672239273972817
12,training_p90_high_events,persistence_00utc,JAMBI3,31,75.35806451612903,53.89032258064516,49.814714728996385
12,training_p90_high_events,persistence_00utc,JAMBI4,26,106.93846153846151,81.83076923076922,78.36243481552452
12,training_p90_high_events,persistence_00utc,KEMAYORAN3,11,18.05454545454546,23.618181818181814,31.102842342927225
12,training_p90_high_events,persistence_00utc,KOTABARU,12,14.866666666666669,17.225,13.676126613688178
12,training_p90_high_events,persistence_00utc,KOTOTABANG2,27,8.096296296296297,7.044444444444445,6.927152286729592
12,training_p90_high_events,persistence_00utc,MALANG,19,25.578947368421055,24.61578947368421,24.428549444078353
12,training_p90_high_events,persistence_00utc,MAROS,30,28.793333333333333,30.763333333333335,26.58857608470323
12,training_p90_high_events,persistence_00utc,MEDAN2,20,59.019999999999996,67.18,49.11887021449822
12,training_p90_high_events,persistence_00utc,MLATI,44,25.04545454545454,29.96590909090909,25.791092566585757
12,training_p90_high_events,persistence_00utc,PALANGKARAYA2,43,45.12558139534883,42.1953488372093,38.488817378645294
12,training_p90_high_events,persistence_00utc,PALEMBANG3,26,59.60000000000001,55.0,52.05012445285128
12,training_p90_high_events,persistence_00utc,PALEMBANG4,23,37.652173913043484,58.49130434782607,32.94452582011122
12,training_p90_high_events,persistence_00utc,PALU,29,6.327586206896552,6.686206896551722,4.85991000861903
12,training_p90_high_events,persistence_00utc,PANGKALANBUN2,26,26.730769230769234,21.453846153846158,20.665596658563476
12,training_p90_high_events,persistence_00utc,PEKANBARU2,32,96.02499999999999,87.421875,75.18140163086726
12,training_p90_high_events,persistence_00utc,PESAWARAN,35,54.39714285714285,51.93428571428571,50.06522076244238
12,training_p90_high_events,persistence_00utc,PONTIANAK2,44,62.334090909090904,16.204545454545453,17.940694597381768
12,training_p90_high_events,persistence_00utc,SAMARINDA2,17,16.947058823529414,9.83529411764706,11.876178716524965
12,training_p90_high_events,persistence_00utc,SEMARANG,17,12.029411764705882,16.94705882352941,17.079866889866487
12,training_p90_high_events,persistence_00utc,SINTANG,25,71.704,12.18,19.234944861824086
12,training_p90_high_events,persistence_00utc,SORONG,46,15.143478260869566,14.771739130434785,14.39141408022115
12,training_p90_high_events,persistence_00utc,SUPADIO,57,75.07543859649121,48.194736842105264,52.542814111186516
12,training_p90_high_events,persistence_00utc,TANJUNGHARAPAN2,32,19.40625,20.290625,14.738279453231755
12,training_p90_high_events,climatology_training_only,BANJARBARU2,13,27.03076923076923,20.207692307692305,23.3351673916636
12,training_p90_high_events,climatology_training_only,BATAM2,23,20.61304347826087,17.378260869565217,14.858332326825538
12,training_p90_high_events,climatology_training_only,BENGKULU,39,31.756410256410255,35.51282051282051,24.440304083760157
12,training_p90_high_events,climatology_training_only,INDRAPURI2,20,18.1825,14.989999999999998,12.672239273972817
12,training_p90_high_events,climatology_training_only,JAMBI3,31,70.22096774193548,53.89032258064516,49.814714728996385
12,training_p90_high_events,climatology_training_only,JAMBI4,26,98.08461538461539,81.83076923076922,78.36243481552452
12,training_p90_high_events,climatology_training_only,KEMAYORAN3,11,28.736363636363635,23.618181818181814,31.102842342927225
12,training_p90_high_events,climatology_training_only,KOTABARU,12,17.083333333333336,17.225,13.676126613688178
12,training_p90_high_events,climatology_training_only,KOTOTABANG2,27,14.642592592592594,7.044444444444445,6.927152286729592
12,training_p90_high_events,climatology_training_only,MALANG,19,32.60263157894737,24.61578947368421,24.428549444078353
12,training_p90_high_events,climatology_training_only,MAROS,30,29.131666666666668,30.763333333333335,26.58857608470323
12,training_p90_high_events,climatology_training_only,MEDAN2,20,49.2275,67.18,49.11887021449822
12,training_p90_high_events,climatology_training_only,MLATI,44,31.47386363636364,29.96590909090909,25.791092566585757
12,training_p90_high_events,climatology_training_only,PALANGKARAYA2,43,62.44302325581397,42.1953488372093,38.488817378645294
12,training_p90_high_events,climatology_training_only,PALEMBANG3,26,59.92884615384615,55.0,52.05012445285128
12,training_p90_high_events,climatology_training_only,PALEMBANG4,23,65.41086956521738,58.49130434782607,32.94452582011122
12,training_p90_high_events,climatology_training_only,PALU,29,10.837931034482759,6.686206896551722,4.85991000861903
12,training_p90_high_events,climatology_training_only,PANGKALANBUN2,26,25.911538461538463,21.453846153846158,20.665596658563476
12,training_p90_high_events,climatology_training_only,PEKANBARU2,32,90.38593749999998,87.421875,75.18140163086726
12,training_p90_high_events,climatology_training_only,PESAWARAN,35,53.120000000000005,51.93428571428571,50.06522076244238
12,training_p90_high_events,climatology_training_only,PONTIANAK2,44,39.09659090909091,16.204545454545453,17.940694597381768
12,training_p90_high_events,climatology_training_only,SAMARINDA2,17,21.849999999999994,9.83529411764706,11.876178716524965
12,training_p90_high_events,climatology_training_only,SEMARANG,17,21.11764705882353,16.94705882352941,17.079866889866487
12,training_p90_high_events,climatology_training_only,SINTANG,25,42.91799999999999,12.18,19.234944861824086
12,training_p90_high_events,climatology_training_only,SORONG,46,22.975,14.771739130434785,14.39141408022115
12,training_p90_high_events,climatology_training_only,SUPADIO,57,83.39736842105262,48.194736842105264,52.542814111186516
12,training_p90_high_events,climatology_training_only,TANJUNGHARAPAN2,32,29.065624999999997,20.290625,14.738279453231755
12,training_p90_high_events,raw_cams,BANJARBARU2,13,24.513432234555562,20.207692307692305,23.3351673916636
12,training_p90_high_events,raw_cams,BATAM2,23,23.80016841704958,17.378260869565217,14.858332326825538
12,training_p90_high_events,raw_cams,BENGKULU,39,44.98472449753354,35.51282051282051,24.440304083760157
12,training_p90_high_events,raw_cams,INDRAPURI2,20,17.6347980537315,14.989999999999998,12.672239273972817
12,training_p90_high_events,raw_cams,JAMBI3,31,86.90025505275824,53.89032258064516,49.814714728996385
12,training_p90_high_events,raw_cams,JAMBI4,26,114.70795347408226,81.83076923076922,78.36243481552452
12,training_p90_high_events,raw_cams,KEMAYORAN3,11,12.49799108024933,23.618181818181814,31.102842342927225
12,training_p90_high_events,raw_cams,KOTABARU,12,15.59406074068797,17.225,13.676126613688178
12,training_p90_high_events,raw_cams,KOTOTABANG2,27,6.234229805365685,7.044444444444445,6.927152286729592
12,training_p90_high_events,raw_cams,MALANG,19,10.487148869091488,24.61578947368421,24.428549444078353
12,training_p90_high_events,raw_cams,MAROS,30,32.30680329034173,30.763333333333335,26.58857608470323
12,training_p90_high_events,raw_cams,MEDAN2,20,64.0229393867743,67.18,49.11887021449822
12,training_p90_high_events,raw_cams,MLATI,44,23.13787841767388,29.96590909090909,25.791092566585757
12,training_p90_high_events,raw_cams,PALANGKARAYA2,43,131.7131449644213,42.1953488372093,38.488817378645294
12,training_p90_high_events,raw_cams,PALEMBANG3,26,71.37035312499728,55.0,52.05012445285128
12,training_p90_high_events,raw_cams,PALEMBANG4,23,50.393343158748344,58.49130434782607,32.94452582011122
12,training_p90_high_events,raw_cams,PALU,29,10.436271868669659,6.686206896551722,4.85991000861903
12,training_p90_high_events,raw_cams,PANGKALANBUN2,26,24.817989773863733,21.453846153846158,20.665596658563476
12,training_p90_high_events,raw_cams,PEKANBARU2,32,98.35328493409364,87.421875,75.18140163086726
12,training_p90_high_events,raw_cams,PESAWARAN,35,65.06063737726556,51.93428571428571,50.06522076244238
12,training_p90_high_events,raw_cams,PONTIANAK2,44,24.46055123362771,16.204545454545453,17.940694597381768
12,training_p90_high_events,raw_cams,SAMARINDA2,17,18.204592117614073,9.83529411764706,11.876178716524965
12,training_p90_high_events,raw_cams,SEMARANG,17,12.295024003583215,16.94705882352941,17.079866889866487
12,training_p90_high_events,raw_cams,SINTANG,25,60.799067487551746,12.18,19.234944861824086
12,training_p90_high_events,raw_cams,SORONG,46,22.386758676053937,14.771739130434785,14.39141408022115
12,training_p90_high_events,raw_cams,SUPADIO,57,56.5051554098296,48.194736842105264,52.542814111186516
12,training_p90_high_events,raw_cams,TANJUNGHARAPAN2,32,17.345671830035187,20.290625,14.738279453231755
12,training_p90_high_events,frozen_deployment,BANJARBARU2,13,23.3351673916636,20.207692307692305,23.3351673916636
12,training_p90_high_events,frozen_deployment,BATAM2,23,14.858332326825538,17.378260869565217,14.858332326825538
12,training_p90_high_events,frozen_deployment,BENGKULU,39,24.440304083760157,35.51282051282051,24.440304083760157
12,training_p90_high_events,frozen_deployment,INDRAPURI2,20,12.672239273972817,14.989999999999998,12.672239273972817
12,training_p90_high_events,frozen_deployment,JAMBI3,31,49.814714728996385,53.89032258064516,49.814714728996385
12,training_p90_high_events,frozen_deployment,JAMBI4,26,78.36243481552452,81.83076923076922,78.36243481552452
12,training_p90_high_events,frozen_deployment,KEMAYORAN3,11,31.102842342927225,23.618181818181814,31.102842342927225
12,training_p90_high_events,frozen_deployment,KOTABARU,12,13.676126613688178,17.225,13.676126613688178
12,training_p90_high_events,frozen_deployment,KOTOTABANG2,27,6.927152286729592,7.044444444444445,6.927152286729592
12,training_p90_high_events,frozen_deployment,MALANG,19,24.428549444078353,24.61578947368421,24.428549444078353
12,training_p90_high_events,frozen_deployment,MAROS,30,26.58857608470323,30.763333333333335,26.58857608470323
12,training_p90_high_events,frozen_deployment,MEDAN2,20,49.11887021449822,67.18,49.11887021449822
12,training_p90_high_events,frozen_deployment,MLATI,44,25.791092566585757,29.96590909090909,25.791092566585757
12,training_p90_high_events,frozen_deployment,PALANGKARAYA2,43,38.488817378645294,42.1953488372093,38.488817378645294
12,training_p90_high_events,frozen_deployment,PALEMBANG3,26,52.05012445285128,55.0,52.05012445285128
12,training_p90_high_events,frozen_deployment,PALEMBANG4,23,32.94452582011122,58.49130434782607,32.94452582011122
12,training_p90_high_events,frozen_deployment,PALU,29,4.85991000861903,6.686206896551722,4.85991000861903
12,training_p90_high_events,frozen_deployment,PANGKALANBUN2,26,20.665596658563476,21.453846153846158,20.665596658563476
12,training_p90_high_events,frozen_deployment,PEKANBARU2,32,75.18140163086726,87.421875,75.18140163086726
12,training_p90_high_events,frozen_deployment,PESAWARAN,35,50.06522076244238,51.93428571428571,50.06522076244238
12,training_p90_high_events,frozen_deployment,PONTIANAK2,44,17.940694597381768,16.204545454545453,17.940694597381768
12,training_p90_high_events,frozen_deployment,SAMARINDA2,17,11.876178716524965,9.83529411764706,11.876178716524965
12,training_p90_high_events,frozen_deployment,SEMARANG,17,17.079866889866487,16.94705882352941,17.079866889866487
12,training_p90_high_events,frozen_deployment,SINTANG,25,19.234944861824086,12.18,19.234944861824086
12,training_p90_high_events,frozen_deployment,SORONG,46,14.39141408022115,14.771739130434785,14.39141408022115
12,training_p90_high_events,frozen_deployment,SUPADIO,57,52.542814111186516,48.194736842105264,52.542814111186516
12,training_p90_high_events,frozen_deployment,TANJUNGHARAPAN2,32,14.738279453231755,20.290625,14.738279453231755
12,training_p90_high_events,frozen_deployment_missing_met,BANJARBARU2,13,25.21867786868643,20.207692307692305,23.3351673916636
12,training_p90_high_events,frozen_deployment_missing_met,BATAM2,23,15.002724194332663,17.378260869565217,14.858332326825538
12,training_p90_high_events,frozen_deployment_missing_met,BENGKULU,39,25.889266711759575,35.51282051282051,24.440304083760157
12,training_p90_high_events,frozen_deployment_missing_met,INDRAPURI2,20,14.28390649210678,14.989999999999998,12.672239273972817
12,training_p90_high_events,frozen_deployment_missing_met,JAMBI3,31,56.245434612812595,53.89032258064516,49.814714728996385
12,training_p90_high_events,frozen_deployment_missing_met,JAMBI4,26,81.89053228811508,81.83076923076922,78.36243481552452
12,training_p90_high_events,frozen_deployment_missing_met,KEMAYORAN3,11,30.3241668979936,23.618181818181814,31.102842342927225
12,training_p90_high_events,frozen_deployment_missing_met,KOTABARU,12,14.656420313775604,17.225,13.676126613688178
12,training_p90_high_events,frozen_deployment_missing_met,KOTOTABANG2,27,7.032600330561542,7.044444444444445,6.927152286729592
12,training_p90_high_events,frozen_deployment_missing_met,MALANG,19,26.47408826665636,24.61578947368421,24.428549444078353
12,training_p90_high_events,frozen_deployment_missing_met,MAROS,30,28.25951378658931,30.763333333333335,26.58857608470323
12,training_p90_high_events,frozen_deployment_missing_met,MEDAN2,20,50.70870221007018,67.18,49.11887021449822
12,training_p90_high_events,frozen_deployment_missing_met,MLATI,44,27.724114526652272,29.96590909090909,25.791092566585757
12,training_p90_high_events,frozen_deployment_missing_met,PALANGKARAYA2,43,40.60980582942496,42.1953488372093,38.488817378645294
12,training_p90_high_events,frozen_deployment_missing_met,PALEMBANG3,26,53.830071826772155,55.0,52.05012445285128
12,training_p90_high_events,frozen_deployment_missing_met,PALEMBANG4,23,35.548653915665795,58.49130434782607,32.94452582011122
12,training_p90_high_events,frozen_deployment_missing_met,PALU,29,4.9843734578362495,6.686206896551722,4.85991000861903
12,training_p90_high_events,frozen_deployment_missing_met,PANGKALANBUN2,26,21.26438725345656,21.453846153846158,20.665596658563476
12,training_p90_high_events,frozen_deployment_missing_met,PEKANBARU2,32,79.42100806693605,87.421875,75.18140163086726
12,training_p90_high_events,frozen_deployment_missing_met,PESAWARAN,35,51.88009410795891,51.93428571428571,50.06522076244238
12,training_p90_high_events,frozen_deployment_missing_met,PONTIANAK2,44,17.67375165319461,16.204545454545453,17.940694597381768
12,training_p90_high_events,frozen_deployment_missing_met,SAMARINDA2,17,13.185150069352357,9.83529411764706,11.876178716524965
12,training_p90_high_events,frozen_deployment_missing_met,SEMARANG,17,18.38116907283499,16.94705882352941,17.079866889866487
12,training_p90_high_events,frozen_deployment_missing_met,SINTANG,25,19.67408788013875,12.18,19.234944861824086
12,training_p90_high_events,frozen_deployment_missing_met,SORONG,46,14.901660226605184,14.771739130434785,14.39141408022115
12,training_p90_high_events,frozen_deployment_missing_met,SUPADIO,57,54.04322002259111,48.194736842105264,52.542814111186516
12,training_p90_high_events,frozen_deployment_missing_met,TANJUNGHARAPAN2,32,15.667775681816888,20.290625,14.738279453231755
12,training_p90_high_events,all_features_00utc_expanding,BANJARBARU2,13,23.60799644766022,20.207692307692305,23.3351673916636
12,training_p90_high_events,all_features_00utc_expanding,BATAM2,23,14.586684894568055,17.378260869565217,14.858332326825538
12,training_p90_high_events,all_features_00utc_expanding,BENGKULU,39,24.981369232428964,35.51282051282051,24.440304083760157
12,training_p90_high_events,all_features_00utc_expanding,INDRAPURI2,20,12.63371101531759,14.989999999999998,12.672239273972817
12,training_p90_high_events,all_features_00utc_expanding,JAMBI3,31,52.32224547869344,53.89032258064516,49.814714728996385
12,training_p90_high_events,all_features_00utc_expanding,JAMBI4,26,79.81335320185316,81.83076923076922,78.36243481552452
12,training_p90_high_events,all_features_00utc_expanding,KEMAYORAN3,11,32.363547783860646,23.618181818181814,31.102842342927225
12,training_p90_high_events,all_features_00utc_expanding,KOTABARU,12,13.422641013664792,17.225,13.676126613688178
12,training_p90_high_events,all_features_00utc_expanding,KOTOTABANG2,27,7.000180625763759,7.044444444444445,6.927152286729592
12,training_p90_high_events,all_features_00utc_expanding,MALANG,19,25.223508179204956,24.61578947368421,24.428549444078353
12,training_p90_high_events,all_features_00utc_expanding,MAROS,30,27.499573998113895,30.763333333333335,26.58857608470323
12,training_p90_high_events,all_features_00utc_expanding,MEDAN2,20,51.180063202920614,67.18,49.11887021449822
12,training_p90_high_events,all_features_00utc_expanding,MLATI,44,27.24139490911955,29.96590909090909,25.791092566585757
12,training_p90_high_events,all_features_00utc_expanding,PALANGKARAYA2,43,37.28944730038062,42.1953488372093,38.488817378645294
12,training_p90_high_events,all_features_00utc_expanding,PALEMBANG3,26,52.64177152272472,55.0,52.05012445285128
12,training_p90_high_events,all_features_00utc_expanding,PALEMBANG4,23,32.28000296134104,58.49130434782607,32.94452582011122
12,training_p90_high_events,all_features_00utc_expanding,PALU,29,4.838660710260661,6.686206896551722,4.85991000861903
12,training_p90_high_events,all_features_00utc_expanding,PANGKALANBUN2,26,20.622919225932286,21.453846153846158,20.665596658563476
12,training_p90_high_events,all_features_00utc_expanding,PEKANBARU2,32,75.31877514611239,87.421875,75.18140163086726
12,training_p90_high_events,all_features_00utc_expanding,PESAWARAN,35,52.96349518681799,51.93428571428571,50.06522076244238
12,training_p90_high_events,all_features_00utc_expanding,PONTIANAK2,44,19.018900510839828,16.204545454545453,17.940694597381768
12,training_p90_high_events,all_features_00utc_expanding,SAMARINDA2,17,12.07552959526277,9.83529411764706,11.876178716524965
12,training_p90_high_events,all_features_00utc_expanding,SEMARANG,17,19.10857614119426,16.94705882352941,17.079866889866487
12,training_p90_high_events,all_features_00utc_expanding,SINTANG,25,19.357572745577396,12.18,19.234944861824086
12,training_p90_high_events,all_features_00utc_expanding,SORONG,46,14.276452203961949,14.771739130434785,14.39141408022115
12,training_p90_high_events,all_features_00utc_expanding,SUPADIO,57,53.02029759006646,48.194736842105264,52.542814111186516
12,training_p90_high_events,all_features_00utc_expanding,TANJUNGHARAPAN2,32,13.97061764581829,20.290625,14.738279453231755
12,training_p90_high_events,all_features_00utc_missing_met,BANJARBARU2,13,25.490030081648147,20.207692307692305,23.3351673916636
12,training_p90_high_events,all_features_00utc_missing_met,BATAM2,23,13.813653651271853,17.378260869565217,14.858332326825538
12,training_p90_high_events,all_features_00utc_missing_met,BENGKULU,39,24.76108449062618,35.51282051282051,24.440304083760157
12,training_p90_high_events,all_features_00utc_missing_met,INDRAPURI2,20,13.733602732152908,14.989999999999998,12.672239273972817
12,training_p90_high_events,all_features_00utc_missing_met,JAMBI3,31,56.91379025159383,53.89032258064516,49.814714728996385
12,training_p90_high_events,all_features_00utc_missing_met,JAMBI4,26,82.6715971128233,81.83076923076922,78.36243481552452
12,training_p90_high_events,all_features_00utc_missing_met,KEMAYORAN3,11,31.04117320014672,23.618181818181814,31.102842342927225
12,training_p90_high_events,all_features_00utc_missing_met,KOTABARU,12,14.621798618541243,17.225,13.676126613688178
12,training_p90_high_events,all_features_00utc_missing_met,KOTOTABANG2,27,7.084341279502076,7.044444444444445,6.927152286729592
12,training_p90_high_events,all_features_00utc_missing_met,MALANG,19,26.141385869463097,24.61578947368421,24.428549444078353
12,training_p90_high_events,all_features_00utc_missing_met,MAROS,30,28.62646468525261,30.763333333333335,26.58857608470323
12,training_p90_high_events,all_features_00utc_missing_met,MEDAN2,20,51.64883871739089,67.18,49.11887021449822
12,training_p90_high_events,all_features_00utc_missing_met,MLATI,44,28.268833754016438,29.96590909090909,25.791092566585757
12,training_p90_high_events,all_features_00utc_missing_met,PALANGKARAYA2,43,41.26283466950369,42.1953488372093,38.488817378645294
12,training_p90_high_events,all_features_00utc_missing_met,PALEMBANG3,26,54.357650234708444,55.0,52.05012445285128
12,training_p90_high_events,all_features_00utc_missing_met,PALEMBANG4,23,35.50450744756413,58.49130434782607,32.94452582011122
12,training_p90_high_events,all_features_00utc_missing_met,PALU,29,4.918112950709769,6.686206896551722,4.85991000861903
12,training_p90_high_events,all_features_00utc_missing_met,PANGKALANBUN2,26,21.302265810782597,21.453846153846158,20.665596658563476
12,training_p90_high_events,all_features_00utc_missing_met,PEKANBARU2,32,79.76820771130858,87.421875,75.18140163086726
12,training_p90_high_events,all_features_00utc_missing_met,PESAWARAN,35,54.16407558532267,51.93428571428571,50.06522076244238
12,training_p90_high_events,all_features_00utc_missing_met,PONTIANAK2,44,18.83190808156967,16.204545454545453,17.940694597381768
12,training_p90_high_events,all_features_00utc_missing_met,SAMARINDA2,17,12.751673671583214,9.83529411764706,11.876178716524965
12,training_p90_high_events,all_features_00utc_missing_met,SEMARANG,17,19.24823627463013,16.94705882352941,17.079866889866487
12,training_p90_high_events,all_features_00utc_missing_met,SINTANG,25,20.457453585365855,12.18,19.234944861824086
12,training_p90_high_events,all_features_00utc_missing_met,SORONG,46,14.88328843501227,14.771739130434785,14.39141408022115
12,training_p90_high_events,all_features_00utc_missing_met,SUPADIO,57,56.912801207124645,48.194736842105264,52.542814111186516
12,training_p90_high_events,all_features_00utc_missing_met,TANJUNGHARAPAN2,32,15.31357424404072,20.290625,14.738279453231755
12,training_p90_high_events,no_met_00utc_expanding,BANJARBARU2,13,24.66863223508432,20.207692307692305,23.3351673916636
12,training_p90_high_events,no_met_00utc_expanding,BATAM2,23,14.367244663122381,17.378260869565217,14.858332326825538
12,training_p90_high_events,no_met_00utc_expanding,BENGKULU,39,23.664884682837556,35.51282051282051,24.440304083760157
12,training_p90_high_events,no_met_00utc_expanding,INDRAPURI2,20,12.645077444920354,14.989999999999998,12.672239273972817
12,training_p90_high_events,no_met_00utc_expanding,JAMBI3,31,49.68972256121514,53.89032258064516,49.814714728996385
12,training_p90_high_events,no_met_00utc_expanding,JAMBI4,26,72.81998036991337,81.83076923076922,78.36243481552452
12,training_p90_high_events,no_met_00utc_expanding,KEMAYORAN3,11,30.415188680451287,23.618181818181814,31.102842342927225
12,training_p90_high_events,no_met_00utc_expanding,KOTABARU,12,13.527629831850716,17.225,13.676126613688178
12,training_p90_high_events,no_met_00utc_expanding,KOTOTABANG2,27,7.0606248338170206,7.044444444444445,6.927152286729592
12,training_p90_high_events,no_met_00utc_expanding,MALANG,19,24.184882349050127,24.61578947368421,24.428549444078353
12,training_p90_high_events,no_met_00utc_expanding,MAROS,30,27.029599372277268,30.763333333333335,26.58857608470323
12,training_p90_high_events,no_met_00utc_expanding,MEDAN2,20,48.79625830951787,67.18,49.11887021449822
12,training_p90_high_events,no_met_00utc_expanding,MLATI,44,26.277991987028702,29.96590909090909,25.791092566585757
12,training_p90_high_events,no_met_00utc_expanding,PALANGKARAYA2,43,38.73053260365001,42.1953488372093,38.488817378645294
12,training_p90_high_events,no_met_00utc_expanding,PALEMBANG3,26,51.158272230694585,55.0,52.05012445285128
12,training_p90_high_events,no_met_00utc_expanding,PALEMBANG4,23,31.23144635266801,58.49130434782607,32.94452582011122
12,training_p90_high_events,no_met_00utc_expanding,PALU,29,4.8148259021516235,6.686206896551722,4.85991000861903
12,training_p90_high_events,no_met_00utc_expanding,PANGKALANBUN2,26,20.638738567038047,21.453846153846158,20.665596658563476
12,training_p90_high_events,no_met_00utc_expanding,PEKANBARU2,32,74.67530152908832,87.421875,75.18140163086726
12,training_p90_high_events,no_met_00utc_expanding,PESAWARAN,35,49.124170772518454,51.93428571428571,50.06522076244238
12,training_p90_high_events,no_met_00utc_expanding,PONTIANAK2,44,18.448423417530957,16.204545454545453,17.940694597381768
12,training_p90_high_events,no_met_00utc_expanding,SAMARINDA2,17,13.144304314879067,9.83529411764706,11.876178716524965
12,training_p90_high_events,no_met_00utc_expanding,SEMARANG,17,17.508113895442563,16.94705882352941,17.079866889866487
12,training_p90_high_events,no_met_00utc_expanding,SINTANG,25,19.61690982876986,12.18,19.234944861824086
12,training_p90_high_events,no_met_00utc_expanding,SORONG,46,14.627244826909319,14.771739130434785,14.39141408022115
12,training_p90_high_events,no_met_00utc_expanding,SUPADIO,57,48.64855505777683,48.194736842105264,52.542814111186516
12,training_p90_high_events,no_met_00utc_expanding,TANJUNGHARAPAN2,32,14.762280189943908,20.290625,14.738279453231755
12,training_p90_high_events,no_met_10utc_expanding,BANJARBARU2,13,23.283983407214123,20.207692307692305,23.3351673916636
12,training_p90_high_events,no_met_10utc_expanding,BATAM2,23,13.550985217897493,17.378260869565217,14.858332326825538
12,training_p90_high_events,no_met_10utc_expanding,BENGKULU,39,24.611856283975403,35.51282051282051,24.440304083760157
12,training_p90_high_events,no_met_10utc_expanding,INDRAPURI2,20,10.822242194968137,14.989999999999998,12.672239273972817
12,training_p90_high_events,no_met_10utc_expanding,JAMBI3,31,42.92924469647935,53.89032258064516,49.814714728996385
12,training_p90_high_events,no_met_10utc_expanding,JAMBI4,26,73.98365212928339,81.83076923076922,78.36243481552452
12,training_p90_high_events,no_met_10utc_expanding,KEMAYORAN3,11,25.265200098010244,23.618181818181814,31.102842342927225
12,training_p90_high_events,no_met_10utc_expanding,KOTABARU,12,13.642961547889994,17.225,13.676126613688178
12,training_p90_high_events,no_met_10utc_expanding,KOTOTABANG2,27,5.210075037821598,7.044444444444445,6.927152286729592
12,training_p90_high_events,no_met_10utc_expanding,MALANG,19,20.938712680031053,24.61578947368421,24.428549444078353
12,training_p90_high_events,no_met_10utc_expanding,MAROS,30,26.97501879295872,30.763333333333335,26.58857608470323
12,training_p90_high_events,no_met_10utc_expanding,MEDAN2,20,47.40658002870329,67.18,49.11887021449822
12,training_p90_high_events,no_met_10utc_expanding,MLATI,44,25.227486254530262,29.96590909090909,25.791092566585757
12,training_p90_high_events,no_met_10utc_expanding,PALANGKARAYA2,43,41.28968116375273,42.1953488372093,38.488817378645294
12,training_p90_high_events,no_met_10utc_expanding,PALEMBANG3,26,47.93437064181679,55.0,52.05012445285128
12,training_p90_high_events,no_met_10utc_expanding,PALEMBANG4,23,29.318083019140975,58.49130434782607,32.94452582011122
12,training_p90_high_events,no_met_10utc_expanding,PALU,29,4.78653189211189,6.686206896551722,4.85991000861903
12,training_p90_high_events,no_met_10utc_expanding,PANGKALANBUN2,26,19.761512706329768,21.453846153846158,20.665596658563476
12,training_p90_high_events,no_met_10utc_expanding,PEKANBARU2,32,68.49416985029269,87.421875,75.18140163086726
12,training_p90_high_events,no_met_10utc_expanding,PESAWARAN,35,44.95153805241266,51.93428571428571,50.06522076244238
12,training_p90_high_events,no_met_10utc_expanding,PONTIANAK2,44,14.00618213957397,16.204545454545453,17.940694597381768
12,training_p90_high_events,no_met_10utc_expanding,SAMARINDA2,17,10.311950040748625,9.83529411764706,11.876178716524965
12,training_p90_high_events,no_met_10utc_expanding,SEMARANG,17,15.596531249921103,16.94705882352941,17.079866889866487
12,training_p90_high_events,no_met_10utc_expanding,SINTANG,25,17.55973960499109,12.18,19.234944861824086
12,training_p90_high_events,no_met_10utc_expanding,SORONG,46,11.460499312449365,14.771739130434785,14.39141408022115
12,training_p90_high_events,no_met_10utc_expanding,SUPADIO,57,43.93746153911654,48.194736842105264,52.542814111186516
12,training_p90_high_events,no_met_10utc_expanding,TANJUNGHARAPAN2,32,14.199676283073394,20.290625,14.738279453231755
24,all_common_cases,persistence_10utc,BANJARBARU2,238,22.339075630252104,22.339075630252104,16.510560593650563
24,all_common_cases,persistence_10utc,BATAM2,224,6.0562499999999995,6.0562499999999995,5.384258509721024
24,all_common_cases,persistence_10utc,BENGKULU,202,24.06188118811881,24.06188118811881,18.06246309812224
24,all_common_cases,persistence_10utc,INDRAPURI2,211,4.133175355450237,4.133175355450237,3.137840818604084
24,all_common_cases,persistence_10utc,JAMBI3,233,13.821030042918453,13.821030042918453,10.379885807514624
24,all_common_cases,persistence_10utc,JAMBI4,213,13.748826291079812,13.748826291079812,9.928837759963953
24,all_common_cases,persistence_10utc,KEMAYORAN3,237,20.487763713080167,20.487763713080167,12.427493534266386
24,all_common_cases,persistence_10utc,KOTABARU,206,5.804854368932038,5.804854368932038,4.309931568131165
24,all_common_cases,persistence_10utc,KOTOTABANG2,182,5.079120879120879,5.079120879120879,4.477954821295351
24,all_common_cases,persistence_10utc,MALANG,222,11.681081081081084,11.681081081081084,8.621676632096793
24,all_common_cases,persistence_10utc,MAROS,234,8.561965811965813,8.561965811965813,5.2448768002322765
24,all_common_cases,persistence_10utc,MEDAN2,231,19.766233766233768,19.766233766233768,14.58483393632824
24,all_common_cases,persistence_10utc,MLATI,236,24.969915254237286,24.969915254237286,12.345609700576738
24,all_common_cases,persistence_10utc,PALANGKARAYA2,203,11.215270935960591,11.215270935960591,9.030000735076543
24,all_common_cases,persistence_10utc,PALEMBANG3,220,17.16090909090909,17.16090909090909,13.180100730530153
24,all_common_cases,persistence_10utc,PALEMBANG4,235,18.985531914893617,18.985531914893617,12.122281282500175
24,all_common_cases,persistence_10utc,PALU,72,4.2666666666666675,4.2666666666666675,3.554427028654482
24,all_common_cases,persistence_10utc,PANGKALANBUN2,207,11.128019323671497,11.128019323671497,8.968733096172375
24,all_common_cases,persistence_10utc,PEKANBARU2,224,15.491071428571429,15.491071428571429,13.315854965263952
24,all_common_cases,persistence_10utc,PESAWARAN,212,14.536792452830188,14.536792452830188,12.691475514057801
24,all_common_cases,persistence_10utc,PONTIANAK2,203,29.040886699507393,29.040886699507393,24.410875319791558
24,all_common_cases,persistence_10utc,SAMARINDA2,205,5.03170731707317,5.03170731707317,3.7932592804166623
24,all_common_cases,persistence_10utc,SEMARANG,232,14.174137931034483,14.174137931034483,9.817127786660514
24,all_common_cases,persistence_10utc,SINTANG,153,18.183660130718955,18.183660130718955,17.761041003714947
24,all_common_cases,persistence_10utc,SORONG,219,6.658447488584475,6.658447488584475,3.027593866463238
24,all_common_cases,persistence_10utc,SUPADIO,233,35.99527896995708,35.99527896995708,33.48865752518114
24,all_common_cases,persistence_10utc,TANJUNGHARAPAN2,188,5.838297872340426,5.838297872340426,3.821986833290086
24,all_common_cases,persistence_00utc,BANJARBARU2,238,19.589915966386553,22.339075630252104,16.510560593650563
24,all_common_cases,persistence_00utc,BATAM2,224,7.453571428571429,6.0562499999999995,5.384258509721024
24,all_common_cases,persistence_00utc,BENGKULU,202,24.222772277227723,24.06188118811881,18.06246309812224
24,all_common_cases,persistence_00utc,INDRAPURI2,211,3.354028436018957,4.133175355450237,3.137840818604084
24,all_common_cases,persistence_00utc,JAMBI3,233,13.915450643776826,13.821030042918453,10.379885807514624
24,all_common_cases,persistence_00utc,JAMBI4,213,12.864319248826293,13.748826291079812,9.928837759963953
24,all_common_cases,persistence_00utc,KEMAYORAN3,237,16.30084388185654,20.487763713080167,12.427493534266386
24,all_common_cases,persistence_00utc,KOTABARU,206,6.166019417475728,5.804854368932038,4.309931568131165
24,all_common_cases,persistence_00utc,KOTOTABANG2,182,4.637912087912087,5.079120879120879,4.477954821295351
24,all_common_cases,persistence_00utc,MALANG,222,9.936486486486487,11.681081081081084,8.621676632096793
24,all_common_cases,persistence_00utc,MAROS,234,6.4111111111111105,8.561965811965813,5.2448768002322765
24,all_common_cases,persistence_00utc,MEDAN2,231,18.990043290043293,19.766233766233768,14.58483393632824
24,all_common_cases,persistence_00utc,MLATI,236,15.239406779661016,24.969915254237286,12.345609700576738
24,all_common_cases,persistence_00utc,PALANGKARAYA2,203,11.654679802955668,11.215270935960591,9.030000735076543
24,all_common_cases,persistence_00utc,PALEMBANG3,220,16.26772727272727,17.16090909090909,13.180100730530153
24,all_common_cases,persistence_00utc,PALEMBANG4,235,15.614468085106381,18.985531914893617,12.122281282500175
24,all_common_cases,persistence_00utc,PALU,72,4.5055555555555555,4.2666666666666675,3.554427028654482
24,all_common_cases,persistence_00utc,PANGKALANBUN2,207,10.429951690821255,11.128019323671497,8.968733096172375
24,all_common_cases,persistence_00utc,PEKANBARU2,224,17.425,15.491071428571429,13.315854965263952
24,all_common_cases,persistence_00utc,PESAWARAN,212,15.660377358490562,14.536792452830188,12.691475514057801
24,all_common_cases,persistence_00utc,PONTIANAK2,203,30.47684729064039,29.040886699507393,24.410875319791558
24,all_common_cases,persistence_00utc,SAMARINDA2,205,4.800487804878049,5.03170731707317,3.7932592804166623
24,all_common_cases,persistence_00utc,SEMARANG,232,12.267672413793104,14.174137931034483,9.817127786660514
24,all_common_cases,persistence_00utc,SINTANG,153,22.449019607843137,18.183660130718955,17.761041003714947
24,all_common_cases,persistence_00utc,SORONG,219,3.8310502283105023,6.658447488584475,3.027593866463238
24,all_common_cases,persistence_00utc,SUPADIO,233,29.3206008583691,35.99527896995708,33.48865752518114
24,all_common_cases,persistence_00utc,TANJUNGHARAPAN2,188,4.659042553191489,5.838297872340426,3.821986833290086
24,all_common_cases,climatology_training_only,BANJARBARU2,238,18.806512605042016,22.339075630252104,16.510560593650563
24,all_common_cases,climatology_training_only,BATAM2,224,5.618080357142858,6.0562499999999995,5.384258509721024
24,all_common_cases,climatology_training_only,BENGKULU,202,19.341831683168312,24.06188118811881,18.06246309812224
24,all_common_cases,climatology_training_only,INDRAPURI2,211,4.165876777251185,4.133175355450237,3.137840818604084
24,all_common_cases,climatology_training_only,JAMBI3,233,12.5774678111588,13.821030042918453,10.379885807514624
24,all_common_cases,climatology_training_only,JAMBI4,213,11.019953051643192,13.748826291079812,9.928837759963953
24,all_common_cases,climatology_training_only,KEMAYORAN3,237,15.204219409282699,20.487763713080167,12.427493534266386
24,all_common_cases,climatology_training_only,KOTABARU,206,5.6669902912621355,5.804854368932038,4.309931568131165
24,all_common_cases,climatology_training_only,KOTOTABANG2,182,4.632417582417583,5.079120879120879,4.477954821295351
24,all_common_cases,climatology_training_only,MALANG,222,9.933108108108106,11.681081081081084,8.621676632096793
24,all_common_cases,climatology_training_only,MAROS,234,7.001495726495727,8.561965811965813,5.2448768002322765
24,all_common_cases,climatology_training_only,MEDAN2,231,15.553030303030303,19.766233766233768,14.58483393632824
24,all_common_cases,climatology_training_only,MLATI,236,13.550423728813557,24.969915254237286,12.345609700576738
24,all_common_cases,climatology_training_only,PALANGKARAYA2,203,11.968226600985222,11.215270935960591,9.030000735076543
24,all_common_cases,climatology_training_only,PALEMBANG3,220,16.03931818181818,17.16090909090909,13.180100730530153
24,all_common_cases,climatology_training_only,PALEMBANG4,235,15.941489361702125,18.985531914893617,12.122281282500175
24,all_common_cases,climatology_training_only,PALU,72,5.333333333333333,4.2666666666666675,3.554427028654482
24,all_common_cases,climatology_training_only,PANGKALANBUN2,207,11.379710144927536,11.128019323671497,8.968733096172375
24,all_common_cases,climatology_training_only,PEKANBARU2,224,14.578571428571427,15.491071428571429,13.315854965263952
24,all_common_cases,climatology_training_only,PESAWARAN,212,14.818160377358494,14.536792452830188,12.691475514057801
24,all_common_cases,climatology_training_only,PONTIANAK2,203,34.62980295566503,29.040886699507393,24.410875319791558
24,all_common_cases,climatology_training_only,SAMARINDA2,205,4.939268292682927,5.03170731707317,3.7932592804166623
24,all_common_cases,climatology_training_only,SEMARANG,232,10.397413793103448,14.174137931034483,9.817127786660514
24,all_common_cases,climatology_training_only,SINTANG,153,26.19281045751634,18.183660130718955,17.761041003714947
24,all_common_cases,climatology_training_only,SORONG,219,5.0175799086758,6.658447488584475,3.027593866463238
24,all_common_cases,climatology_training_only,SUPADIO,233,49.281545064377674,35.99527896995708,33.48865752518114
24,all_common_cases,climatology_training_only,TANJUNGHARAPAN2,188,6.252127659574468,5.838297872340426,3.821986833290086
24,all_common_cases,raw_cams,BANJARBARU2,238,21.71523087143382,22.339075630252104,16.510560593650563
24,all_common_cases,raw_cams,BATAM2,224,11.632524202881756,6.0562499999999995,5.384258509721024
24,all_common_cases,raw_cams,BENGKULU,202,24.111059884925165,24.06188118811881,18.06246309812224
24,all_common_cases,raw_cams,INDRAPURI2,211,8.371575335692027,4.133175355450237,3.137840818604084
24,all_common_cases,raw_cams,JAMBI3,233,18.650225705350188,13.821030042918453,10.379885807514624
24,all_common_cases,raw_cams,JAMBI4,213,15.616514473547978,13.748826291079812,9.928837759963953
24,all_common_cases,raw_cams,KEMAYORAN3,237,40.967120343099666,20.487763713080167,12.427493534266386
24,all_common_cases,raw_cams,KOTABARU,206,5.912387516604491,5.804854368932038,4.309931568131165
24,all_common_cases,raw_cams,KOTOTABANG2,182,16.497427485665877,5.079120879120879,4.477954821295351
24,all_common_cases,raw_cams,MALANG,222,26.842199958483203,11.681081081081084,8.621676632096793
24,all_common_cases,raw_cams,MAROS,234,11.159387544914544,8.561965811965813,5.2448768002322765
24,all_common_cases,raw_cams,MEDAN2,231,15.6803828999835,19.766233766233768,14.58483393632824
24,all_common_cases,raw_cams,MLATI,236,31.912322280900693,24.969915254237286,12.345609700576738
24,all_common_cases,raw_cams,PALANGKARAYA2,203,10.55362241602902,11.215270935960591,9.030000735076543
24,all_common_cases,raw_cams,PALEMBANG3,220,22.39454080935947,17.16090909090909,13.180100730530153
24,all_common_cases,raw_cams,PALEMBANG4,235,23.6861968871017,18.985531914893617,12.122281282500175
24,all_common_cases,raw_cams,PALU,72,8.769759848077886,4.2666666666666675,3.554427028654482
24,all_common_cases,raw_cams,PANGKALANBUN2,207,10.099008486402397,11.128019323671497,8.968733096172375
24,all_common_cases,raw_cams,PEKANBARU2,224,15.904149166142245,15.491071428571429,13.315854965263952
24,all_common_cases,raw_cams,PESAWARAN,212,19.011209042890666,14.536792452830188,12.691475514057801
24,all_common_cases,raw_cams,PONTIANAK2,203,28.69431702537417,29.040886699507393,24.410875319791558
24,all_common_cases,raw_cams,SAMARINDA2,205,5.326325743168708,5.03170731707317,3.7932592804166623
24,all_common_cases,raw_cams,SEMARANG,232,16.87771549079722,14.174137931034483,9.817127786660514
24,all_common_cases,raw_cams,SINTANG,153,16.333888980258592,18.183660130718955,17.761041003714947
24,all_common_cases,raw_cams,SORONG,219,4.359829960281286,6.658447488584475,3.027593866463238
24,all_common_cases,raw_cams,SUPADIO,233,37.22372337535766,35.99527896995708,33.48865752518114
24,all_common_cases,raw_cams,TANJUNGHARAPAN2,188,5.352030237570535,5.838297872340426,3.821986833290086
24,all_common_cases,frozen_deployment,BANJARBARU2,238,16.510560593650563,22.339075630252104,16.510560593650563
24,all_common_cases,frozen_deployment,BATAM2,224,5.384258509721024,6.0562499999999995,5.384258509721024
24,all_common_cases,frozen_deployment,BENGKULU,202,18.06246309812224,24.06188118811881,18.06246309812224
24,all_common_cases,frozen_deployment,INDRAPURI2,211,3.137840818604084,4.133175355450237,3.137840818604084
24,all_common_cases,frozen_deployment,JAMBI3,233,10.379885807514624,13.821030042918453,10.379885807514624
24,all_common_cases,frozen_deployment,JAMBI4,213,9.928837759963953,13.748826291079812,9.928837759963953
24,all_common_cases,frozen_deployment,KEMAYORAN3,237,12.427493534266386,20.487763713080167,12.427493534266386
24,all_common_cases,frozen_deployment,KOTABARU,206,4.309931568131165,5.804854368932038,4.309931568131165
24,all_common_cases,frozen_deployment,KOTOTABANG2,182,4.477954821295351,5.079120879120879,4.477954821295351
24,all_common_cases,frozen_deployment,MALANG,222,8.621676632096793,11.681081081081084,8.621676632096793
24,all_common_cases,frozen_deployment,MAROS,234,5.2448768002322765,8.561965811965813,5.2448768002322765
24,all_common_cases,frozen_deployment,MEDAN2,231,14.58483393632824,19.766233766233768,14.58483393632824
24,all_common_cases,frozen_deployment,MLATI,236,12.345609700576738,24.969915254237286,12.345609700576738
24,all_common_cases,frozen_deployment,PALANGKARAYA2,203,9.030000735076543,11.215270935960591,9.030000735076543
24,all_common_cases,frozen_deployment,PALEMBANG3,220,13.180100730530153,17.16090909090909,13.180100730530153
24,all_common_cases,frozen_deployment,PALEMBANG4,235,12.122281282500175,18.985531914893617,12.122281282500175
24,all_common_cases,frozen_deployment,PALU,72,3.554427028654482,4.2666666666666675,3.554427028654482
24,all_common_cases,frozen_deployment,PANGKALANBUN2,207,8.968733096172375,11.128019323671497,8.968733096172375
24,all_common_cases,frozen_deployment,PEKANBARU2,224,13.315854965263952,15.491071428571429,13.315854965263952
24,all_common_cases,frozen_deployment,PESAWARAN,212,12.691475514057801,14.536792452830188,12.691475514057801
24,all_common_cases,frozen_deployment,PONTIANAK2,203,24.410875319791558,29.040886699507393,24.410875319791558
24,all_common_cases,frozen_deployment,SAMARINDA2,205,3.7932592804166623,5.03170731707317,3.7932592804166623
24,all_common_cases,frozen_deployment,SEMARANG,232,9.817127786660514,14.174137931034483,9.817127786660514
24,all_common_cases,frozen_deployment,SINTANG,153,17.761041003714947,18.183660130718955,17.761041003714947
24,all_common_cases,frozen_deployment,SORONG,219,3.027593866463238,6.658447488584475,3.027593866463238
24,all_common_cases,frozen_deployment,SUPADIO,233,33.48865752518114,35.99527896995708,33.48865752518114
24,all_common_cases,frozen_deployment,TANJUNGHARAPAN2,188,3.821986833290086,5.838297872340426,3.821986833290086
24,all_common_cases,frozen_deployment_missing_met,BANJARBARU2,238,16.503517009873327,22.339075630252104,16.510560593650563
24,all_common_cases,frozen_deployment_missing_met,BATAM2,224,5.3752542287921,6.0562499999999995,5.384258509721024
24,all_common_cases,frozen_deployment_missing_met,BENGKULU,202,18.195016193390973,24.06188118811881,18.06246309812224
24,all_common_cases,frozen_deployment_missing_met,INDRAPURI2,211,3.1272764156527604,4.133175355450237,3.137840818604084
24,all_common_cases,frozen_deployment_missing_met,JAMBI3,233,10.476970522756055,13.821030042918453,10.379885807514624
24,all_common_cases,frozen_deployment_missing_met,JAMBI4,213,9.967470768144599,13.748826291079812,9.928837759963953
24,all_common_cases,frozen_deployment_missing_met,KEMAYORAN3,237,12.426574245996534,20.487763713080167,12.427493534266386
24,all_common_cases,frozen_deployment_missing_met,KOTABARU,206,4.360447408630215,5.804854368932038,4.309931568131165
24,all_common_cases,frozen_deployment_missing_met,KOTOTABANG2,182,4.619215449047441,5.079120879120879,4.477954821295351
24,all_common_cases,frozen_deployment_missing_met,MALANG,222,8.784119205725379,11.681081081081084,8.621676632096793
24,all_common_cases,frozen_deployment_missing_met,MAROS,234,5.565576132082882,8.561965811965813,5.2448768002322765
24,all_common_cases,frozen_deployment_missing_met,MEDAN2,231,14.592567015775888,19.766233766233768,14.58483393632824
24,all_common_cases,frozen_deployment_missing_met,MLATI,236,12.549576358002648,24.969915254237286,12.345609700576738
24,all_common_cases,frozen_deployment_missing_met,PALANGKARAYA2,203,9.103099309027543,11.215270935960591,9.030000735076543
24,all_common_cases,frozen_deployment_missing_met,PALEMBANG3,220,13.597315915943753,17.16090909090909,13.180100730530153
24,all_common_cases,frozen_deployment_missing_met,PALEMBANG4,235,12.336418031247748,18.985531914893617,12.122281282500175
24,all_common_cases,frozen_deployment_missing_met,PALU,72,3.6047042830421265,4.2666666666666675,3.554427028654482
24,all_common_cases,frozen_deployment_missing_met,PANGKALANBUN2,207,8.949253494235384,11.128019323671497,8.968733096172375
24,all_common_cases,frozen_deployment_missing_met,PEKANBARU2,224,13.38283310796238,15.491071428571429,13.315854965263952
24,all_common_cases,frozen_deployment_missing_met,PESAWARAN,212,12.991768104041537,14.536792452830188,12.691475514057801
24,all_common_cases,frozen_deployment_missing_met,PONTIANAK2,203,24.113694139941142,29.040886699507393,24.410875319791558
24,all_common_cases,frozen_deployment_missing_met,SAMARINDA2,205,3.832123615796283,5.03170731707317,3.7932592804166623
24,all_common_cases,frozen_deployment_missing_met,SEMARANG,232,9.99006703894132,14.174137931034483,9.817127786660514
24,all_common_cases,frozen_deployment_missing_met,SINTANG,153,17.88387836837544,18.183660130718955,17.761041003714947
24,all_common_cases,frozen_deployment_missing_met,SORONG,219,3.0838076527785208,6.658447488584475,3.027593866463238
24,all_common_cases,frozen_deployment_missing_met,SUPADIO,233,32.81919430647942,35.99527896995708,33.48865752518114
24,all_common_cases,frozen_deployment_missing_met,TANJUNGHARAPAN2,188,3.8515650101281027,5.838297872340426,3.821986833290086
24,all_common_cases,all_features_00utc_expanding,BANJARBARU2,238,16.960276889678497,22.339075630252104,16.510560593650563
24,all_common_cases,all_features_00utc_expanding,BATAM2,224,5.425064890217742,6.0562499999999995,5.384258509721024
24,all_common_cases,all_features_00utc_expanding,BENGKULU,202,17.752791375865513,24.06188118811881,18.06246309812224
24,all_common_cases,all_features_00utc_expanding,INDRAPURI2,211,3.121102482298498,4.133175355450237,3.137840818604084
24,all_common_cases,all_features_00utc_expanding,JAMBI3,233,10.669637306837005,13.821030042918453,10.379885807514624
24,all_common_cases,all_features_00utc_expanding,JAMBI4,213,10.026356612235274,13.748826291079812,9.928837759963953
24,all_common_cases,all_features_00utc_expanding,KEMAYORAN3,237,12.554174624321957,20.487763713080167,12.427493534266386
24,all_common_cases,all_features_00utc_expanding,KOTABARU,206,4.192587052963689,5.804854368932038,4.309931568131165
24,all_common_cases,all_features_00utc_expanding,KOTOTABANG2,182,4.326357090973977,5.079120879120879,4.477954821295351
24,all_common_cases,all_features_00utc_expanding,MALANG,222,8.54462770234793,11.681081081081084,8.621676632096793
24,all_common_cases,all_features_00utc_expanding,MAROS,234,5.195744471768524,8.561965811965813,5.2448768002322765
24,all_common_cases,all_features_00utc_expanding,MEDAN2,231,14.600364199932962,19.766233766233768,14.58483393632824
24,all_common_cases,all_features_00utc_expanding,MLATI,236,12.243050382714763,24.969915254237286,12.345609700576738
24,all_common_cases,all_features_00utc_expanding,PALANGKARAYA2,203,8.921220504102623,11.215270935960591,9.030000735076543
24,all_common_cases,all_features_00utc_expanding,PALEMBANG3,220,13.371182094572143,17.16090909090909,13.180100730530153
24,all_common_cases,all_features_00utc_expanding,PALEMBANG4,235,12.315641307463215,18.985531914893617,12.122281282500175
24,all_common_cases,all_features_00utc_expanding,PALU,72,3.6491132024689676,4.2666666666666675,3.554427028654482
24,all_common_cases,all_features_00utc_expanding,PANGKALANBUN2,207,8.992268596881942,11.128019323671497,8.968733096172375
24,all_common_cases,all_features_00utc_expanding,PEKANBARU2,224,13.719562987405869,15.491071428571429,13.315854965263952
24,all_common_cases,all_features_00utc_expanding,PESAWARAN,212,12.45623952471555,14.536792452830188,12.691475514057801
24,all_common_cases,all_features_00utc_expanding,PONTIANAK2,203,23.951864124657853,29.040886699507393,24.410875319791558
24,all_common_cases,all_features_00utc_expanding,SAMARINDA2,205,3.7694830610633856,5.03170731707317,3.7932592804166623
24,all_common_cases,all_features_00utc_expanding,SEMARANG,232,9.824795208484703,14.174137931034483,9.817127786660514
24,all_common_cases,all_features_00utc_expanding,SINTANG,153,16.16241941876239,18.183660130718955,17.761041003714947
24,all_common_cases,all_features_00utc_expanding,SORONG,219,3.0062257333411773,6.658447488584475,3.027593866463238
24,all_common_cases,all_features_00utc_expanding,SUPADIO,233,29.78915411080249,35.99527896995708,33.48865752518114
24,all_common_cases,all_features_00utc_expanding,TANJUNGHARAPAN2,188,3.666494657841982,5.838297872340426,3.821986833290086
24,all_common_cases,all_features_00utc_missing_met,BANJARBARU2,238,16.80906669004674,22.339075630252104,16.510560593650563
24,all_common_cases,all_features_00utc_missing_met,BATAM2,224,5.489163713275086,6.0562499999999995,5.384258509721024
24,all_common_cases,all_features_00utc_missing_met,BENGKULU,202,17.946510876412813,24.06188118811881,18.06246309812224
24,all_common_cases,all_features_00utc_missing_met,INDRAPURI2,211,3.0622653959982715,4.133175355450237,3.137840818604084
24,all_common_cases,all_features_00utc_missing_met,JAMBI3,233,10.79088850653406,13.821030042918453,10.379885807514624
24,all_common_cases,all_features_00utc_missing_met,JAMBI4,213,10.198727749694974,13.748826291079812,9.928837759963953
24,all_common_cases,all_features_00utc_missing_met,KEMAYORAN3,237,12.228042393073556,20.487763713080167,12.427493534266386
24,all_common_cases,all_features_00utc_missing_met,KOTABARU,206,4.2462835554152,5.804854368932038,4.309931568131165
24,all_common_cases,all_features_00utc_missing_met,KOTOTABANG2,182,4.425962858840961,5.079120879120879,4.477954821295351
24,all_common_cases,all_features_00utc_missing_met,MALANG,222,8.765593907418946,11.681081081081084,8.621676632096793
24,all_common_cases,all_features_00utc_missing_met,MAROS,234,5.6256310883229785,8.561965811965813,5.2448768002322765
24,all_common_cases,all_features_00utc_missing_met,MEDAN2,231,14.786550729932257,19.766233766233768,14.58483393632824
24,all_common_cases,all_features_00utc_missing_met,MLATI,236,12.458036675944525,24.969915254237286,12.345609700576738
24,all_common_cases,all_features_00utc_missing_met,PALANGKARAYA2,203,9.016546484032741,11.215270935960591,9.030000735076543
24,all_common_cases,all_features_00utc_missing_met,PALEMBANG3,220,13.825050340148861,17.16090909090909,13.180100730530153
24,all_common_cases,all_features_00utc_missing_met,PALEMBANG4,235,12.480902411243244,18.985531914893617,12.122281282500175
24,all_common_cases,all_features_00utc_missing_met,PALU,72,3.780469340459163,4.2666666666666675,3.554427028654482
24,all_common_cases,all_features_00utc_missing_met,PANGKALANBUN2,207,8.889672950830212,11.128019323671497,8.968733096172375
24,all_common_cases,all_features_00utc_missing_met,PEKANBARU2,224,13.639683670246873,15.491071428571429,13.315854965263952
24,all_common_cases,all_features_00utc_missing_met,PESAWARAN,212,12.717572715239687,14.536792452830188,12.691475514057801
24,all_common_cases,all_features_00utc_missing_met,PONTIANAK2,203,23.703677840655388,29.040886699507393,24.410875319791558
24,all_common_cases,all_features_00utc_missing_met,SAMARINDA2,205,3.733247670463958,5.03170731707317,3.7932592804166623
24,all_common_cases,all_features_00utc_missing_met,SEMARANG,232,9.954778197555644,14.174137931034483,9.817127786660514
24,all_common_cases,all_features_00utc_missing_met,SINTANG,153,16.27695992342735,18.183660130718955,17.761041003714947
24,all_common_cases,all_features_00utc_missing_met,SORONG,219,3.0212065639184704,6.658447488584475,3.027593866463238
24,all_common_cases,all_features_00utc_missing_met,SUPADIO,233,29.277285053057916,35.99527896995708,33.48865752518114
24,all_common_cases,all_features_00utc_missing_met,TANJUNGHARAPAN2,188,3.7296253198443523,5.838297872340426,3.821986833290086
24,all_common_cases,no_met_00utc_expanding,BANJARBARU2,238,16.904820217311258,22.339075630252104,16.510560593650563
24,all_common_cases,no_met_00utc_expanding,BATAM2,224,5.420293264701721,6.0562499999999995,5.384258509721024
24,all_common_cases,no_met_00utc_expanding,BENGKULU,202,17.90468099070848,24.06188118811881,18.06246309812224
24,all_common_cases,no_met_00utc_expanding,INDRAPURI2,211,3.151127376517287,4.133175355450237,3.137840818604084
24,all_common_cases,no_met_00utc_expanding,JAMBI3,233,10.470784076959081,13.821030042918453,10.379885807514624
24,all_common_cases,no_met_00utc_expanding,JAMBI4,213,10.175141004467605,13.748826291079812,9.928837759963953
24,all_common_cases,no_met_00utc_expanding,KEMAYORAN3,237,12.507422962296584,20.487763713080167,12.427493534266386
24,all_common_cases,no_met_00utc_expanding,KOTABARU,206,4.300449324338068,5.804854368932038,4.309931568131165
24,all_common_cases,no_met_00utc_expanding,KOTOTABANG2,182,4.3409545050246106,5.079120879120879,4.477954821295351
24,all_common_cases,no_met_00utc_expanding,MALANG,222,8.557097038027742,11.681081081081084,8.621676632096793
24,all_common_cases,no_met_00utc_expanding,MAROS,234,5.383280428824406,8.561965811965813,5.2448768002322765
24,all_common_cases,no_met_00utc_expanding,MEDAN2,231,14.498247085006097,19.766233766233768,14.58483393632824
24,all_common_cases,no_met_00utc_expanding,MLATI,236,12.507686161854798,24.969915254237286,12.345609700576738
24,all_common_cases,no_met_00utc_expanding,PALANGKARAYA2,203,9.09065883321323,11.215270935960591,9.030000735076543
24,all_common_cases,no_met_00utc_expanding,PALEMBANG3,220,13.643802867460916,17.16090909090909,13.180100730530153
24,all_common_cases,no_met_00utc_expanding,PALEMBANG4,235,12.134989853462343,18.985531914893617,12.122281282500175
24,all_common_cases,no_met_00utc_expanding,PALU,72,3.670965977738623,4.2666666666666675,3.554427028654482
24,all_common_cases,no_met_00utc_expanding,PANGKALANBUN2,207,8.968344243115647,11.128019323671497,8.968733096172375
24,all_common_cases,no_met_00utc_expanding,PEKANBARU2,224,13.412282935478354,15.491071428571429,13.315854965263952
24,all_common_cases,no_met_00utc_expanding,PESAWARAN,212,12.776729806652753,14.536792452830188,12.691475514057801
24,all_common_cases,no_met_00utc_expanding,PONTIANAK2,203,23.87807544370247,29.040886699507393,24.410875319791558
24,all_common_cases,no_met_00utc_expanding,SAMARINDA2,205,3.7372879558825676,5.03170731707317,3.7932592804166623
24,all_common_cases,no_met_00utc_expanding,SEMARANG,232,9.987628468086546,14.174137931034483,9.817127786660514
24,all_common_cases,no_met_00utc_expanding,SINTANG,153,16.680425047761,18.183660130718955,17.761041003714947
24,all_common_cases,no_met_00utc_expanding,SORONG,219,3.0243800353507586,6.658447488584475,3.027593866463238
24,all_common_cases,no_met_00utc_expanding,SUPADIO,233,30.2432394532866,35.99527896995708,33.48865752518114
24,all_common_cases,no_met_00utc_expanding,TANJUNGHARAPAN2,188,3.786110554300829,5.838297872340426,3.821986833290086
24,all_common_cases,no_met_10utc_expanding,BANJARBARU2,238,17.255224237913634,22.339075630252104,16.510560593650563
24,all_common_cases,no_met_10utc_expanding,BATAM2,224,5.475961784453078,6.0562499999999995,5.384258509721024
24,all_common_cases,no_met_10utc_expanding,BENGKULU,202,17.459643533935616,24.06188118811881,18.06246309812224
24,all_common_cases,no_met_10utc_expanding,INDRAPURI2,211,2.942256929538401,4.133175355450237,3.137840818604084
24,all_common_cases,no_met_10utc_expanding,JAMBI3,233,10.706271921679988,13.821030042918453,10.379885807514624
24,all_common_cases,no_met_10utc_expanding,JAMBI4,213,10.514338753314803,13.748826291079812,9.928837759963953
24,all_common_cases,no_met_10utc_expanding,KEMAYORAN3,237,12.109261294167897,20.487763713080167,12.427493534266386
24,all_common_cases,no_met_10utc_expanding,KOTABARU,206,4.183171131971289,5.804854368932038,4.309931568131165
24,all_common_cases,no_met_10utc_expanding,KOTOTABANG2,182,3.8952741362321066,5.079120879120879,4.477954821295351
24,all_common_cases,no_met_10utc_expanding,MALANG,222,8.426521557430538,11.681081081081084,8.621676632096793
24,all_common_cases,no_met_10utc_expanding,MAROS,234,5.525088998368867,8.561965811965813,5.2448768002322765
24,all_common_cases,no_met_10utc_expanding,MEDAN2,231,14.322379403540713,19.766233766233768,14.58483393632824
24,all_common_cases,no_met_10utc_expanding,MLATI,236,12.586659508817158,24.969915254237286,12.345609700576738
24,all_common_cases,no_met_10utc_expanding,PALANGKARAYA2,203,9.507150209631652,11.215270935960591,9.030000735076543
24,all_common_cases,no_met_10utc_expanding,PALEMBANG3,220,12.92984567866857,17.16090909090909,13.180100730530153
24,all_common_cases,no_met_10utc_expanding,PALEMBANG4,235,12.747822299400406,18.985531914893617,12.122281282500175
24,all_common_cases,no_met_10utc_expanding,PALU,72,3.4414501356275427,4.2666666666666675,3.554427028654482
24,all_common_cases,no_met_10utc_expanding,PANGKALANBUN2,207,9.097911150451589,11.128019323671497,8.968733096172375
24,all_common_cases,no_met_10utc_expanding,PEKANBARU2,224,13.758496021857303,15.491071428571429,13.315854965263952
24,all_common_cases,no_met_10utc_expanding,PESAWARAN,212,11.79990263128156,14.536792452830188,12.691475514057801
24,all_common_cases,no_met_10utc_expanding,PONTIANAK2,203,23.827190760884942,29.040886699507393,24.410875319791558
24,all_common_cases,no_met_10utc_expanding,SAMARINDA2,205,3.755153782907847,5.03170731707317,3.7932592804166623
24,all_common_cases,no_met_10utc_expanding,SEMARANG,232,9.66629235520405,14.174137931034483,9.817127786660514
24,all_common_cases,no_met_10utc_expanding,SINTANG,153,16.49168579369734,18.183660130718955,17.761041003714947
24,all_common_cases,no_met_10utc_expanding,SORONG,219,3.0444274669440095,6.658447488584475,3.027593866463238
24,all_common_cases,no_met_10utc_expanding,SUPADIO,233,31.41619080954578,35.99527896995708,33.48865752518114
24,all_common_cases,no_met_10utc_expanding,TANJUNGHARAPAN2,188,3.8209237123947863,5.838297872340426,3.821986833290086
24,training_p90_high_events,persistence_10utc,BANJARBARU2,32,104.74687499999999,104.74687499999999,79.67779071499945
24,training_p90_high_events,persistence_10utc,BATAM2,22,17.63181818181818,17.63181818181818,17.88056728048207
24,training_p90_high_events,persistence_10utc,BENGKULU,40,57.6075,57.6075,47.28112690187584
24,training_p90_high_events,persistence_10utc,INDRAPURI2,38,4.623684210526316,4.623684210526316,3.5863573069185195
24,training_p90_high_events,persistence_10utc,JAMBI3,27,27.16666666666667,27.16666666666667,27.01588487703638
24,training_p90_high_events,persistence_10utc,JAMBI4,31,39.267741935483876,39.267741935483876,26.01037973726729
24,training_p90_high_events,persistence_10utc,KEMAYORAN3,5,60.779999999999994,60.779999999999994,38.64435785408538
24,training_p90_high_events,persistence_10utc,KOTABARU,27,14.622222222222225,14.622222222222225,9.894036472913628
24,training_p90_high_events,persistence_10utc,KOTOTABANG2,30,9.183333333333334,9.183333333333334,8.041931534523
24,training_p90_high_events,persistence_10utc,MALANG,25,21.26,21.26,14.048417661936485
24,training_p90_high_events,persistence_10utc,MAROS,27,17.97037037037037,17.97037037037037,11.969516968124061
24,training_p90_high_events,persistence_10utc,MEDAN2,18,60.750000000000014,60.750000000000014,48.282871662063684
24,training_p90_high_events,persistence_10utc,MLATI,35,51.565714285714286,51.565714285714286,29.169065930263276
24,training_p90_high_events,persistence_10utc,PALANGKARAYA2,33,38.66060606060606,38.66060606060606,30.13326677383115
24,training_p90_high_events,persistence_10utc,PALEMBANG3,28,45.82857142857143,45.82857142857143,32.619473527050744
24,training_p90_high_events,persistence_10utc,PALEMBANG4,40,55.825,55.825,30.139689572847033
24,training_p90_high_events,persistence_10utc,PALU,21,5.866666666666667,5.866666666666667,5.25090200053111
24,training_p90_high_events,persistence_10utc,PANGKALANBUN2,40,32.4525,32.4525,28.562731053388394
24,training_p90_high_events,persistence_10utc,PEKANBARU2,39,31.62820512820512,31.62820512820512,31.77356225701108
24,training_p90_high_events,persistence_10utc,PESAWARAN,37,22.02162162162162,22.02162162162162,28.292726899850027
24,training_p90_high_events,persistence_10utc,PONTIANAK2,64,76.75625,76.75625,63.330967312490685
24,training_p90_high_events,persistence_10utc,SAMARINDA2,16,12.01875,12.01875,7.88870699377525
24,training_p90_high_events,persistence_10utc,SEMARANG,28,28.382142857142856,28.382142857142856,21.15675654826575
24,training_p90_high_events,persistence_10utc,SINTANG,33,72.4121212121212,72.4121212121212,71.48874086692439
24,training_p90_high_events,persistence_10utc,SORONG,45,11.611111111111109,11.611111111111109,5.921969117070285
24,training_p90_high_events,persistence_10utc,SUPADIO,74,89.33513513513512,89.33513513513512,89.34823135074629
24,training_p90_high_events,persistence_10utc,TANJUNGHARAPAN2,31,12.135483870967743,12.135483870967743,6.57604282134371
24,training_p90_high_events,persistence_00utc,BANJARBARU2,32,85.12812499999998,104.74687499999999,79.67779071499945
24,training_p90_high_events,persistence_00utc,BATAM2,22,16.481818181818184,17.63181818181818,17.88056728048207
24,training_p90_high_events,persistence_00utc,BENGKULU,40,44.9925,57.6075,47.28112690187584
24,training_p90_high_events,persistence_00utc,INDRAPURI2,38,4.902631578947369,4.623684210526316,3.5863573069185195
24,training_p90_high_events,persistence_00utc,JAMBI3,27,26.68888888888889,27.16666666666667,27.01588487703638
24,training_p90_high_events,persistence_00utc,JAMBI4,31,24.561290322580643,39.267741935483876,26.01037973726729
24,training_p90_high_events,persistence_00utc,KEMAYORAN3,5,30.48,60.779999999999994,38.64435785408538
24,training_p90_high_events,persistence_00utc,KOTABARU,27,10.64074074074074,14.622222222222225,9.894036472913628
24,training_p90_high_events,persistence_00utc,KOTOTABANG2,30,7.376666666666667,9.183333333333334,8.041931534523
24,training_p90_high_events,persistence_00utc,MALANG,25,17.003999999999998,21.26,14.048417661936485
24,training_p90_high_events,persistence_00utc,MAROS,27,9.407407407407407,17.97037037037037,11.969516968124061
24,training_p90_high_events,persistence_00utc,MEDAN2,18,41.59444444444444,60.750000000000014,48.282871662063684
24,training_p90_high_events,persistence_00utc,MLATI,35,26.15428571428571,51.565714285714286,29.169065930263276
24,training_p90_high_events,persistence_00utc,PALANGKARAYA2,33,40.484848484848484,38.66060606060606,30.13326677383115
24,training_p90_high_events,persistence_00utc,PALEMBANG3,28,29.25714285714285,45.82857142857143,32.619473527050744
24,training_p90_high_events,persistence_00utc,PALEMBANG4,40,30.014999999999997,55.825,30.139689572847033
24,training_p90_high_events,persistence_00utc,PALU,21,6.671428571428573,5.866666666666667,5.25090200053111
24,training_p90_high_events,persistence_00utc,PANGKALANBUN2,40,24.064999999999998,32.4525,28.562731053388394
24,training_p90_high_events,persistence_00utc,PEKANBARU2,39,33.98461538461539,31.62820512820512,31.77356225701108
24,training_p90_high_events,persistence_00utc,PESAWARAN,37,23.335135135135133,22.02162162162162,28.292726899850027
24,training_p90_high_events,persistence_00utc,PONTIANAK2,64,70.125,76.75625,63.330967312490685
24,training_p90_high_events,persistence_00utc,SAMARINDA2,16,10.86875,12.01875,7.88870699377525
24,training_p90_high_events,persistence_00utc,SEMARANG,28,18.432142857142853,28.382142857142856,21.15675654826575
24,training_p90_high_events,persistence_00utc,SINTANG,33,91.94242424242424,72.4121212121212,71.48874086692439
24,training_p90_high_events,persistence_00utc,SORONG,45,6.79111111111111,11.611111111111109,5.921969117070285
24,training_p90_high_events,persistence_00utc,SUPADIO,74,64.52432432432431,89.33513513513512,89.34823135074629
24,training_p90_high_events,persistence_00utc,TANJUNGHARAPAN2,31,7.738709677419355,12.135483870967743,6.57604282134371
24,training_p90_high_events,climatology_training_only,BANJARBARU2,32,92.875,104.74687499999999,79.67779071499945
24,training_p90_high_events,climatology_training_only,BATAM2,22,20.602272727272723,17.63181818181818,17.88056728048207
24,training_p90_high_events,climatology_training_only,BENGKULU,40,54.02,57.6075,47.28112690187584
24,training_p90_high_events,climatology_training_only,INDRAPURI2,38,9.644736842105264,4.623684210526316,3.5863573069185195
24,training_p90_high_events,climatology_training_only,JAMBI3,27,41.97037037037036,27.16666666666667,27.01588487703638
24,training_p90_high_events,climatology_training_only,JAMBI4,31,34.05645161290322,39.267741935483876,26.01037973726729
24,training_p90_high_events,climatology_training_only,KEMAYORAN3,5,28.539999999999992,60.779999999999994,38.64435785408538
24,training_p90_high_events,climatology_training_only,KOTABARU,27,15.10925925925926,14.622222222222225,9.894036472913628
24,training_p90_high_events,climatology_training_only,KOTOTABANG2,30,13.756666666666664,9.183333333333334,8.041931534523
24,training_p90_high_events,climatology_training_only,MALANG,25,24.236,21.26,14.048417661936485
24,training_p90_high_events,climatology_training_only,MAROS,27,16.875925925925927,17.97037037037037,11.969516968124061
24,training_p90_high_events,climatology_training_only,MEDAN2,18,51.355555555555554,60.750000000000014,48.282871662063684
24,training_p90_high_events,climatology_training_only,MLATI,35,34.50857142857143,51.565714285714286,29.169065930263276
24,training_p90_high_events,climatology_training_only,PALANGKARAYA2,33,52.99848484848486,38.66060606060606,30.13326677383115
24,training_p90_high_events,climatology_training_only,PALEMBANG3,28,50.085714285714275,45.82857142857143,32.619473527050744
24,training_p90_high_events,climatology_training_only,PALEMBANG4,40,48.15875,55.825,30.139689572847033
24,training_p90_high_events,climatology_training_only,PALU,21,11.038095238095238,5.866666666666667,5.25090200053111
24,training_p90_high_events,climatology_training_only,PANGKALANBUN2,40,40.19625,32.4525,28.562731053388394
24,training_p90_high_events,climatology_training_only,PEKANBARU2,39,43.35,31.62820512820512,31.77356225701108
24,training_p90_high_events,climatology_training_only,PESAWARAN,37,36.358108108108105,22.02162162162162,28.292726899850027
24,training_p90_high_events,climatology_training_only,PONTIANAK2,64,95.4703125,76.75625,63.330967312490685
24,training_p90_high_events,climatology_training_only,SAMARINDA2,16,17.11875,12.01875,7.88870699377525
24,training_p90_high_events,climatology_training_only,SEMARANG,28,23.63214285714286,28.382142857142856,21.15675654826575
24,training_p90_high_events,climatology_training_only,SINTANG,33,109.25757575757575,72.4121212121212,71.48874086692439
24,training_p90_high_events,climatology_training_only,SORONG,45,14.464444444444446,11.611111111111109,5.921969117070285
24,training_p90_high_events,climatology_training_only,SUPADIO,74,137.35878378378376,89.33513513513512,89.34823135074629
24,training_p90_high_events,climatology_training_only,TANJUNGHARAPAN2,31,21.23225806451613,12.135483870967743,6.57604282134371
24,training_p90_high_events,raw_cams,BANJARBARU2,32,100.43303953584038,104.74687499999999,79.67779071499945
24,training_p90_high_events,raw_cams,BATAM2,22,27.63595188506356,17.63181818181818,17.88056728048207
24,training_p90_high_events,raw_cams,BENGKULU,40,67.16933285217856,57.6075,47.28112690187584
24,training_p90_high_events,raw_cams,INDRAPURI2,38,6.446012863936322,4.623684210526316,3.5863573069185195
24,training_p90_high_events,raw_cams,JAMBI3,27,49.952055453999634,27.16666666666667,27.01588487703638
24,training_p90_high_events,raw_cams,JAMBI4,31,41.242117349606794,39.267741935483876,26.01037973726729
24,training_p90_high_events,raw_cams,KEMAYORAN3,5,18.929068184765498,60.779999999999994,38.64435785408538
24,training_p90_high_events,raw_cams,KOTABARU,27,15.516529410367598,14.622222222222225,9.894036472913628
24,training_p90_high_events,raw_cams,KOTOTABANG2,30,16.46263490023792,9.183333333333334,8.041931534523
24,training_p90_high_events,raw_cams,MALANG,25,12.328673386654218,21.26,14.048417661936485
24,training_p90_high_events,raw_cams,MAROS,27,31.782006558120766,17.97037037037037,11.969516968124061
24,training_p90_high_events,raw_cams,MEDAN2,18,39.63206208104262,60.750000000000014,48.282871662063684
24,training_p90_high_events,raw_cams,MLATI,35,23.287053848291826,51.565714285714286,29.169065930263276
24,training_p90_high_events,raw_cams,PALANGKARAYA2,33,35.726321859711014,38.66060606060606,30.13326677383115
24,training_p90_high_events,raw_cams,PALEMBANG3,28,54.467862983633744,45.82857142857143,32.619473527050744
24,training_p90_high_events,raw_cams,PALEMBANG4,40,57.15009629194399,55.825,30.139689572847033
24,training_p90_high_events,raw_cams,PALU,21,14.495504170628992,5.866666666666667,5.25090200053111
24,training_p90_high_events,raw_cams,PANGKALANBUN2,40,31.358925799204826,32.4525,28.562731053388394
24,training_p90_high_events,raw_cams,PEKANBARU2,39,38.0630677291369,31.62820512820512,31.77356225701108
24,training_p90_high_events,raw_cams,PESAWARAN,37,27.51205365174306,22.02162162162162,28.292726899850027
24,training_p90_high_events,raw_cams,PONTIANAK2,64,74.69807463120117,76.75625,63.330967312490685
24,training_p90_high_events,raw_cams,SAMARINDA2,16,13.416314696091373,12.01875,7.88870699377525
24,training_p90_high_events,raw_cams,SEMARANG,28,17.937359913923462,28.382142857142856,21.15675654826575
24,training_p90_high_events,raw_cams,SINTANG,33,61.86999477723191,72.4121212121212,71.48874086692439
24,training_p90_high_events,raw_cams,SORONG,45,10.638001585131649,11.611111111111109,5.921969117070285
24,training_p90_high_events,raw_cams,SUPADIO,74,97.84384121567541,89.33513513513512,89.34823135074629
24,training_p90_high_events,raw_cams,TANJUNGHARAPAN2,31,13.534872428304011,12.135483870967743,6.57604282134371
24,training_p90_high_events,frozen_deployment,BANJARBARU2,32,79.67779071499945,104.74687499999999,79.67779071499945
24,training_p90_high_events,frozen_deployment,BATAM2,22,17.88056728048207,17.63181818181818,17.88056728048207
24,training_p90_high_events,frozen_deployment,BENGKULU,40,47.28112690187584,57.6075,47.28112690187584
24,training_p90_high_events,frozen_deployment,INDRAPURI2,38,3.5863573069185195,4.623684210526316,3.5863573069185195
24,training_p90_high_events,frozen_deployment,JAMBI3,27,27.01588487703638,27.16666666666667,27.01588487703638
24,training_p90_high_events,frozen_deployment,JAMBI4,31,26.01037973726729,39.267741935483876,26.01037973726729
24,training_p90_high_events,frozen_deployment,KEMAYORAN3,5,38.64435785408538,60.779999999999994,38.64435785408538
24,training_p90_high_events,frozen_deployment,KOTABARU,27,9.894036472913628,14.622222222222225,9.894036472913628
24,training_p90_high_events,frozen_deployment,KOTOTABANG2,30,8.041931534523,9.183333333333334,8.041931534523
24,training_p90_high_events,frozen_deployment,MALANG,25,14.048417661936485,21.26,14.048417661936485
24,training_p90_high_events,frozen_deployment,MAROS,27,11.969516968124061,17.97037037037037,11.969516968124061
24,training_p90_high_events,frozen_deployment,MEDAN2,18,48.282871662063684,60.750000000000014,48.282871662063684
24,training_p90_high_events,frozen_deployment,MLATI,35,29.169065930263276,51.565714285714286,29.169065930263276
24,training_p90_high_events,frozen_deployment,PALANGKARAYA2,33,30.13326677383115,38.66060606060606,30.13326677383115
24,training_p90_high_events,frozen_deployment,PALEMBANG3,28,32.619473527050744,45.82857142857143,32.619473527050744
24,training_p90_high_events,frozen_deployment,PALEMBANG4,40,30.139689572847033,55.825,30.139689572847033
24,training_p90_high_events,frozen_deployment,PALU,21,5.25090200053111,5.866666666666667,5.25090200053111
24,training_p90_high_events,frozen_deployment,PANGKALANBUN2,40,28.562731053388394,32.4525,28.562731053388394
24,training_p90_high_events,frozen_deployment,PEKANBARU2,39,31.77356225701108,31.62820512820512,31.77356225701108
24,training_p90_high_events,frozen_deployment,PESAWARAN,37,28.292726899850027,22.02162162162162,28.292726899850027
24,training_p90_high_events,frozen_deployment,PONTIANAK2,64,63.330967312490685,76.75625,63.330967312490685
24,training_p90_high_events,frozen_deployment,SAMARINDA2,16,7.88870699377525,12.01875,7.88870699377525
24,training_p90_high_events,frozen_deployment,SEMARANG,28,21.15675654826575,28.382142857142856,21.15675654826575
24,training_p90_high_events,frozen_deployment,SINTANG,33,71.48874086692439,72.4121212121212,71.48874086692439
24,training_p90_high_events,frozen_deployment,SORONG,45,5.921969117070285,11.611111111111109,5.921969117070285
24,training_p90_high_events,frozen_deployment,SUPADIO,74,89.34823135074629,89.33513513513512,89.34823135074629
24,training_p90_high_events,frozen_deployment,TANJUNGHARAPAN2,31,6.57604282134371,12.135483870967743,6.57604282134371
24,training_p90_high_events,frozen_deployment_missing_met,BANJARBARU2,32,80.65320962240057,104.74687499999999,79.67779071499945
24,training_p90_high_events,frozen_deployment_missing_met,BATAM2,22,17.43371586804952,17.63181818181818,17.88056728048207
24,training_p90_high_events,frozen_deployment_missing_met,BENGKULU,40,48.529710682292986,57.6075,47.28112690187584
24,training_p90_high_events,frozen_deployment_missing_met,INDRAPURI2,38,3.620022024030383,4.623684210526316,3.5863573069185195
24,training_p90_high_events,frozen_deployment_missing_met,JAMBI3,27,27.851403269097712,27.16666666666667,27.01588487703638
24,training_p90_high_events,frozen_deployment_missing_met,JAMBI4,31,25.956443917046695,39.267741935483876,26.01037973726729
24,training_p90_high_events,frozen_deployment_missing_met,KEMAYORAN3,5,40.5967667191817,60.779999999999994,38.64435785408538
24,training_p90_high_events,frozen_deployment_missing_met,KOTABARU,27,9.718874618859562,14.622222222222225,9.894036472913628
24,training_p90_high_events,frozen_deployment_missing_met,KOTOTABANG2,30,7.594544940300545,9.183333333333334,8.041931534523
24,training_p90_high_events,frozen_deployment_missing_met,MALANG,25,15.549478399428308,21.26,14.048417661936485
24,training_p90_high_events,frozen_deployment_missing_met,MAROS,27,14.700593400925468,17.97037037037037,11.969516968124061
24,training_p90_high_events,frozen_deployment_missing_met,MEDAN2,18,48.361233945373755,60.750000000000014,48.282871662063684
24,training_p90_high_events,frozen_deployment_missing_met,MLATI,35,29.633148058298307,51.565714285714286,29.169065930263276
24,training_p90_high_events,frozen_deployment_missing_met,PALANGKARAYA2,33,30.41170420366306,38.66060606060606,30.13326677383115
24,training_p90_high_events,frozen_deployment_missing_met,PALEMBANG3,28,34.64734372316341,45.82857142857143,32.619473527050744
24,training_p90_high_events,frozen_deployment_missing_met,PALEMBANG4,40,31.001158281705614,55.825,30.139689572847033
24,training_p90_high_events,frozen_deployment_missing_met,PALU,21,5.131674571924323,5.866666666666667,5.25090200053111
24,training_p90_high_events,frozen_deployment_missing_met,PANGKALANBUN2,40,28.510533971892443,32.4525,28.562731053388394
24,training_p90_high_events,frozen_deployment_missing_met,PEKANBARU2,39,32.97111480567382,31.62820512820512,31.77356225701108
24,training_p90_high_events,frozen_deployment_missing_met,PESAWARAN,37,28.527343114145978,22.02162162162162,28.292726899850027
24,training_p90_high_events,frozen_deployment_missing_met,PONTIANAK2,64,61.56189882078134,76.75625,63.330967312490685
24,training_p90_high_events,frozen_deployment_missing_met,SAMARINDA2,16,8.043361355721931,12.01875,7.88870699377525
24,training_p90_high_events,frozen_deployment_missing_met,SEMARANG,28,22.470774230062084,28.382142857142856,21.15675654826575
24,training_p90_high_events,frozen_deployment_missing_met,SINTANG,33,71.93851464940776,72.4121212121212,71.48874086692439
24,training_p90_high_events,frozen_deployment_missing_met,SORONG,45,6.008023542538807,11.611111111111109,5.921969117070285
24,training_p90_high_events,frozen_deployment_missing_met,SUPADIO,74,86.53277368245212,89.33513513513512,89.34823135074629
24,training_p90_high_events,frozen_deployment_missing_met,TANJUNGHARAPAN2,31,6.709908027795526,12.135483870967743,6.57604282134371
24,training_p90_high_events,all_features_00utc_expanding,BANJARBARU2,32,82.46107124720675,104.74687499999999,79.67779071499945
24,training_p90_high_events,all_features_00utc_expanding,BATAM2,22,17.61273898729844,17.63181818181818,17.88056728048207
24,training_p90_high_events,all_features_00utc_expanding,BENGKULU,40,45.100951682448645,57.6075,47.28112690187584
24,training_p90_high_events,all_features_00utc_expanding,INDRAPURI2,38,3.722988969349772,4.623684210526316,3.5863573069185195
24,training_p90_high_events,all_features_00utc_expanding,JAMBI3,27,26.850162972608192,27.16666666666667,27.01588487703638
24,training_p90_high_events,all_features_00utc_expanding,JAMBI4,31,26.013612125300224,39.267741935483876,26.01037973726729
24,training_p90_high_events,all_features_00utc_expanding,KEMAYORAN3,5,34.97121094356677,60.779999999999994,38.64435785408538
24,training_p90_high_events,all_features_00utc_expanding,KOTABARU,27,9.452895053895318,14.622222222222225,9.894036472913628
24,training_p90_high_events,all_features_00utc_expanding,KOTOTABANG2,30,8.212808126138583,9.183333333333334,8.041931534523
24,training_p90_high_events,all_features_00utc_expanding,MALANG,25,14.060480705006844,21.26,14.048417661936485
24,training_p90_high_events,all_features_00utc_expanding,MAROS,27,11.062302879059215,17.97037037037037,11.969516968124061
24,training_p90_high_events,all_features_00utc_expanding,MEDAN2,18,46.45680566180837,60.750000000000014,48.282871662063684
24,training_p90_high_events,all_features_00utc_expanding,MLATI,35,26.252988967491557,51.565714285714286,29.169065930263276
24,training_p90_high_events,all_features_00utc_expanding,PALANGKARAYA2,33,29.94415403011148,38.66060606060606,30.13326677383115
24,training_p90_high_events,all_features_00utc_expanding,PALEMBANG3,28,34.37895614316708,45.82857142857143,32.619473527050744
24,training_p90_high_events,all_features_00utc_expanding,PALEMBANG4,40,31.08301481566208,55.825,30.139689572847033
24,training_p90_high_events,all_features_00utc_expanding,PALU,21,4.987798172676371,5.866666666666667,5.25090200053111
24,training_p90_high_events,all_features_00utc_expanding,PANGKALANBUN2,40,28.950381708213285,32.4525,28.562731053388394
24,training_p90_high_events,all_features_00utc_expanding,PEKANBARU2,39,34.556916667252985,31.62820512820512,31.77356225701108
24,training_p90_high_events,all_features_00utc_expanding,PESAWARAN,37,27.13696549117663,22.02162162162162,28.292726899850027
24,training_p90_high_events,all_features_00utc_expanding,PONTIANAK2,64,60.70061116476119,76.75625,63.330967312490685
24,training_p90_high_events,all_features_00utc_expanding,SAMARINDA2,16,7.711733199460095,12.01875,7.88870699377525
24,training_p90_high_events,all_features_00utc_expanding,SEMARANG,28,19.125339288326735,28.382142857142856,21.15675654826575
24,training_p90_high_events,all_features_00utc_expanding,SINTANG,33,64.56928721101646,72.4121212121212,71.48874086692439
24,training_p90_high_events,all_features_00utc_expanding,SORONG,45,5.933345404892044,11.611111111111109,5.921969117070285
24,training_p90_high_events,all_features_00utc_expanding,SUPADIO,74,76.2578185940976,89.33513513513512,89.34823135074629
24,training_p90_high_events,all_features_00utc_expanding,TANJUNGHARAPAN2,31,6.117681439872491,12.135483870967743,6.57604282134371
24,training_p90_high_events,all_features_00utc_missing_met,BANJARBARU2,32,83.78964928047881,104.74687499999999,79.67779071499945
24,training_p90_high_events,all_features_00utc_missing_met,BATAM2,22,17.49687517226232,17.63181818181818,17.88056728048207
24,training_p90_high_events,all_features_00utc_missing_met,BENGKULU,40,47.00729271592977,57.6075,47.28112690187584
24,training_p90_high_events,all_features_00utc_missing_met,INDRAPURI2,38,3.9472905277347095,4.623684210526316,3.5863573069185195
24,training_p90_high_events,all_features_00utc_missing_met,JAMBI3,27,28.21966386241495,27.16666666666667,27.01588487703638
24,training_p90_high_events,all_features_00utc_missing_met,JAMBI4,31,26.530640927582873,39.267741935483876,26.01037973726729
24,training_p90_high_events,all_features_00utc_missing_met,KEMAYORAN3,5,36.33572543669666,60.779999999999994,38.64435785408538
24,training_p90_high_events,all_features_00utc_missing_met,KOTABARU,27,9.511500265252536,14.622222222222225,9.894036472913628
24,training_p90_high_events,all_features_00utc_missing_met,KOTOTABANG2,30,6.990607052883602,9.183333333333334,8.041931534523
24,training_p90_high_events,all_features_00utc_missing_met,MALANG,25,14.664234292660149,21.26,14.048417661936485
24,training_p90_high_events,all_features_00utc_missing_met,MAROS,27,14.931561429852078,17.97037037037037,11.969516968124061
24,training_p90_high_events,all_features_00utc_missing_met,MEDAN2,18,47.23749830127426,60.750000000000014,48.282871662063684
24,training_p90_high_events,all_features_00utc_missing_met,MLATI,35,25.849268942855687,51.565714285714286,29.169065930263276
24,training_p90_high_events,all_features_00utc_missing_met,PALANGKARAYA2,33,30.544815763882188,38.66060606060606,30.13326677383115
24,training_p90_high_events,all_features_00utc_missing_met,PALEMBANG3,28,36.71210604890655,45.82857142857143,32.619473527050744
24,training_p90_high_events,all_features_00utc_missing_met,PALEMBANG4,40,31.55831184462096,55.825,30.139689572847033
24,training_p90_high_events,all_features_00utc_missing_met,PALU,21,5.440952806043519,5.866666666666667,5.25090200053111
24,training_p90_high_events,all_features_00utc_missing_met,PANGKALANBUN2,40,28.736351824207315,32.4525,28.562731053388394
24,training_p90_high_events,all_features_00utc_missing_met,PEKANBARU2,39,35.19147890934471,31.62820512820512,31.77356225701108
24,training_p90_high_events,all_features_00utc_missing_met,PESAWARAN,37,26.214014935084318,22.02162162162162,28.292726899850027
24,training_p90_high_events,all_features_00utc_missing_met,PONTIANAK2,64,59.28906764545932,76.75625,63.330967312490685
24,training_p90_high_events,all_features_00utc_missing_met,SAMARINDA2,16,8.255071373096934,12.01875,7.88870699377525
24,training_p90_high_events,all_features_00utc_missing_met,SEMARANG,28,20.27306267414725,28.382142857142856,21.15675654826575
24,training_p90_high_events,all_features_00utc_missing_met,SINTANG,33,65.01330475735213,72.4121212121212,71.48874086692439
24,training_p90_high_events,all_features_00utc_missing_met,SORONG,45,6.054150624017085,11.611111111111109,5.921969117070285
24,training_p90_high_events,all_features_00utc_missing_met,SUPADIO,74,74.00483836711273,89.33513513513512,89.34823135074629
24,training_p90_high_events,all_features_00utc_missing_met,TANJUNGHARAPAN2,31,6.170014029387866,12.135483870967743,6.57604282134371
24,training_p90_high_events,no_met_00utc_expanding,BANJARBARU2,32,83.36251087821029,104.74687499999999,79.67779071499945
24,training_p90_high_events,no_met_00utc_expanding,BATAM2,22,17.583268425344087,17.63181818181818,17.88056728048207
24,training_p90_high_events,no_met_00utc_expanding,BENGKULU,40,45.69902994424611,57.6075,47.28112690187584
24,training_p90_high_events,no_met_00utc_expanding,INDRAPURI2,38,3.873644216777203,4.623684210526316,3.5863573069185195
24,training_p90_high_events,no_met_00utc_expanding,JAMBI3,27,26.851314411556064,27.16666666666667,27.01588487703638
24,training_p90_high_events,no_met_00utc_expanding,JAMBI4,31,26.496052542700493,39.267741935483876,26.01037973726729
24,training_p90_high_events,no_met_00utc_expanding,KEMAYORAN3,5,34.92808797971035,60.779999999999994,38.64435785408538
24,training_p90_high_events,no_met_00utc_expanding,KOTABARU,27,9.964354769551031,14.622222222222225,9.894036472913628
24,training_p90_high_events,no_met_00utc_expanding,KOTOTABANG2,30,7.9422427614253825,9.183333333333334,8.041931534523
24,training_p90_high_events,no_met_00utc_expanding,MALANG,25,14.30726199133881,21.26,14.048417661936485
24,training_p90_high_events,no_met_00utc_expanding,MAROS,27,12.893535080138285,17.97037037037037,11.969516968124061
24,training_p90_high_events,no_met_00utc_expanding,MEDAN2,18,45.350356195653966,60.750000000000014,48.282871662063684
24,training_p90_high_events,no_met_00utc_expanding,MLATI,35,26.835133812187202,51.565714285714286,29.169065930263276
24,training_p90_high_events,no_met_00utc_expanding,PALANGKARAYA2,33,30.791806247713758,38.66060606060606,30.13326677383115
24,training_p90_high_events,no_met_00utc_expanding,PALEMBANG3,28,35.41155259929117,45.82857142857143,32.619473527050744
24,training_p90_high_events,no_met_00utc_expanding,PALEMBANG4,40,30.024574081858315,55.825,30.139689572847033
24,training_p90_high_events,no_met_00utc_expanding,PALU,21,4.869800824233997,5.866666666666667,5.25090200053111
24,training_p90_high_events,no_met_00utc_expanding,PANGKALANBUN2,40,28.467379012370486,32.4525,28.562731053388394
24,training_p90_high_events,no_met_00utc_expanding,PEKANBARU2,39,33.62977214381403,31.62820512820512,31.77356225701108
24,training_p90_high_events,no_met_00utc_expanding,PESAWARAN,37,24.693592681531268,22.02162162162162,28.292726899850027
24,training_p90_high_events,no_met_00utc_expanding,PONTIANAK2,64,59.39848197481852,76.75625,63.330967312490685
24,training_p90_high_events,no_met_00utc_expanding,SAMARINDA2,16,8.224577156278627,12.01875,7.88870699377525
24,training_p90_high_events,no_met_00utc_expanding,SEMARANG,28,19.13400095117013,28.382142857142856,21.15675654826575
24,training_p90_high_events,no_met_00utc_expanding,SINTANG,33,66.86641410221895,72.4121212121212,71.48874086692439
24,training_p90_high_events,no_met_00utc_expanding,SORONG,45,6.159332415651794,11.611111111111109,5.921969117070285
24,training_p90_high_events,no_met_00utc_expanding,SUPADIO,74,77.29455763041169,89.33513513513512,89.34823135074629
24,training_p90_high_events,no_met_00utc_expanding,TANJUNGHARAPAN2,31,6.475516799295328,12.135483870967743,6.57604282134371
24,training_p90_high_events,no_met_10utc_expanding,BANJARBARU2,32,84.30696103400822,104.74687499999999,79.67779071499945
24,training_p90_high_events,no_met_10utc_expanding,BATAM2,22,17.69876375202656,17.63181818181818,17.88056728048207
24,training_p90_high_events,no_met_10utc_expanding,BENGKULU,40,45.16730178243038,57.6075,47.28112690187584
24,training_p90_high_events,no_met_10utc_expanding,INDRAPURI2,38,3.667879683601964,4.623684210526316,3.5863573069185195
24,training_p90_high_events,no_met_10utc_expanding,JAMBI3,27,25.688075443738104,27.16666666666667,27.01588487703638
24,training_p90_high_events,no_met_10utc_expanding,JAMBI4,31,28.528500071414133,39.267741935483876,26.01037973726729
24,training_p90_high_events,no_met_10utc_expanding,KEMAYORAN3,5,35.99184085388051,60.779999999999994,38.64435785408538
24,training_p90_high_events,no_met_10utc_expanding,KOTABARU,27,10.049060228498798,14.622222222222225,9.894036472913628
24,training_p90_high_events,no_met_10utc_expanding,KOTOTABANG2,30,6.366372609106875,9.183333333333334,8.041931534523
24,training_p90_high_events,no_met_10utc_expanding,MALANG,25,14.880456131818336,21.26,14.048417661936485
24,training_p90_high_events,no_met_10utc_expanding,MAROS,27,14.110722434941993,17.97037037037037,11.969516968124061
24,training_p90_high_events,no_met_10utc_expanding,MEDAN2,18,47.694470151018656,60.750000000000014,48.282871662063684
24,training_p90_high_events,no_met_10utc_expanding,MLATI,35,26.965812271545474,51.565714285714286,29.169065930263276
24,training_p90_high_events,no_met_10utc_expanding,PALANGKARAYA2,33,30.358486661963326,38.66060606060606,30.13326677383115
24,training_p90_high_events,no_met_10utc_expanding,PALEMBANG3,28,32.773101378228674,45.82857142857143,32.619473527050744
24,training_p90_high_events,no_met_10utc_expanding,PALEMBANG4,40,32.25996707299711,55.825,30.139689572847033
24,training_p90_high_events,no_met_10utc_expanding,PALU,21,4.585664459455328,5.866666666666667,5.25090200053111
24,training_p90_high_events,no_met_10utc_expanding,PANGKALANBUN2,40,29.393709710083975,32.4525,28.562731053388394
24,training_p90_high_events,no_met_10utc_expanding,PEKANBARU2,39,32.92024590176013,31.62820512820512,31.77356225701108
24,training_p90_high_events,no_met_10utc_expanding,PESAWARAN,37,23.12895601512628,22.02162162162162,28.292726899850027
24,training_p90_high_events,no_met_10utc_expanding,PONTIANAK2,64,60.959083735508315,76.75625,63.330967312490685
24,training_p90_high_events,no_met_10utc_expanding,SAMARINDA2,16,7.477465456737279,12.01875,7.88870699377525
24,training_p90_high_events,no_met_10utc_expanding,SEMARANG,28,18.36605222527418,28.382142857142856,21.15675654826575
24,training_p90_high_events,no_met_10utc_expanding,SINTANG,33,66.34537618852991,72.4121212121212,71.48874086692439
24,training_p90_high_events,no_met_10utc_expanding,SORONG,45,6.18687611163406,11.611111111111109,5.921969117070285
24,training_p90_high_events,no_met_10utc_expanding,SUPADIO,74,82.54999280444133,89.33513513513512,89.34823135074629
24,training_p90_high_events,no_met_10utc_expanding,TANJUNGHARAPAN2,31,6.377621311143153,12.135483870967743,6.57604282134371
48,all_common_cases,persistence_10utc,BANJARBARU2,236,22.665254237288135,22.665254237288135,17.831844996737622
48,all_common_cases,persistence_10utc,BATAM2,219,6.257534246575342,6.257534246575342,5.486215171097936
48,all_common_cases,persistence_10utc,BENGKULU,200,24.451000000000004,24.451000000000004,18.626975972072817
48,all_common_cases,persistence_10utc,INDRAPURI2,210,4.768571428571428,4.768571428571428,3.6696653891791
48,all_common_cases,persistence_10utc,JAMBI3,232,15.302586206896553,15.302586206896553,10.937273812956462
48,all_common_cases,persistence_10utc,JAMBI4,212,14.610377358490569,14.610377358490569,10.215165319685678
48,all_common_cases,persistence_10utc,KEMAYORAN3,235,21.560000000000002,21.560000000000002,13.435527061832618
48,all_common_cases,persistence_10utc,KOTABARU,202,6.069306930693069,6.069306930693069,4.257828909453757
48,all_common_cases,persistence_10utc,KOTOTABANG2,179,5.906703910614526,5.906703910614526,5.159821087796805
48,all_common_cases,persistence_10utc,MALANG,219,13.199543378995433,13.199543378995433,9.639233157151235
48,all_common_cases,persistence_10utc,MAROS,232,9.158620689655173,9.158620689655173,5.614100135107592
48,all_common_cases,persistence_10utc,MEDAN2,230,20.618260869565216,20.618260869565216,15.04225041299649
48,all_common_cases,persistence_10utc,MLATI,235,25.420851063829787,25.420851063829787,12.538193313432943
48,all_common_cases,persistence_10utc,PALANGKARAYA2,204,11.983823529411765,11.983823529411765,9.665441076766303
48,all_common_cases,persistence_10utc,PALEMBANG3,219,18.123744292237443,18.123744292237443,13.282918967244523
48,all_common_cases,persistence_10utc,PALEMBANG4,235,19.08808510638298,19.08808510638298,13.170242468120794
48,all_common_cases,persistence_10utc,PALU,68,4.4529411764705875,4.4529411764705875,3.4112605995558885
48,all_common_cases,persistence_10utc,PANGKALANBUN2,209,11.963157894736844,11.963157894736844,9.385109604459023
48,all_common_cases,persistence_10utc,PEKANBARU2,223,17.264573991031387,17.264573991031387,13.897848959485003
48,all_common_cases,persistence_10utc,PESAWARAN,207,17.03719806763285,17.03719806763285,14.00402697419869
48,all_common_cases,persistence_10utc,PONTIANAK2,202,30.480693069306934,30.480693069306934,27.97973442657148
48,all_common_cases,persistence_10utc,SAMARINDA2,204,5.722549019607843,5.722549019607843,4.048368145312984
48,all_common_cases,persistence_10utc,SEMARANG,231,14.761904761904763,14.761904761904763,10.326386365087044
48,all_common_cases,persistence_10utc,SINTANG,151,19.44569536423841,19.44569536423841,19.900812162943133
48,all_common_cases,persistence_10utc,SORONG,218,6.849541284403669,6.849541284403669,3.183221971674398
48,all_common_cases,persistence_10utc,SUPADIO,232,36.998706896551724,36.998706896551724,38.33489711172735
48,all_common_cases,persistence_10utc,TANJUNGHARAPAN2,183,5.517486338797814,5.517486338797814,4.19714365583282
48,all_common_cases,persistence_00utc,BANJARBARU2,236,22.046186440677964,22.665254237288135,17.831844996737622
48,all_common_cases,persistence_00utc,BATAM2,219,8.311415525114155,6.257534246575342,5.486215171097936
48,all_common_cases,persistence_00utc,BENGKULU,200,24.0255,24.451000000000004,18.626975972072817
48,all_common_cases,persistence_00utc,INDRAPURI2,210,4.063809523809524,4.768571428571428,3.6696653891791
48,all_common_cases,persistence_00utc,JAMBI3,232,13.96551724137931,15.302586206896553,10.937273812956462
48,all_common_cases,persistence_00utc,JAMBI4,212,12.725471698113209,14.610377358490569,10.215165319685678
48,all_common_cases,persistence_00utc,KEMAYORAN3,235,17.82,21.560000000000002,13.435527061832618
48,all_common_cases,persistence_00utc,KOTABARU,202,5.719306930693068,6.069306930693069,4.257828909453757
48,all_common_cases,persistence_00utc,KOTOTABANG2,179,5.869832402234637,5.906703910614526,5.159821087796805
48,all_common_cases,persistence_00utc,MALANG,219,11.367579908675799,13.199543378995433,9.639233157151235
48,all_common_cases,persistence_00utc,MAROS,232,6.926293103448276,9.158620689655173,5.614100135107592
48,all_common_cases,persistence_00utc,MEDAN2,230,19.919565217391305,20.618260869565216,15.04225041299649
48,all_common_cases,persistence_00utc,MLATI,235,17.08042553191489,25.420851063829787,12.538193313432943
48,all_common_cases,persistence_00utc,PALANGKARAYA2,204,12.75637254901961,11.983823529411765,9.665441076766303
48,all_common_cases,persistence_00utc,PALEMBANG3,219,16.476255707762554,18.123744292237443,13.282918967244523
48,all_common_cases,persistence_00utc,PALEMBANG4,235,16.651489361702126,19.08808510638298,13.170242468120794
48,all_common_cases,persistence_00utc,PALU,68,3.7588235294117647,4.4529411764705875,3.4112605995558885
48,all_common_cases,persistence_00utc,PANGKALANBUN2,209,11.111004784688994,11.963157894736844,9.385109604459023
48,all_common_cases,persistence_00utc,PEKANBARU2,223,19.422869955156948,17.264573991031387,13.897848959485003
48,all_common_cases,persistence_00utc,PESAWARAN,207,17.37246376811594,17.03719806763285,14.00402697419869
48,all_common_cases,persistence_00utc,PONTIANAK2,202,31.972277227722774,30.480693069306934,27.97973442657148
48,all_common_cases,persistence_00utc,SAMARINDA2,204,5.110784313725491,5.722549019607843,4.048368145312984
48,all_common_cases,persistence_00utc,SEMARANG,231,13.022943722943722,14.761904761904763,10.326386365087044
48,all_common_cases,persistence_00utc,SINTANG,151,17.08344370860927,19.44569536423841,19.900812162943133
48,all_common_cases,persistence_00utc,SORONG,218,4.061009174311926,6.849541284403669,3.183221971674398
48,all_common_cases,persistence_00utc,SUPADIO,232,33.37586206896552,36.998706896551724,38.33489711172735
48,all_common_cases,persistence_00utc,TANJUNGHARAPAN2,183,5.121857923497267,5.517486338797814,4.19714365583282
48,all_common_cases,climatology_training_only,BANJARBARU2,236,18.97266949152542,22.665254237288135,17.831844996737622
48,all_common_cases,climatology_training_only,BATAM2,219,5.637671232876713,6.257534246575342,5.486215171097936
48,all_common_cases,climatology_training_only,BENGKULU,200,19.069000000000003,24.451000000000004,18.626975972072817
48,all_common_cases,climatology_training_only,INDRAPURI2,210,4.234761904761904,4.768571428571428,3.6696653891791
48,all_common_cases,climatology_training_only,JAMBI3,232,12.54676724137931,15.302586206896553,10.937273812956462
48,all_common_cases,climatology_training_only,JAMBI4,212,10.88514150943396,14.610377358490569,10.215165319685678
48,all_common_cases,climatology_training_only,KEMAYORAN3,235,15.344042553191489,21.560000000000002,13.435527061832618
48,all_common_cases,climatology_training_only,KOTABARU,202,5.547029702970297,6.069306930693069,4.257828909453757
48,all_common_cases,climatology_training_only,KOTOTABANG2,179,4.592178770949721,5.906703910614526,5.159821087796805
48,all_common_cases,climatology_training_only,MALANG,219,9.841095890410958,13.199543378995433,9.639233157151235
48,all_common_cases,climatology_training_only,MAROS,232,6.9607758620689655,9.158620689655173,5.614100135107592
48,all_common_cases,climatology_training_only,MEDAN2,230,15.514782608695654,20.618260869565216,15.04225041299649
48,all_common_cases,climatology_training_only,MLATI,235,13.567234042553192,25.420851063829787,12.538193313432943
48,all_common_cases,climatology_training_only,PALANGKARAYA2,204,12.527941176470588,11.983823529411765,9.665441076766303
48,all_common_cases,climatology_training_only,PALEMBANG3,219,16.222374429223745,18.123744292237443,13.282918967244523
48,all_common_cases,climatology_training_only,PALEMBANG4,235,15.801276595744678,19.08808510638298,13.170242468120794
48,all_common_cases,climatology_training_only,PALU,68,5.300000000000001,4.4529411764705875,3.4112605995558885
48,all_common_cases,climatology_training_only,PANGKALANBUN2,209,11.611722488038279,11.963157894736844,9.385109604459023
48,all_common_cases,climatology_training_only,PEKANBARU2,223,14.353139013452914,17.264573991031387,13.897848959485003
48,all_common_cases,climatology_training_only,PESAWARAN,207,14.691304347826089,17.03719806763285,14.00402697419869
48,all_common_cases,climatology_training_only,PONTIANAK2,202,36.48762376237624,30.480693069306934,27.97973442657148
48,all_common_cases,climatology_training_only,SAMARINDA2,204,4.8274509803921575,5.722549019607843,4.048368145312984
48,all_common_cases,climatology_training_only,SEMARANG,231,10.407142857142858,14.761904761904763,10.326386365087044
48,all_common_cases,climatology_training_only,SINTANG,151,26.5341059602649,19.44569536423841,19.900812162943133
48,all_common_cases,climatology_training_only,SORONG,218,5.024770642201835,6.849541284403669,3.183221971674398
48,all_common_cases,climatology_training_only,SUPADIO,232,49.1948275862069,36.998706896551724,38.33489711172735
48,all_common_cases,climatology_training_only,TANJUNGHARAPAN2,183,6.301639344262296,5.517486338797814,4.19714365583282
48,all_common_cases,raw_cams,BANJARBARU2,236,21.64307448570945,22.665254237288135,17.831844996737622
48,all_common_cases,raw_cams,BATAM2,219,12.418501978180155,6.257534246575342,5.486215171097936
48,all_common_cases,raw_cams,BENGKULU,200,24.315546597906188,24.451000000000004,18.626975972072817
48,all_common_cases,raw_cams,INDRAPURI2,210,8.693840452727178,4.768571428571428,3.6696653891791
48,all_common_cases,raw_cams,JAMBI3,232,19.679193661053063,15.302586206896553,10.937273812956462
48,all_common_cases,raw_cams,JAMBI4,212,16.49968360516151,14.610377358490569,10.215165319685678
48,all_common_cases,raw_cams,KEMAYORAN3,235,39.67922450321941,21.560000000000002,13.435527061832618
48,all_common_cases,raw_cams,KOTABARU,202,5.7564443912976335,6.069306930693069,4.257828909453757
48,all_common_cases,raw_cams,KOTOTABANG2,179,15.983730492379893,5.906703910614526,5.159821087796805
48,all_common_cases,raw_cams,MALANG,219,28.12211210303455,13.199543378995433,9.639233157151235
48,all_common_cases,raw_cams,MAROS,232,11.141559174840502,9.158620689655173,5.614100135107592
48,all_common_cases,raw_cams,MEDAN2,230,16.85957768553227,20.618260869565216,15.04225041299649
48,all_common_cases,raw_cams,MLATI,235,32.471803183109124,25.420851063829787,12.538193313432943
48,all_common_cases,raw_cams,PALANGKARAYA2,204,11.678241539486756,11.983823529411765,9.665441076766303
48,all_common_cases,raw_cams,PALEMBANG3,219,22.82548822036089,18.123744292237443,13.282918967244523
48,all_common_cases,raw_cams,PALEMBANG4,235,23.64818770563498,19.08808510638298,13.170242468120794
48,all_common_cases,raw_cams,PALU,68,8.82191716697737,4.4529411764705875,3.4112605995558885
48,all_common_cases,raw_cams,PANGKALANBUN2,209,11.116010165549705,11.963157894736844,9.385109604459023
48,all_common_cases,raw_cams,PEKANBARU2,223,16.436846539539467,17.264573991031387,13.897848959485003
48,all_common_cases,raw_cams,PESAWARAN,207,18.564476311367304,17.03719806763285,14.00402697419869
48,all_common_cases,raw_cams,PONTIANAK2,202,32.42984579532354,30.480693069306934,27.97973442657148
48,all_common_cases,raw_cams,SAMARINDA2,204,5.02421450700371,5.722549019607843,4.048368145312984
48,all_common_cases,raw_cams,SEMARANG,231,18.509183747106768,14.761904761904763,10.326386365087044
48,all_common_cases,raw_cams,SINTANG,151,17.77754193315672,19.44569536423841,19.900812162943133
48,all_common_cases,raw_cams,SORONG,218,4.449936961591386,6.849541284403669,3.183221971674398
48,all_common_cases,raw_cams,SUPADIO,232,40.058467832428256,36.998706896551724,38.33489711172735
48,all_common_cases,raw_cams,TANJUNGHARAPAN2,183,5.618805689392403,5.517486338797814,4.19714365583282
48,all_common_cases,frozen_deployment,BANJARBARU2,236,17.831844996737622,22.665254237288135,17.831844996737622
48,all_common_cases,frozen_deployment,BATAM2,219,5.486215171097936,6.257534246575342,5.486215171097936
48,all_common_cases,frozen_deployment,BENGKULU,200,18.626975972072817,24.451000000000004,18.626975972072817
48,all_common_cases,frozen_deployment,INDRAPURI2,210,3.6696653891791,4.768571428571428,3.6696653891791
48,all_common_cases,frozen_deployment,JAMBI3,232,10.937273812956462,15.302586206896553,10.937273812956462
48,all_common_cases,frozen_deployment,JAMBI4,212,10.215165319685678,14.610377358490569,10.215165319685678
48,all_common_cases,frozen_deployment,KEMAYORAN3,235,13.435527061832618,21.560000000000002,13.435527061832618
48,all_common_cases,frozen_deployment,KOTABARU,202,4.257828909453757,6.069306930693069,4.257828909453757
48,all_common_cases,frozen_deployment,KOTOTABANG2,179,5.159821087796805,5.906703910614526,5.159821087796805
48,all_common_cases,frozen_deployment,MALANG,219,9.639233157151235,13.199543378995433,9.639233157151235
48,all_common_cases,frozen_deployment,MAROS,232,5.614100135107592,9.158620689655173,5.614100135107592
48,all_common_cases,frozen_deployment,MEDAN2,230,15.04225041299649,20.618260869565216,15.04225041299649
48,all_common_cases,frozen_deployment,MLATI,235,12.538193313432943,25.420851063829787,12.538193313432943
48,all_common_cases,frozen_deployment,PALANGKARAYA2,204,9.665441076766303,11.983823529411765,9.665441076766303
48,all_common_cases,frozen_deployment,PALEMBANG3,219,13.282918967244523,18.123744292237443,13.282918967244523
48,all_common_cases,frozen_deployment,PALEMBANG4,235,13.170242468120794,19.08808510638298,13.170242468120794
48,all_common_cases,frozen_deployment,PALU,68,3.4112605995558885,4.4529411764705875,3.4112605995558885
48,all_common_cases,frozen_deployment,PANGKALANBUN2,209,9.385109604459023,11.963157894736844,9.385109604459023
48,all_common_cases,frozen_deployment,PEKANBARU2,223,13.897848959485003,17.264573991031387,13.897848959485003
48,all_common_cases,frozen_deployment,PESAWARAN,207,14.00402697419869,17.03719806763285,14.00402697419869
48,all_common_cases,frozen_deployment,PONTIANAK2,202,27.97973442657148,30.480693069306934,27.97973442657148
48,all_common_cases,frozen_deployment,SAMARINDA2,204,4.048368145312984,5.722549019607843,4.048368145312984
48,all_common_cases,frozen_deployment,SEMARANG,231,10.326386365087044,14.761904761904763,10.326386365087044
48,all_common_cases,frozen_deployment,SINTANG,151,19.900812162943133,19.44569536423841,19.900812162943133
48,all_common_cases,frozen_deployment,SORONG,218,3.183221971674398,6.849541284403669,3.183221971674398
48,all_common_cases,frozen_deployment,SUPADIO,232,38.33489711172735,36.998706896551724,38.33489711172735
48,all_common_cases,frozen_deployment,TANJUNGHARAPAN2,183,4.19714365583282,5.517486338797814,4.19714365583282
48,all_common_cases,frozen_deployment_missing_met,BANJARBARU2,236,17.93270645392418,22.665254237288135,17.831844996737622
48,all_common_cases,frozen_deployment_missing_met,BATAM2,219,5.425847844839485,6.257534246575342,5.486215171097936
48,all_common_cases,frozen_deployment_missing_met,BENGKULU,200,18.680907343189986,24.451000000000004,18.626975972072817
48,all_common_cases,frozen_deployment_missing_met,INDRAPURI2,210,3.5778656981603025,4.768571428571428,3.6696653891791
48,all_common_cases,frozen_deployment_missing_met,JAMBI3,232,10.890449900454271,15.302586206896553,10.937273812956462
48,all_common_cases,frozen_deployment_missing_met,JAMBI4,212,10.186121693983514,14.610377358490569,10.215165319685678
48,all_common_cases,frozen_deployment_missing_met,KEMAYORAN3,235,13.381107559741894,21.560000000000002,13.435527061832618
48,all_common_cases,frozen_deployment_missing_met,KOTABARU,202,4.316926226861528,6.069306930693069,4.257828909453757
48,all_common_cases,frozen_deployment_missing_met,KOTOTABANG2,179,5.345454353813319,5.906703910614526,5.159821087796805
48,all_common_cases,frozen_deployment_missing_met,MALANG,219,9.615066121143144,13.199543378995433,9.639233157151235
48,all_common_cases,frozen_deployment_missing_met,MAROS,232,5.893915839572436,9.158620689655173,5.614100135107592
48,all_common_cases,frozen_deployment_missing_met,MEDAN2,230,15.09964798127546,20.618260869565216,15.04225041299649
48,all_common_cases,frozen_deployment_missing_met,MLATI,235,12.606263744146176,25.420851063829787,12.538193313432943
48,all_common_cases,frozen_deployment_missing_met,PALANGKARAYA2,204,9.522799121461851,11.983823529411765,9.665441076766303
48,all_common_cases,frozen_deployment_missing_met,PALEMBANG3,219,13.733884476204226,18.123744292237443,13.282918967244523
48,all_common_cases,frozen_deployment_missing_met,PALEMBANG4,235,12.945264045891347,19.08808510638298,13.170242468120794
48,all_common_cases,frozen_deployment_missing_met,PALU,68,3.5071548185482078,4.4529411764705875,3.4112605995558885
48,all_common_cases,frozen_deployment_missing_met,PANGKALANBUN2,209,9.353048395648266,11.963157894736844,9.385109604459023
48,all_common_cases,frozen_deployment_missing_met,PEKANBARU2,223,13.911402066231116,17.264573991031387,13.897848959485003
48,all_common_cases,frozen_deployment_missing_met,PESAWARAN,207,14.228974180345094,17.03719806763285,14.00402697419869
48,all_common_cases,frozen_deployment_missing_met,PONTIANAK2,202,27.683106863441612,30.480693069306934,27.97973442657148
48,all_common_cases,frozen_deployment_missing_met,SAMARINDA2,204,4.083012562251673,5.722549019607843,4.048368145312984
48,all_common_cases,frozen_deployment_missing_met,SEMARANG,231,10.2462410378571,14.761904761904763,10.326386365087044
48,all_common_cases,frozen_deployment_missing_met,SINTANG,151,19.62733646447644,19.44569536423841,19.900812162943133
48,all_common_cases,frozen_deployment_missing_met,SORONG,218,3.1715889897158767,6.849541284403669,3.183221971674398
48,all_common_cases,frozen_deployment_missing_met,SUPADIO,232,37.041510326034086,36.998706896551724,38.33489711172735
48,all_common_cases,frozen_deployment_missing_met,TANJUNGHARAPAN2,183,4.210906181287732,5.517486338797814,4.19714365583282
48,all_common_cases,all_features_00utc_expanding,BANJARBARU2,236,17.91291817050531,22.665254237288135,17.831844996737622
48,all_common_cases,all_features_00utc_expanding,BATAM2,219,5.546512858178168,6.257534246575342,5.486215171097936
48,all_common_cases,all_features_00utc_expanding,BENGKULU,200,18.607012981996494,24.451000000000004,18.626975972072817
48,all_common_cases,all_features_00utc_expanding,INDRAPURI2,210,3.5880207643312714,4.768571428571428,3.6696653891791
48,all_common_cases,all_features_00utc_expanding,JAMBI3,232,10.653927940491657,15.302586206896553,10.937273812956462
48,all_common_cases,all_features_00utc_expanding,JAMBI4,212,10.337906868836875,14.610377358490569,10.215165319685678
48,all_common_cases,all_features_00utc_expanding,KEMAYORAN3,235,13.29315631960619,21.560000000000002,13.435527061832618
48,all_common_cases,all_features_00utc_expanding,KOTABARU,202,4.244999166030306,6.069306930693069,4.257828909453757
48,all_common_cases,all_features_00utc_expanding,KOTOTABANG2,179,5.023029333394452,5.906703910614526,5.159821087796805
48,all_common_cases,all_features_00utc_expanding,MALANG,219,9.538613662113605,13.199543378995433,9.639233157151235
48,all_common_cases,all_features_00utc_expanding,MAROS,232,5.578536639501085,9.158620689655173,5.614100135107592
48,all_common_cases,all_features_00utc_expanding,MEDAN2,230,15.169712628368126,20.618260869565216,15.04225041299649
48,all_common_cases,all_features_00utc_expanding,MLATI,235,12.285548522923666,25.420851063829787,12.538193313432943
48,all_common_cases,all_features_00utc_expanding,PALANGKARAYA2,204,9.43205502242122,11.983823529411765,9.665441076766303
48,all_common_cases,all_features_00utc_expanding,PALEMBANG3,219,13.03242758678602,18.123744292237443,13.282918967244523
48,all_common_cases,all_features_00utc_expanding,PALEMBANG4,235,12.934836196065744,19.08808510638298,13.170242468120794
48,all_common_cases,all_features_00utc_expanding,PALU,68,3.406402377682756,4.4529411764705875,3.4112605995558885
48,all_common_cases,all_features_00utc_expanding,PANGKALANBUN2,209,9.418950100401933,11.963157894736844,9.385109604459023
48,all_common_cases,all_features_00utc_expanding,PEKANBARU2,223,14.098128650845254,17.264573991031387,13.897848959485003
48,all_common_cases,all_features_00utc_expanding,PESAWARAN,207,13.916538146579708,17.03719806763285,14.00402697419869
48,all_common_cases,all_features_00utc_expanding,PONTIANAK2,202,27.504539867318982,30.480693069306934,27.97973442657148
48,all_common_cases,all_features_00utc_expanding,SAMARINDA2,204,3.918590350311099,5.722549019607843,4.048368145312984
48,all_common_cases,all_features_00utc_expanding,SEMARANG,231,10.352233645251431,14.761904761904763,10.326386365087044
48,all_common_cases,all_features_00utc_expanding,SINTANG,151,19.086557455100387,19.44569536423841,19.900812162943133
48,all_common_cases,all_features_00utc_expanding,SORONG,218,3.2267806996713704,6.849541284403669,3.183221971674398
48,all_common_cases,all_features_00utc_expanding,SUPADIO,232,36.54408591060108,36.998706896551724,38.33489711172735
48,all_common_cases,all_features_00utc_expanding,TANJUNGHARAPAN2,183,4.174051673406165,5.517486338797814,4.19714365583282
48,all_common_cases,all_features_00utc_missing_met,BANJARBARU2,236,18.034638975976286,22.665254237288135,17.831844996737622
48,all_common_cases,all_features_00utc_missing_met,BATAM2,219,5.483797952885199,6.257534246575342,5.486215171097936
48,all_common_cases,all_features_00utc_missing_met,BENGKULU,200,18.696765681974092,24.451000000000004,18.626975972072817
48,all_common_cases,all_features_00utc_missing_met,INDRAPURI2,210,3.509061938537025,4.768571428571428,3.6696653891791
48,all_common_cases,all_features_00utc_missing_met,JAMBI3,232,10.710371528238058,15.302586206896553,10.937273812956462
48,all_common_cases,all_features_00utc_missing_met,JAMBI4,212,10.30280034572353,14.610377358490569,10.215165319685678
48,all_common_cases,all_features_00utc_missing_met,KEMAYORAN3,235,13.25727080511655,21.560000000000002,13.435527061832618
48,all_common_cases,all_features_00utc_missing_met,KOTABARU,202,4.246272199447358,6.069306930693069,4.257828909453757
48,all_common_cases,all_features_00utc_missing_met,KOTOTABANG2,179,5.0991258932818075,5.906703910614526,5.159821087796805
48,all_common_cases,all_features_00utc_missing_met,MALANG,219,9.590778167844196,13.199543378995433,9.639233157151235
48,all_common_cases,all_features_00utc_missing_met,MAROS,232,5.850794183777926,9.158620689655173,5.614100135107592
48,all_common_cases,all_features_00utc_missing_met,MEDAN2,230,15.316236333411,20.618260869565216,15.04225041299649
48,all_common_cases,all_features_00utc_missing_met,MLATI,235,12.55139326463942,25.420851063829787,12.538193313432943
48,all_common_cases,all_features_00utc_missing_met,PALANGKARAYA2,204,9.293215516362336,11.983823529411765,9.665441076766303
48,all_common_cases,all_features_00utc_missing_met,PALEMBANG3,219,13.543320464748621,18.123744292237443,13.282918967244523
48,all_common_cases,all_features_00utc_missing_met,PALEMBANG4,235,12.829586361019334,19.08808510638298,13.170242468120794
48,all_common_cases,all_features_00utc_missing_met,PALU,68,3.553723629744031,4.4529411764705875,3.4112605995558885
48,all_common_cases,all_features_00utc_missing_met,PANGKALANBUN2,209,9.401674585843972,11.963157894736844,9.385109604459023
48,all_common_cases,all_features_00utc_missing_met,PEKANBARU2,223,14.085205997933238,17.264573991031387,13.897848959485003
48,all_common_cases,all_features_00utc_missing_met,PESAWARAN,207,13.994174848806267,17.03719806763285,14.00402697419869
48,all_common_cases,all_features_00utc_missing_met,PONTIANAK2,202,27.22787872051394,30.480693069306934,27.97973442657148
48,all_common_cases,all_features_00utc_missing_met,SAMARINDA2,204,4.037224323192046,5.722549019607843,4.048368145312984
48,all_common_cases,all_features_00utc_missing_met,SEMARANG,231,10.275323643118222,14.761904761904763,10.326386365087044
48,all_common_cases,all_features_00utc_missing_met,SINTANG,151,18.984583384804502,19.44569536423841,19.900812162943133
48,all_common_cases,all_features_00utc_missing_met,SORONG,218,3.204314634814154,6.849541284403669,3.183221971674398
48,all_common_cases,all_features_00utc_missing_met,SUPADIO,232,35.56934455939094,36.998706896551724,38.33489711172735
48,all_common_cases,all_features_00utc_missing_met,TANJUNGHARAPAN2,183,4.148034648793979,5.517486338797814,4.19714365583282
48,all_common_cases,no_met_00utc_expanding,BANJARBARU2,236,17.945610818475114,22.665254237288135,17.831844996737622
48,all_common_cases,no_met_00utc_expanding,BATAM2,219,5.513750335337553,6.257534246575342,5.486215171097936
48,all_common_cases,no_met_00utc_expanding,BENGKULU,200,18.526961130102933,24.451000000000004,18.626975972072817
48,all_common_cases,no_met_00utc_expanding,INDRAPURI2,210,3.5049442209819097,4.768571428571428,3.6696653891791
48,all_common_cases,no_met_00utc_expanding,JAMBI3,232,10.780127741063673,15.302586206896553,10.937273812956462
48,all_common_cases,no_met_00utc_expanding,JAMBI4,212,10.21992892537763,14.610377358490569,10.215165319685678
48,all_common_cases,no_met_00utc_expanding,KEMAYORAN3,235,13.19826472350976,21.560000000000002,13.435527061832618
48,all_common_cases,no_met_00utc_expanding,KOTABARU,202,4.262308921860136,6.069306930693069,4.257828909453757
48,all_common_cases,no_met_00utc_expanding,KOTOTABANG2,179,5.067163354347863,5.906703910614526,5.159821087796805
48,all_common_cases,no_met_00utc_expanding,MALANG,219,9.590664274968832,13.199543378995433,9.639233157151235
48,all_common_cases,no_met_00utc_expanding,MAROS,232,5.659429984885178,9.158620689655173,5.614100135107592
48,all_common_cases,no_met_00utc_expanding,MEDAN2,230,15.006042829169592,20.618260869565216,15.04225041299649
48,all_common_cases,no_met_00utc_expanding,MLATI,235,12.529731181450067,25.420851063829787,12.538193313432943
48,all_common_cases,no_met_00utc_expanding,PALANGKARAYA2,204,9.366255453901625,11.983823529411765,9.665441076766303
48,all_common_cases,no_met_00utc_expanding,PALEMBANG3,219,13.498152497578474,18.123744292237443,13.282918967244523
48,all_common_cases,no_met_00utc_expanding,PALEMBANG4,235,13.024272918825485,19.08808510638298,13.170242468120794
48,all_common_cases,no_met_00utc_expanding,PALU,68,3.514612676941421,4.4529411764705875,3.4112605995558885
48,all_common_cases,no_met_00utc_expanding,PANGKALANBUN2,209,9.405876615688019,11.963157894736844,9.385109604459023
48,all_common_cases,no_met_00utc_expanding,PEKANBARU2,223,14.057546593973047,17.264573991031387,13.897848959485003
48,all_common_cases,no_met_00utc_expanding,PESAWARAN,207,13.95905886607715,17.03719806763285,14.00402697419869
48,all_common_cases,no_met_00utc_expanding,PONTIANAK2,202,27.34036030469719,30.480693069306934,27.97973442657148
48,all_common_cases,no_met_00utc_expanding,SAMARINDA2,204,3.8908869096760053,5.722549019607843,4.048368145312984
48,all_common_cases,no_met_00utc_expanding,SEMARANG,231,10.501996112822107,14.761904761904763,10.326386365087044
48,all_common_cases,no_met_00utc_expanding,SINTANG,151,19.245058959394,19.44569536423841,19.900812162943133
48,all_common_cases,no_met_00utc_expanding,SORONG,218,3.1787819298375832,6.849541284403669,3.183221971674398
48,all_common_cases,no_met_00utc_expanding,SUPADIO,232,36.45385546442442,36.998706896551724,38.33489711172735
48,all_common_cases,no_met_00utc_expanding,TANJUNGHARAPAN2,183,4.086226967869316,5.517486338797814,4.19714365583282
48,all_common_cases,no_met_10utc_expanding,BANJARBARU2,236,18.02809303297881,22.665254237288135,17.831844996737622
48,all_common_cases,no_met_10utc_expanding,BATAM2,219,5.5049506022588925,6.257534246575342,5.486215171097936
48,all_common_cases,no_met_10utc_expanding,BENGKULU,200,18.618346000003054,24.451000000000004,18.626975972072817
48,all_common_cases,no_met_10utc_expanding,INDRAPURI2,210,3.371041234151962,4.768571428571428,3.6696653891791
48,all_common_cases,no_met_10utc_expanding,JAMBI3,232,10.935660936243929,15.302586206896553,10.937273812956462
48,all_common_cases,no_met_10utc_expanding,JAMBI4,212,10.528336664730299,14.610377358490569,10.215165319685678
48,all_common_cases,no_met_10utc_expanding,KEMAYORAN3,235,13.212326036211492,21.560000000000002,13.435527061832618
48,all_common_cases,no_met_10utc_expanding,KOTABARU,202,4.264632065561842,6.069306930693069,4.257828909453757
48,all_common_cases,no_met_10utc_expanding,KOTOTABANG2,179,4.951942584370555,5.906703910614526,5.159821087796805
48,all_common_cases,no_met_10utc_expanding,MALANG,219,9.241471020068342,13.199543378995433,9.639233157151235
48,all_common_cases,no_met_10utc_expanding,MAROS,232,5.648689101237091,9.158620689655173,5.614100135107592
48,all_common_cases,no_met_10utc_expanding,MEDAN2,230,14.889077861642908,20.618260869565216,15.04225041299649
48,all_common_cases,no_met_10utc_expanding,MLATI,235,12.964760027168085,25.420851063829787,12.538193313432943
48,all_common_cases,no_met_10utc_expanding,PALANGKARAYA2,204,9.967324894689616,11.983823529411765,9.665441076766303
48,all_common_cases,no_met_10utc_expanding,PALEMBANG3,219,13.316640566162766,18.123744292237443,13.282918967244523
48,all_common_cases,no_met_10utc_expanding,PALEMBANG4,235,12.768192870046041,19.08808510638298,13.170242468120794
48,all_common_cases,no_met_10utc_expanding,PALU,68,3.5339135764145575,4.4529411764705875,3.4112605995558885
48,all_common_cases,no_met_10utc_expanding,PANGKALANBUN2,209,9.55703671162906,11.963157894736844,9.385109604459023
48,all_common_cases,no_met_10utc_expanding,PEKANBARU2,223,14.24683608564586,17.264573991031387,13.897848959485003
48,all_common_cases,no_met_10utc_expanding,PESAWARAN,207,13.924187266952323,17.03719806763285,14.00402697419869
48,all_common_cases,no_met_10utc_expanding,PONTIANAK2,202,26.67541836984799,30.480693069306934,27.97973442657148
48,all_common_cases,no_met_10utc_expanding,SAMARINDA2,204,3.999050429050957,5.722549019607843,4.048368145312984
48,all_common_cases,no_met_10utc_expanding,SEMARANG,231,10.155180814724572,14.761904761904763,10.326386365087044
48,all_common_cases,no_met_10utc_expanding,SINTANG,151,18.390725795631568,19.44569536423841,19.900812162943133
48,all_common_cases,no_met_10utc_expanding,SORONG,218,3.186492853661404,6.849541284403669,3.183221971674398
48,all_common_cases,no_met_10utc_expanding,SUPADIO,232,36.56967717206666,36.998706896551724,38.33489711172735
48,all_common_cases,no_met_10utc_expanding,TANJUNGHARAPAN2,183,4.0807016324241685,5.517486338797814,4.19714365583282
48,training_p90_high_events,persistence_10utc,BANJARBARU2,32,99.94375,99.94375,84.85966317712996
48,training_p90_high_events,persistence_10utc,BATAM2,22,16.972727272727273,16.972727272727273,18.344641258473402
48,training_p90_high_events,persistence_10utc,BENGKULU,39,60.21794871794873,60.21794871794873,50.61574191792861
48,training_p90_high_events,persistence_10utc,INDRAPURI2,39,6.776923076923077,6.776923076923077,4.622627325452177
48,training_p90_high_events,persistence_10utc,JAMBI3,27,30.562962962962963,30.562962962962963,32.88939929692737
48,training_p90_high_events,persistence_10utc,JAMBI4,31,34.193548387096776,34.193548387096776,26.905355270702042
48,training_p90_high_events,persistence_10utc,KEMAYORAN3,5,63.17999999999999,63.17999999999999,43.923215257878475
48,training_p90_high_events,persistence_10utc,KOTABARU,26,13.826923076923078,13.826923076923078,9.360244085906897
48,training_p90_high_events,persistence_10utc,KOTOTABANG2,27,9.896296296296295,9.896296296296295,12.119799683140396
48,training_p90_high_events,persistence_10utc,MALANG,23,24.18260869565217,24.18260869565217,17.0443684306034
48,training_p90_high_events,persistence_10utc,MAROS,28,18.50357142857143,18.50357142857143,12.627845247727512
48,training_p90_high_events,persistence_10utc,MEDAN2,18,64.58888888888889,64.58888888888889,49.714591893838055
48,training_p90_high_events,persistence_10utc,MLATI,35,53.11142857142857,53.11142857142857,30.42366546750284
48,training_p90_high_events,persistence_10utc,PALANGKARAYA2,34,38.78529411764707,38.78529411764707,34.3950473948193
48,training_p90_high_events,persistence_10utc,PALEMBANG3,29,39.841379310344834,39.841379310344834,35.08541100628211
48,training_p90_high_events,persistence_10utc,PALEMBANG4,40,56.415000000000006,56.415000000000006,36.42994014675985
48,training_p90_high_events,persistence_10utc,PALU,20,6.75,6.75,4.577024610788567
48,training_p90_high_events,persistence_10utc,PANGKALANBUN2,41,34.55365853658537,34.55365853658537,30.987236003705835
48,training_p90_high_events,persistence_10utc,PEKANBARU2,39,39.02307692307692,39.02307692307692,35.9054757044054
48,training_p90_high_events,persistence_10utc,PESAWARAN,34,29.185294117647057,29.185294117647057,32.754875240141466
48,training_p90_high_events,persistence_10utc,PONTIANAK2,65,80.20923076923076,80.20923076923076,73.33726306136177
48,training_p90_high_events,persistence_10utc,SAMARINDA2,16,10.631249999999998,10.631249999999998,7.996896594041422
48,training_p90_high_events,persistence_10utc,SEMARANG,28,31.210714285714285,31.210714285714285,22.77863396463542
48,training_p90_high_events,persistence_10utc,SINTANG,32,77.86249999999998,77.86249999999998,80.67940723659376
48,training_p90_high_events,persistence_10utc,SORONG,45,7.662222222222221,7.662222222222221,6.028668312641614
48,training_p90_high_events,persistence_10utc,SUPADIO,74,93.77297297297298,93.77297297297298,103.40652601479586
48,training_p90_high_events,persistence_10utc,TANJUNGHARAPAN2,31,10.919354838709678,10.919354838709678,8.508204160720807
48,training_p90_high_events,persistence_00utc,BANJARBARU2,32,78.05624999999999,99.94375,84.85966317712996
48,training_p90_high_events,persistence_00utc,BATAM2,22,20.44090909090909,16.972727272727273,18.344641258473402
48,training_p90_high_events,persistence_00utc,BENGKULU,39,44.06153846153846,60.21794871794873,50.61574191792861
48,training_p90_high_events,persistence_00utc,INDRAPURI2,39,6.199999999999999,6.776923076923077,4.622627325452177
48,training_p90_high_events,persistence_00utc,JAMBI3,27,25.82592592592593,30.562962962962963,32.88939929692737
48,training_p90_high_events,persistence_00utc,JAMBI4,31,26.88709677419355,34.193548387096776,26.905355270702042
48,training_p90_high_events,persistence_00utc,KEMAYORAN3,5,30.04,63.17999999999999,43.923215257878475
48,training_p90_high_events,persistence_00utc,KOTABARU,26,10.330769230769231,13.826923076923078,9.360244085906897
48,training_p90_high_events,persistence_00utc,KOTOTABANG2,27,11.34074074074074,9.896296296296295,12.119799683140396
48,training_p90_high_events,persistence_00utc,MALANG,23,20.71304347826087,24.18260869565217,17.0443684306034
48,training_p90_high_events,persistence_00utc,MAROS,28,12.928571428571429,18.50357142857143,12.627845247727512
48,training_p90_high_events,persistence_00utc,MEDAN2,18,41.605555555555554,64.58888888888889,49.714591893838055
48,training_p90_high_events,persistence_00utc,MLATI,35,27.91142857142857,53.11142857142857,30.42366546750284
48,training_p90_high_events,persistence_00utc,PALANGKARAYA2,34,46.1264705882353,38.78529411764707,34.3950473948193
48,training_p90_high_events,persistence_00utc,PALEMBANG3,29,27.831034482758618,39.841379310344834,35.08541100628211
48,training_p90_high_events,persistence_00utc,PALEMBANG4,40,33.625,56.415000000000006,36.42994014675985
48,training_p90_high_events,persistence_00utc,PALU,20,4.635,6.75,4.577024610788567
48,training_p90_high_events,persistence_00utc,PANGKALANBUN2,41,28.931707317073172,34.55365853658537,30.987236003705835
48,training_p90_high_events,persistence_00utc,PEKANBARU2,39,42.202564102564104,39.02307692307692,35.9054757044054
48,training_p90_high_events,persistence_00utc,PESAWARAN,34,28.605882352941173,29.185294117647057,32.754875240141466
48,training_p90_high_events,persistence_00utc,PONTIANAK2,65,78.35076923076923,80.20923076923076,73.33726306136177
48,training_p90_high_events,persistence_00utc,SAMARINDA2,16,11.8625,10.631249999999998,7.996896594041422
48,training_p90_high_events,persistence_00utc,SEMARANG,28,22.657142857142855,31.210714285714285,22.77863396463542
48,training_p90_high_events,persistence_00utc,SINTANG,32,64.95625,77.86249999999998,80.67940723659376
48,training_p90_high_events,persistence_00utc,SORONG,45,6.555555555555555,7.662222222222221,6.028668312641614
48,training_p90_high_events,persistence_00utc,SUPADIO,74,75.66621621621621,93.77297297297298,103.40652601479586
48,training_p90_high_events,persistence_00utc,TANJUNGHARAPAN2,31,10.24516129032258,10.919354838709678,8.508204160720807
48,training_p90_high_events,climatology_training_only,BANJARBARU2,32,93.0390625,99.94375,84.85966317712996
48,training_p90_high_events,climatology_training_only,BATAM2,22,20.629545454545454,16.972727272727273,18.344641258473402
48,training_p90_high_events,climatology_training_only,BENGKULU,39,53.256410256410255,60.21794871794873,50.61574191792861
48,training_p90_high_events,climatology_training_only,INDRAPURI2,39,9.705128205128204,6.776923076923077,4.622627325452177
48,training_p90_high_events,climatology_training_only,JAMBI3,27,41.54444444444444,30.562962962962963,32.88939929692737
48,training_p90_high_events,climatology_training_only,JAMBI4,31,33.004838709677415,34.193548387096776,26.905355270702042
48,training_p90_high_events,climatology_training_only,KEMAYORAN3,5,28.539999999999992,63.17999999999999,43.923215257878475
48,training_p90_high_events,climatology_training_only,KOTABARU,26,14.623076923076923,13.826923076923078,9.360244085906897
48,training_p90_high_events,climatology_training_only,KOTOTABANG2,27,14.318518518518514,9.896296296296295,12.119799683140396
48,training_p90_high_events,climatology_training_only,MALANG,23,24.245652173913044,24.18260869565217,17.0443684306034
48,training_p90_high_events,climatology_training_only,MAROS,28,16.414285714285715,18.50357142857143,12.627845247727512
48,training_p90_high_events,climatology_training_only,MEDAN2,18,51.27777777777777,64.58888888888889,49.714591893838055
48,training_p90_high_events,climatology_training_only,MLATI,35,34.785714285714285,53.11142857142857,30.42366546750284
48,training_p90_high_events,climatology_training_only,PALANGKARAYA2,34,54.91911764705883,38.78529411764707,34.3950473948193
48,training_p90_high_events,climatology_training_only,PALEMBANG3,29,50.98275862068964,39.841379310344834,35.08541100628211
48,training_p90_high_events,climatology_training_only,PALEMBANG4,40,48.147499999999994,56.415000000000006,36.42994014675985
48,training_p90_high_events,climatology_training_only,PALU,20,10.805,6.75,4.577024610788567
48,training_p90_high_events,climatology_training_only,PANGKALANBUN2,41,40.84146341463415,34.55365853658537,30.987236003705835
48,training_p90_high_events,climatology_training_only,PEKANBARU2,39,42.944871794871794,39.02307692307692,35.9054757044054
48,training_p90_high_events,climatology_training_only,PESAWARAN,34,37.34852941176471,29.185294117647057,32.754875240141466
48,training_p90_high_events,climatology_training_only,PONTIANAK2,65,98.99769230769232,80.20923076923076,73.33726306136177
48,training_p90_high_events,climatology_training_only,SAMARINDA2,16,15.549999999999997,10.631249999999998,7.996896594041422
48,training_p90_high_events,climatology_training_only,SEMARANG,28,23.63214285714286,31.210714285714285,22.77863396463542
48,training_p90_high_events,climatology_training_only,SINTANG,32,112.2546875,77.86249999999998,80.67940723659376
48,training_p90_high_events,climatology_training_only,SORONG,45,14.428888888888894,7.662222222222221,6.028668312641614
48,training_p90_high_events,climatology_training_only,SUPADIO,74,137.28783783783786,93.77297297297298,103.40652601479586
48,training_p90_high_events,climatology_training_only,TANJUNGHARAPAN2,31,21.23225806451613,10.919354838709678,8.508204160720807
48,training_p90_high_events,raw_cams,BANJARBARU2,32,100.7289565212004,99.94375,84.85966317712996
48,training_p90_high_events,raw_cams,BATAM2,22,28.307663258455637,16.972727272727273,18.344641258473402
48,training_p90_high_events,raw_cams,BENGKULU,39,67.63718569287094,60.21794871794873,50.61574191792861
48,training_p90_high_events,raw_cams,INDRAPURI2,39,8.35940543932155,6.776923076923077,4.622627325452177
48,training_p90_high_events,raw_cams,JAMBI3,27,50.86440024036636,30.562962962962963,32.88939929692737
48,training_p90_high_events,raw_cams,JAMBI4,31,41.22306570630689,34.193548387096776,26.905355270702042
48,training_p90_high_events,raw_cams,KEMAYORAN3,5,14.416179868712643,63.17999999999999,43.923215257878475
48,training_p90_high_events,raw_cams,KOTABARU,26,14.220728080305438,13.826923076923078,9.360244085906897
48,training_p90_high_events,raw_cams,KOTOTABANG2,27,15.003898347333827,9.896296296296295,12.119799683140396
48,training_p90_high_events,raw_cams,MALANG,23,14.381574573746738,24.18260869565217,17.0443684306034
48,training_p90_high_events,raw_cams,MAROS,28,30.766358459154663,18.50357142857143,12.627845247727512
48,training_p90_high_events,raw_cams,MEDAN2,18,41.717530767672685,64.58888888888889,49.714591893838055
48,training_p90_high_events,raw_cams,MLATI,35,25.178349688476608,53.11142857142857,30.42366546750284
48,training_p90_high_events,raw_cams,PALANGKARAYA2,34,40.83969779689854,38.78529411764707,34.3950473948193
48,training_p90_high_events,raw_cams,PALEMBANG3,29,56.96080150288596,39.841379310344834,35.08541100628211
48,training_p90_high_events,raw_cams,PALEMBANG4,40,59.09243716896981,56.415000000000006,36.42994014675985
48,training_p90_high_events,raw_cams,PALU,20,13.497882659556518,6.75,4.577024610788567
48,training_p90_high_events,raw_cams,PANGKALANBUN2,41,33.67960264781616,34.55365853658537,30.987236003705835
48,training_p90_high_events,raw_cams,PEKANBARU2,39,40.56673125932932,39.02307692307692,35.9054757044054
48,training_p90_high_events,raw_cams,PESAWARAN,34,29.35004983969881,29.185294117647057,32.754875240141466
48,training_p90_high_events,raw_cams,PONTIANAK2,65,83.00280271907306,80.20923076923076,73.33726306136177
48,training_p90_high_events,raw_cams,SAMARINDA2,16,11.779491729056197,10.631249999999998,7.996896594041422
48,training_p90_high_events,raw_cams,SEMARANG,28,15.753365786455792,31.210714285714285,22.77863396463542
48,training_p90_high_events,raw_cams,SINTANG,32,70.34079995552698,77.86249999999998,80.67940723659376
48,training_p90_high_events,raw_cams,SORONG,45,10.256858883466753,7.662222222222221,6.028668312641614
48,training_p90_high_events,raw_cams,SUPADIO,74,105.70806565168854,93.77297297297298,103.40652601479586
48,training_p90_high_events,raw_cams,TANJUNGHARAPAN2,31,13.701984651673323,10.919354838709678,8.508204160720807
48,training_p90_high_events,frozen_deployment,BANJARBARU2,32,84.85966317712996,99.94375,84.85966317712996
48,training_p90_high_events,frozen_deployment,BATAM2,22,18.344641258473402,16.972727272727273,18.344641258473402
48,training_p90_high_events,frozen_deployment,BENGKULU,39,50.61574191792861,60.21794871794873,50.61574191792861
48,training_p90_high_events,frozen_deployment,INDRAPURI2,39,4.622627325452177,6.776923076923077,4.622627325452177
48,training_p90_high_events,frozen_deployment,JAMBI3,27,32.88939929692737,30.562962962962963,32.88939929692737
48,training_p90_high_events,frozen_deployment,JAMBI4,31,26.905355270702042,34.193548387096776,26.905355270702042
48,training_p90_high_events,frozen_deployment,KEMAYORAN3,5,43.923215257878475,63.17999999999999,43.923215257878475
48,training_p90_high_events,frozen_deployment,KOTABARU,26,9.360244085906897,13.826923076923078,9.360244085906897
48,training_p90_high_events,frozen_deployment,KOTOTABANG2,27,12.119799683140396,9.896296296296295,12.119799683140396
48,training_p90_high_events,frozen_deployment,MALANG,23,17.0443684306034,24.18260869565217,17.0443684306034
48,training_p90_high_events,frozen_deployment,MAROS,28,12.627845247727512,18.50357142857143,12.627845247727512
48,training_p90_high_events,frozen_deployment,MEDAN2,18,49.714591893838055,64.58888888888889,49.714591893838055
48,training_p90_high_events,frozen_deployment,MLATI,35,30.42366546750284,53.11142857142857,30.42366546750284
48,training_p90_high_events,frozen_deployment,PALANGKARAYA2,34,34.3950473948193,38.78529411764707,34.3950473948193
48,training_p90_high_events,frozen_deployment,PALEMBANG3,29,35.08541100628211,39.841379310344834,35.08541100628211
48,training_p90_high_events,frozen_deployment,PALEMBANG4,40,36.42994014675985,56.415000000000006,36.42994014675985
48,training_p90_high_events,frozen_deployment,PALU,20,4.577024610788567,6.75,4.577024610788567
48,training_p90_high_events,frozen_deployment,PANGKALANBUN2,41,30.987236003705835,34.55365853658537,30.987236003705835
48,training_p90_high_events,frozen_deployment,PEKANBARU2,39,35.9054757044054,39.02307692307692,35.9054757044054
48,training_p90_high_events,frozen_deployment,PESAWARAN,34,32.754875240141466,29.185294117647057,32.754875240141466
48,training_p90_high_events,frozen_deployment,PONTIANAK2,65,73.33726306136177,80.20923076923076,73.33726306136177
48,training_p90_high_events,frozen_deployment,SAMARINDA2,16,7.996896594041422,10.631249999999998,7.996896594041422
48,training_p90_high_events,frozen_deployment,SEMARANG,28,22.77863396463542,31.210714285714285,22.77863396463542
48,training_p90_high_events,frozen_deployment,SINTANG,32,80.67940723659376,77.86249999999998,80.67940723659376
48,training_p90_high_events,frozen_deployment,SORONG,45,6.028668312641614,7.662222222222221,6.028668312641614
48,training_p90_high_events,frozen_deployment,SUPADIO,74,103.40652601479586,93.77297297297298,103.40652601479586
48,training_p90_high_events,frozen_deployment,TANJUNGHARAPAN2,31,8.508204160720807,10.919354838709678,8.508204160720807
48,training_p90_high_events,frozen_deployment_missing_met,BANJARBARU2,32,86.8260666560395,99.94375,84.85966317712996
48,training_p90_high_events,frozen_deployment_missing_met,BATAM2,22,18.137804361740077,16.972727272727273,18.344641258473402
48,training_p90_high_events,frozen_deployment_missing_met,BENGKULU,39,50.72758139807221,60.21794871794873,50.61574191792861
48,training_p90_high_events,frozen_deployment_missing_met,INDRAPURI2,39,4.789662190843832,6.776923076923077,4.622627325452177
48,training_p90_high_events,frozen_deployment_missing_met,JAMBI3,27,32.77943841507136,30.562962962962963,32.88939929692737
48,training_p90_high_events,frozen_deployment_missing_met,JAMBI4,31,26.101392301791677,34.193548387096776,26.905355270702042
48,training_p90_high_events,frozen_deployment_missing_met,KEMAYORAN3,5,43.697699004238004,63.17999999999999,43.923215257878475
48,training_p90_high_events,frozen_deployment_missing_met,KOTABARU,26,9.24661819670814,13.826923076923078,9.360244085906897
48,training_p90_high_events,frozen_deployment_missing_met,KOTOTABANG2,27,11.713344321148982,9.896296296296295,12.119799683140396
48,training_p90_high_events,frozen_deployment_missing_met,MALANG,23,17.107584390974445,24.18260869565217,17.0443684306034
48,training_p90_high_events,frozen_deployment_missing_met,MAROS,28,15.381578187988428,18.50357142857143,12.627845247727512
48,training_p90_high_events,frozen_deployment_missing_met,MEDAN2,18,48.22980838155483,64.58888888888889,49.714591893838055
48,training_p90_high_events,frozen_deployment_missing_met,MLATI,35,29.592747000043243,53.11142857142857,30.42366546750284
48,training_p90_high_events,frozen_deployment_missing_met,PALANGKARAYA2,34,33.239535683183334,38.78529411764707,34.3950473948193
48,training_p90_high_events,frozen_deployment_missing_met,PALEMBANG3,29,36.49267067635781,39.841379310344834,35.08541100628211
48,training_p90_high_events,frozen_deployment_missing_met,PALEMBANG4,40,35.15925241905328,56.415000000000006,36.42994014675985
48,training_p90_high_events,frozen_deployment_missing_met,PALU,20,4.67365286118172,6.75,4.577024610788567
48,training_p90_high_events,frozen_deployment_missing_met,PANGKALANBUN2,41,30.978307638273446,34.55365853658537,30.987236003705835
48,training_p90_high_events,frozen_deployment_missing_met,PEKANBARU2,39,36.09203128424932,39.02307692307692,35.9054757044054
48,training_p90_high_events,frozen_deployment_missing_met,PESAWARAN,34,30.53441779880678,29.185294117647057,32.754875240141466
48,training_p90_high_events,frozen_deployment_missing_met,PONTIANAK2,65,71.13904598467924,80.20923076923076,73.33726306136177
48,training_p90_high_events,frozen_deployment_missing_met,SAMARINDA2,16,7.918500009890321,10.631249999999998,7.996896594041422
48,training_p90_high_events,frozen_deployment_missing_met,SEMARANG,28,23.201658081645274,31.210714285714285,22.77863396463542
48,training_p90_high_events,frozen_deployment_missing_met,SINTANG,32,79.35086478540441,77.86249999999998,80.67940723659376
48,training_p90_high_events,frozen_deployment_missing_met,SORONG,45,6.128199118112937,7.662222222222221,6.028668312641614
48,training_p90_high_events,frozen_deployment_missing_met,SUPADIO,74,98.00400624535689,93.77297297297298,103.40652601479586
48,training_p90_high_events,frozen_deployment_missing_met,TANJUNGHARAPAN2,31,8.615725504592989,10.919354838709678,8.508204160720807
48,training_p90_high_events,all_features_00utc_expanding,BANJARBARU2,32,84.9790253310698,99.94375,84.85966317712996
48,training_p90_high_events,all_features_00utc_expanding,BATAM2,22,18.304507952192452,16.972727272727273,18.344641258473402
48,training_p90_high_events,all_features_00utc_expanding,BENGKULU,39,49.48859826892195,60.21794871794873,50.61574191792861
48,training_p90_high_events,all_features_00utc_expanding,INDRAPURI2,39,4.697055346296994,6.776923076923077,4.622627325452177
48,training_p90_high_events,all_features_00utc_expanding,JAMBI3,27,30.8845947904269,30.562962962962963,32.88939929692737
48,training_p90_high_events,all_features_00utc_expanding,JAMBI4,31,26.437165604943335,34.193548387096776,26.905355270702042
48,training_p90_high_events,all_features_00utc_expanding,KEMAYORAN3,5,39.9252735366268,63.17999999999999,43.923215257878475
48,training_p90_high_events,all_features_00utc_expanding,KOTABARU,26,9.123869213148714,13.826923076923078,9.360244085906897
48,training_p90_high_events,all_features_00utc_expanding,KOTOTABANG2,27,12.514752883044922,9.896296296296295,12.119799683140396
48,training_p90_high_events,all_features_00utc_expanding,MALANG,23,17.041417547119202,24.18260869565217,17.0443684306034
48,training_p90_high_events,all_features_00utc_expanding,MAROS,28,12.564277885386959,18.50357142857143,12.627845247727512
48,training_p90_high_events,all_features_00utc_expanding,MEDAN2,18,49.01551073677692,64.58888888888889,49.714591893838055
48,training_p90_high_events,all_features_00utc_expanding,MLATI,35,28.039825452978498,53.11142857142857,30.42366546750284
48,training_p90_high_events,all_features_00utc_expanding,PALANGKARAYA2,34,33.14552643431581,38.78529411764707,34.3950473948193
48,training_p90_high_events,all_features_00utc_expanding,PALEMBANG3,29,32.77815718173215,39.841379310344834,35.08541100628211
48,training_p90_high_events,all_features_00utc_expanding,PALEMBANG4,40,34.72500136763608,56.415000000000006,36.42994014675985
48,training_p90_high_events,all_features_00utc_expanding,PALU,20,4.392604945498231,6.75,4.577024610788567
48,training_p90_high_events,all_features_00utc_expanding,PANGKALANBUN2,41,31.13714439394026,34.55365853658537,30.987236003705835
48,training_p90_high_events,all_features_00utc_expanding,PEKANBARU2,39,36.74380237643499,39.02307692307692,35.9054757044054
48,training_p90_high_events,all_features_00utc_expanding,PESAWARAN,34,32.330302810976235,29.185294117647057,32.754875240141466
48,training_p90_high_events,all_features_00utc_expanding,PONTIANAK2,65,71.90271481851579,80.20923076923076,73.33726306136177
48,training_p90_high_events,all_features_00utc_expanding,SAMARINDA2,16,8.115266206280562,10.631249999999998,7.996896594041422
48,training_p90_high_events,all_features_00utc_expanding,SEMARANG,28,21.557998932012563,31.210714285714285,22.77863396463542
48,training_p90_high_events,all_features_00utc_expanding,SINTANG,32,77.5405575077405,77.86249999999998,80.67940723659376
48,training_p90_high_events,all_features_00utc_expanding,SORONG,45,6.2486382594882,7.662222222222221,6.028668312641614
48,training_p90_high_events,all_features_00utc_expanding,SUPADIO,74,97.58203325808633,93.77297297297298,103.40652601479586
48,training_p90_high_events,all_features_00utc_expanding,TANJUNGHARAPAN2,31,8.633158291812874,10.919354838709678,8.508204160720807
48,training_p90_high_events,all_features_00utc_missing_met,BANJARBARU2,32,86.67409235894544,99.94375,84.85966317712996
48,training_p90_high_events,all_features_00utc_missing_met,BATAM2,22,18.121418072023875,16.972727272727273,18.344641258473402
48,training_p90_high_events,all_features_00utc_missing_met,BENGKULU,39,50.05372905613885,60.21794871794873,50.61574191792861
48,training_p90_high_events,all_features_00utc_missing_met,INDRAPURI2,39,4.9648092490649445,6.776923076923077,4.622627325452177
48,training_p90_high_events,all_features_00utc_missing_met,JAMBI3,27,31.08917333300711,30.562962962962963,32.88939929692737
48,training_p90_high_events,all_features_00utc_missing_met,JAMBI4,31,25.593444254178173,34.193548387096776,26.905355270702042
48,training_p90_high_events,all_features_00utc_missing_met,KEMAYORAN3,5,40.12344490250955,63.17999999999999,43.923215257878475
48,training_p90_high_events,all_features_00utc_missing_met,KOTABARU,26,9.006285675975816,13.826923076923078,9.360244085906897
48,training_p90_high_events,all_features_00utc_missing_met,KOTOTABANG2,27,11.781860313640745,9.896296296296295,12.119799683140396
48,training_p90_high_events,all_features_00utc_missing_met,MALANG,23,16.6252343529307,24.18260869565217,17.0443684306034
48,training_p90_high_events,all_features_00utc_missing_met,MAROS,28,15.577182463217648,18.50357142857143,12.627845247727512
48,training_p90_high_events,all_features_00utc_missing_met,MEDAN2,18,47.88932351010913,64.58888888888889,49.714591893838055
48,training_p90_high_events,all_features_00utc_missing_met,MLATI,35,26.492604779003262,53.11142857142857,30.42366546750284
48,training_p90_high_events,all_features_00utc_missing_met,PALANGKARAYA2,34,32.00316507644885,38.78529411764707,34.3950473948193
48,training_p90_high_events,all_features_00utc_missing_met,PALEMBANG3,29,35.20404716960547,39.841379310344834,35.08541100628211
48,training_p90_high_events,all_features_00utc_missing_met,PALEMBANG4,40,33.844326963441965,56.415000000000006,36.42994014675985
48,training_p90_high_events,all_features_00utc_missing_met,PALU,20,4.634802258337183,6.75,4.577024610788567
48,training_p90_high_events,all_features_00utc_missing_met,PANGKALANBUN2,41,31.13543170827787,34.55365853658537,30.987236003705835
48,training_p90_high_events,all_features_00utc_missing_met,PEKANBARU2,39,37.000146947725,39.02307692307692,35.9054757044054
48,training_p90_high_events,all_features_00utc_missing_met,PESAWARAN,34,29.27012683723281,29.185294117647057,32.754875240141466
48,training_p90_high_events,all_features_00utc_missing_met,PONTIANAK2,65,69.21855026825774,80.20923076923076,73.33726306136177
48,training_p90_high_events,all_features_00utc_missing_met,SAMARINDA2,16,8.162795622625532,10.631249999999998,7.996896594041422
48,training_p90_high_events,all_features_00utc_missing_met,SEMARANG,28,21.608622851200344,31.210714285714285,22.77863396463542
48,training_p90_high_events,all_features_00utc_missing_met,SINTANG,32,76.97698389104869,77.86249999999998,80.67940723659376
48,training_p90_high_events,all_features_00utc_missing_met,SORONG,45,6.208635560253575,7.662222222222221,6.028668312641614
48,training_p90_high_events,all_features_00utc_missing_met,SUPADIO,74,93.09837904859555,93.77297297297298,103.40652601479586
48,training_p90_high_events,all_features_00utc_missing_met,TANJUNGHARAPAN2,31,8.684150296350426,10.919354838709678,8.508204160720807
48,training_p90_high_events,no_met_00utc_expanding,BANJARBARU2,32,86.02569909243931,99.94375,84.85966317712996
48,training_p90_high_events,no_met_00utc_expanding,BATAM2,22,18.023220200192444,16.972727272727273,18.344641258473402
48,training_p90_high_events,no_met_00utc_expanding,BENGKULU,39,49.441528184505856,60.21794871794873,50.61574191792861
48,training_p90_high_events,no_met_00utc_expanding,INDRAPURI2,39,4.7022913254029355,6.776923076923077,4.622627325452177
48,training_p90_high_events,no_met_00utc_expanding,JAMBI3,27,32.24193268226247,30.562962962962963,32.88939929692737
48,training_p90_high_events,no_met_00utc_expanding,JAMBI4,31,26.181246618943923,34.193548387096776,26.905355270702042
48,training_p90_high_events,no_met_00utc_expanding,KEMAYORAN3,5,40.90636811134971,63.17999999999999,43.923215257878475
48,training_p90_high_events,no_met_00utc_expanding,KOTABARU,26,9.300759416093472,13.826923076923078,9.360244085906897
48,training_p90_high_events,no_met_00utc_expanding,KOTOTABANG2,27,12.267318264856577,9.896296296296295,12.119799683140396
48,training_p90_high_events,no_met_00utc_expanding,MALANG,23,17.06181252387555,24.18260869565217,17.0443684306034
48,training_p90_high_events,no_met_00utc_expanding,MAROS,28,13.439579908461573,18.50357142857143,12.627845247727512
48,training_p90_high_events,no_met_00utc_expanding,MEDAN2,18,48.26206596933375,64.58888888888889,49.714591893838055
48,training_p90_high_events,no_met_00utc_expanding,MLATI,35,28.49893055217251,53.11142857142857,30.42366546750284
48,training_p90_high_events,no_met_00utc_expanding,PALANGKARAYA2,34,32.85699321043539,38.78529411764707,34.3950473948193
48,training_p90_high_events,no_met_00utc_expanding,PALEMBANG3,29,35.68907607959044,39.841379310344834,35.08541100628211
48,training_p90_high_events,no_met_00utc_expanding,PALEMBANG4,40,34.459718009096356,56.415000000000006,36.42994014675985
48,training_p90_high_events,no_met_00utc_expanding,PALU,20,4.80566601144662,6.75,4.577024610788567
48,training_p90_high_events,no_met_00utc_expanding,PANGKALANBUN2,41,31.121445819613598,34.55365853658537,30.987236003705835
48,training_p90_high_events,no_met_00utc_expanding,PEKANBARU2,39,37.46708552331772,39.02307692307692,35.9054757044054
48,training_p90_high_events,no_met_00utc_expanding,PESAWARAN,34,29.89562027420063,29.185294117647057,32.754875240141466
48,training_p90_high_events,no_met_00utc_expanding,PONTIANAK2,65,70.5841832326043,80.20923076923076,73.33726306136177
48,training_p90_high_events,no_met_00utc_expanding,SAMARINDA2,16,7.869926987985614,10.631249999999998,7.996896594041422
48,training_p90_high_events,no_met_00utc_expanding,SEMARANG,28,21.665693151959534,31.210714285714285,22.77863396463542
48,training_p90_high_events,no_met_00utc_expanding,SINTANG,32,78.08522759796827,77.86249999999998,80.67940723659376
48,training_p90_high_events,no_met_00utc_expanding,SORONG,45,6.2342503247686345,7.662222222222221,6.028668312641614
48,training_p90_high_events,no_met_00utc_expanding,SUPADIO,74,96.7887944329416,93.77297297297298,103.40652601479586
48,training_p90_high_events,no_met_00utc_expanding,TANJUNGHARAPAN2,31,8.619941058440633,10.919354838709678,8.508204160720807
48,training_p90_high_events,no_met_10utc_expanding,BANJARBARU2,32,87.06642935322846,99.94375,84.85966317712996
48,training_p90_high_events,no_met_10utc_expanding,BATAM2,22,17.228417499904683,16.972727272727273,18.344641258473402
48,training_p90_high_events,no_met_10utc_expanding,BENGKULU,39,48.95781878904036,60.21794871794873,50.61574191792861
48,training_p90_high_events,no_met_10utc_expanding,INDRAPURI2,39,4.611674311876911,6.776923076923077,4.622627325452177
48,training_p90_high_events,no_met_10utc_expanding,JAMBI3,27,28.587591776292008,30.562962962962963,32.88939929692737
48,training_p90_high_events,no_met_10utc_expanding,JAMBI4,31,27.460689331295615,34.193548387096776,26.905355270702042
48,training_p90_high_events,no_met_10utc_expanding,KEMAYORAN3,5,38.37696723317494,63.17999999999999,43.923215257878475
48,training_p90_high_events,no_met_10utc_expanding,KOTABARU,26,9.062062515410965,13.826923076923078,9.360244085906897
48,training_p90_high_events,no_met_10utc_expanding,KOTOTABANG2,27,11.494885861720313,9.896296296296295,12.119799683140396
48,training_p90_high_events,no_met_10utc_expanding,MALANG,23,16.703031985891936,24.18260869565217,17.0443684306034
48,training_p90_high_events,no_met_10utc_expanding,MAROS,28,13.179434011762405,18.50357142857143,12.627845247727512
48,training_p90_high_events,no_met_10utc_expanding,MEDAN2,18,50.80225768291729,64.58888888888889,49.714591893838055
48,training_p90_high_events,no_met_10utc_expanding,MLATI,35,30.04782335755081,53.11142857142857,30.42366546750284
48,training_p90_high_events,no_met_10utc_expanding,PALANGKARAYA2,34,32.65771892024998,38.78529411764707,34.3950473948193
48,training_p90_high_events,no_met_10utc_expanding,PALEMBANG3,29,32.94338460680235,39.841379310344834,35.08541100628211
48,training_p90_high_events,no_met_10utc_expanding,PALEMBANG4,40,33.369522601766676,56.415000000000006,36.42994014675985
48,training_p90_high_events,no_met_10utc_expanding,PALU,20,4.836417322093533,6.75,4.577024610788567
48,training_p90_high_events,no_met_10utc_expanding,PANGKALANBUN2,41,31.83370260087639,34.55365853658537,30.987236003705835
48,training_p90_high_events,no_met_10utc_expanding,PEKANBARU2,39,36.7975422307219,39.02307692307692,35.9054757044054
48,training_p90_high_events,no_met_10utc_expanding,PESAWARAN,34,30.18121755344864,29.185294117647057,32.754875240141466
48,training_p90_high_events,no_met_10utc_expanding,PONTIANAK2,65,69.47784517595161,80.20923076923076,73.33726306136177
48,training_p90_high_events,no_met_10utc_expanding,SAMARINDA2,16,7.2890653013901225,10.631249999999998,7.996896594041422
48,training_p90_high_events,no_met_10utc_expanding,SEMARANG,28,20.941143797596574,31.210714285714285,22.77863396463542
48,training_p90_high_events,no_met_10utc_expanding,SINTANG,32,74.81889068026328,77.86249999999998,80.67940723659376
48,training_p90_high_events,no_met_10utc_expanding,SORONG,45,6.647475651827756,7.662222222222221,6.028668312641614
48,training_p90_high_events,no_met_10utc_expanding,SUPADIO,74,98.04480795640352,93.77297297297298,103.40652601479586
48,training_p90_high_events,no_met_10utc_expanding,TANJUNGHARAPAN2,31,7.713851768735651,10.919354838709678,8.508204160720807
72,all_common_cases,persistence_10utc,BANJARBARU2,236,22.69703389830508,22.69703389830508,18.175527149978034
72,all_common_cases,persistence_10utc,BATAM2,218,7.669266055045872,7.669266055045872,6.059611698699037
72,all_common_cases,persistence_10utc,BENGKULU,201,24.697014925373136,24.697014925373136,18.751440255283207
72,all_common_cases,persistence_10utc,INDRAPURI2,209,4.926315789473684,4.926315789473684,3.793081429928793
72,all_common_cases,persistence_10utc,JAMBI3,232,14.536637931034482,14.536637931034482,11.468762413006084
72,all_common_cases,persistence_10utc,JAMBI4,212,14.725471698113209,14.725471698113209,10.604761211413752
72,all_common_cases,persistence_10utc,KEMAYORAN3,235,21.082978723404256,21.082978723404256,13.545270276961428
72,all_common_cases,persistence_10utc,KOTABARU,202,5.825742574257426,5.825742574257426,4.373979930036457
72,all_common_cases,persistence_10utc,KOTOTABANG2,180,7.618333333333333,7.618333333333333,5.408804673954122
72,all_common_cases,persistence_10utc,MALANG,219,13.4310502283105,13.4310502283105,9.425039103147414
72,all_common_cases,persistence_10utc,MAROS,231,9.702164502164505,9.702164502164505,5.883972802462224
72,all_common_cases,persistence_10utc,MEDAN2,230,20.741739130434784,20.741739130434784,15.05872611408462
72,all_common_cases,persistence_10utc,MLATI,235,25.185957446808512,25.185957446808512,12.808021067420379
72,all_common_cases,persistence_10utc,PALANGKARAYA2,200,12.486500000000001,12.486500000000001,9.91776889642267
72,all_common_cases,persistence_10utc,PALEMBANG3,219,18.302283105022834,18.302283105022834,14.404636970246305
72,all_common_cases,persistence_10utc,PALEMBANG4,235,19.87787234042553,19.87787234042553,13.464743277224088
72,all_common_cases,persistence_10utc,PALU,67,4.708955223880597,4.708955223880597,3.757637937639363
72,all_common_cases,persistence_10utc,PANGKALANBUN2,208,11.341346153846153,11.341346153846153,9.264709413478279
72,all_common_cases,persistence_10utc,PEKANBARU2,225,19.372,19.372,14.088085925460975
72,all_common_cases,persistence_10utc,PESAWARAN,204,17.735294117647054,17.735294117647054,14.230612485586093
72,all_common_cases,persistence_10utc,PONTIANAK2,200,29.890500000000003,29.890500000000003,28.97660225667125
72,all_common_cases,persistence_10utc,SAMARINDA2,205,5.557073170731706,5.557073170731706,3.9704399621878186
72,all_common_cases,persistence_10utc,SEMARANG,231,15.181818181818182,15.181818181818182,10.558592412875267
72,all_common_cases,persistence_10utc,SINTANG,150,21.250000000000004,21.250000000000004,20.599037944664563
72,all_common_cases,persistence_10utc,SORONG,217,6.817972350230415,6.817972350230415,3.3351136736177986
72,all_common_cases,persistence_10utc,SUPADIO,231,39.294805194805186,39.294805194805186,40.0055853213266
72,all_common_cases,persistence_10utc,TANJUNGHARAPAN2,180,5.5472222222222225,5.5472222222222225,4.492128929517998
72,all_common_cases,persistence_00utc,BANJARBARU2,236,24.76737288135593,22.69703389830508,18.175527149978034
72,all_common_cases,persistence_00utc,BATAM2,218,8.844036697247706,7.669266055045872,6.059611698699037
72,all_common_cases,persistence_00utc,BENGKULU,201,25.131343283582087,24.697014925373136,18.751440255283207
72,all_common_cases,persistence_00utc,INDRAPURI2,209,4.117224880382775,4.926315789473684,3.793081429928793
72,all_common_cases,persistence_00utc,JAMBI3,232,15.224137931034482,14.536637931034482,11.468762413006084
72,all_common_cases,persistence_00utc,JAMBI4,212,14.09811320754717,14.725471698113209,10.604761211413752
72,all_common_cases,persistence_00utc,KEMAYORAN3,235,17.557446808510637,21.082978723404256,13.545270276961428
72,all_common_cases,persistence_00utc,KOTABARU,202,5.854950495049505,5.825742574257426,4.373979930036457
72,all_common_cases,persistence_00utc,KOTOTABANG2,180,6.7972222222222225,7.618333333333333,5.408804673954122
72,all_common_cases,persistence_00utc,MALANG,219,12.009132420091325,13.4310502283105,9.425039103147414
72,all_common_cases,persistence_00utc,MAROS,231,7.60995670995671,9.702164502164505,5.883972802462224
72,all_common_cases,persistence_00utc,MEDAN2,230,20.27086956521739,20.741739130434784,15.05872611408462
72,all_common_cases,persistence_00utc,MLATI,235,17.575319148936167,25.185957446808512,12.808021067420379
72,all_common_cases,persistence_00utc,PALANGKARAYA2,200,12.897,12.486500000000001,9.91776889642267
72,all_common_cases,persistence_00utc,PALEMBANG3,219,18.42876712328767,18.302283105022834,14.404636970246305
72,all_common_cases,persistence_00utc,PALEMBANG4,235,16.042127659574472,19.87787234042553,13.464743277224088
72,all_common_cases,persistence_00utc,PALU,67,5.02686567164179,4.708955223880597,3.757637937639363
72,all_common_cases,persistence_00utc,PANGKALANBUN2,208,12.853365384615385,11.341346153846153,9.264709413478279
72,all_common_cases,persistence_00utc,PEKANBARU2,225,20.414666666666662,19.372,14.088085925460975
72,all_common_cases,persistence_00utc,PESAWARAN,204,17.927450980392155,17.735294117647054,14.230612485586093
72,all_common_cases,persistence_00utc,PONTIANAK2,200,31.506000000000004,29.890500000000003,28.97660225667125
72,all_common_cases,persistence_00utc,SAMARINDA2,205,4.635121951219512,5.557073170731706,3.9704399621878186
72,all_common_cases,persistence_00utc,SEMARANG,231,14.163636363636364,15.181818181818182,10.558592412875267
72,all_common_cases,persistence_00utc,SINTANG,150,18.525333333333336,21.250000000000004,20.599037944664563
72,all_common_cases,persistence_00utc,SORONG,217,4.514746543778802,6.817972350230415,3.3351136736177986
72,all_common_cases,persistence_00utc,SUPADIO,231,35.73809523809524,39.294805194805186,40.0055853213266
72,all_common_cases,persistence_00utc,TANJUNGHARAPAN2,180,5.492222222222223,5.5472222222222225,4.492128929517998
72,all_common_cases,climatology_training_only,BANJARBARU2,236,18.968220338983052,22.69703389830508,18.175527149978034
72,all_common_cases,climatology_training_only,BATAM2,218,6.383715596330275,7.669266055045872,6.059611698699037
72,all_common_cases,climatology_training_only,BENGKULU,201,19.283333333333335,24.697014925373136,18.751440255283207
72,all_common_cases,climatology_training_only,INDRAPURI2,209,4.280382775119618,4.926315789473684,3.793081429928793
72,all_common_cases,climatology_training_only,JAMBI3,232,12.776724137931035,14.536637931034482,11.468762413006084
72,all_common_cases,climatology_training_only,JAMBI4,212,11.213443396226415,14.725471698113209,10.604761211413752
72,all_common_cases,climatology_training_only,KEMAYORAN3,235,15.405744680851063,21.082978723404256,13.545270276961428
72,all_common_cases,climatology_training_only,KOTABARU,202,5.5673267326732665,5.825742574257426,4.373979930036457
72,all_common_cases,climatology_training_only,KOTOTABANG2,180,4.663888888888889,7.618333333333333,5.408804673954122
72,all_common_cases,climatology_training_only,MALANG,219,9.640639269406394,13.4310502283105,9.425039103147414
72,all_common_cases,climatology_training_only,MAROS,231,7.012770562770564,9.702164502164505,5.883972802462224
72,all_common_cases,climatology_training_only,MEDAN2,230,15.320869565217393,20.741739130434784,15.05872611408462
72,all_common_cases,climatology_training_only,MLATI,235,13.429574468085105,25.185957446808512,12.808021067420379
72,all_common_cases,climatology_training_only,PALANGKARAYA2,200,12.734749999999998,12.486500000000001,9.91776889642267
72,all_common_cases,climatology_training_only,PALEMBANG3,219,16.33013698630137,18.302283105022834,14.404636970246305
72,all_common_cases,climatology_training_only,PALEMBANG4,235,15.698297872340424,19.87787234042553,13.464743277224088
72,all_common_cases,climatology_training_only,PALU,67,5.462686567164179,4.708955223880597,3.757637937639363
72,all_common_cases,climatology_training_only,PANGKALANBUN2,208,11.231009615384616,11.341346153846153,9.264709413478279
72,all_common_cases,climatology_training_only,PEKANBARU2,225,14.426222222222222,19.372,14.088085925460975
72,all_common_cases,climatology_training_only,PESAWARAN,204,14.77156862745098,17.735294117647054,14.230612485586093
72,all_common_cases,climatology_training_only,PONTIANAK2,200,35.4975,29.890500000000003,28.97660225667125
72,all_common_cases,climatology_training_only,SAMARINDA2,205,4.934634146341463,5.557073170731706,3.9704399621878186
72,all_common_cases,climatology_training_only,SEMARANG,231,10.364285714285714,15.181818181818182,10.558592412875267
72,all_common_cases,climatology_training_only,SINTANG,150,26.448,21.250000000000004,20.599037944664563
72,all_common_cases,climatology_training_only,SORONG,217,4.945622119815669,6.817972350230415,3.3351136736177986
72,all_common_cases,climatology_training_only,SUPADIO,231,49.12380952380953,39.294805194805186,40.0055853213266
72,all_common_cases,climatology_training_only,TANJUNGHARAPAN2,180,6.346111111111111,5.5472222222222225,4.492128929517998
72,all_common_cases,raw_cams,BANJARBARU2,236,22.259148486547065,22.69703389830508,18.175527149978034
72,all_common_cases,raw_cams,BATAM2,218,13.438330646680429,7.669266055045872,6.059611698699037
72,all_common_cases,raw_cams,BENGKULU,201,24.529742614688054,24.697014925373136,18.751440255283207
72,all_common_cases,raw_cams,INDRAPURI2,209,8.57990932644942,4.926315789473684,3.793081429928793
72,all_common_cases,raw_cams,JAMBI3,232,20.18681801598211,14.536637931034482,11.468762413006084
72,all_common_cases,raw_cams,JAMBI4,212,17.4382883956423,14.725471698113209,10.604761211413752
72,all_common_cases,raw_cams,KEMAYORAN3,235,41.65921330422425,21.082978723404256,13.545270276961428
72,all_common_cases,raw_cams,KOTABARU,202,5.517304760548241,5.825742574257426,4.373979930036457
72,all_common_cases,raw_cams,KOTOTABANG2,180,15.729656714334237,7.618333333333333,5.408804673954122
72,all_common_cases,raw_cams,MALANG,219,29.13388994729826,13.4310502283105,9.425039103147414
72,all_common_cases,raw_cams,MAROS,231,11.297788964397808,9.702164502164505,5.883972802462224
72,all_common_cases,raw_cams,MEDAN2,230,17.12663936344258,20.741739130434784,15.05872611408462
72,all_common_cases,raw_cams,MLATI,235,32.55466081841081,25.185957446808512,12.808021067420379
72,all_common_cases,raw_cams,PALANGKARAYA2,200,12.593201827239227,12.486500000000001,9.91776889642267
72,all_common_cases,raw_cams,PALEMBANG3,219,23.730297832890535,18.302283105022834,14.404636970246305
72,all_common_cases,raw_cams,PALEMBANG4,235,24.530407266267712,19.87787234042553,13.464743277224088
72,all_common_cases,raw_cams,PALU,67,8.898231044972249,4.708955223880597,3.757637937639363
72,all_common_cases,raw_cams,PANGKALANBUN2,208,11.254946716215436,11.341346153846153,9.264709413478279
72,all_common_cases,raw_cams,PEKANBARU2,225,16.26257229538155,19.372,14.088085925460975
72,all_common_cases,raw_cams,PESAWARAN,204,19.082535657071585,17.735294117647054,14.230612485586093
72,all_common_cases,raw_cams,PONTIANAK2,200,33.152724577845625,29.890500000000003,28.97660225667125
72,all_common_cases,raw_cams,SAMARINDA2,205,4.5701937502535595,5.557073170731706,3.9704399621878186
72,all_common_cases,raw_cams,SEMARANG,231,18.376636570924777,15.181818181818182,10.558592412875267
72,all_common_cases,raw_cams,SINTANG,150,18.89583687559848,21.250000000000004,20.599037944664563
72,all_common_cases,raw_cams,SORONG,217,4.581504638004719,6.817972350230415,3.3351136736177986
72,all_common_cases,raw_cams,SUPADIO,231,40.876658028230246,39.294805194805186,40.0055853213266
72,all_common_cases,raw_cams,TANJUNGHARAPAN2,180,6.021192456240207,5.5472222222222225,4.492128929517998
72,all_common_cases,frozen_deployment,BANJARBARU2,236,18.175527149978034,22.69703389830508,18.175527149978034
72,all_common_cases,frozen_deployment,BATAM2,218,6.059611698699037,7.669266055045872,6.059611698699037
72,all_common_cases,frozen_deployment,BENGKULU,201,18.751440255283207,24.697014925373136,18.751440255283207
72,all_common_cases,frozen_deployment,INDRAPURI2,209,3.793081429928793,4.926315789473684,3.793081429928793
72,all_common_cases,frozen_deployment,JAMBI3,232,11.468762413006084,14.536637931034482,11.468762413006084
72,all_common_cases,frozen_deployment,JAMBI4,212,10.604761211413752,14.725471698113209,10.604761211413752
72,all_common_cases,frozen_deployment,KEMAYORAN3,235,13.545270276961428,21.082978723404256,13.545270276961428
72,all_common_cases,frozen_deployment,KOTABARU,202,4.373979930036457,5.825742574257426,4.373979930036457
72,all_common_cases,frozen_deployment,KOTOTABANG2,180,5.408804673954122,7.618333333333333,5.408804673954122
72,all_common_cases,frozen_deployment,MALANG,219,9.425039103147414,13.4310502283105,9.425039103147414
72,all_common_cases,frozen_deployment,MAROS,231,5.883972802462224,9.702164502164505,5.883972802462224
72,all_common_cases,frozen_deployment,MEDAN2,230,15.05872611408462,20.741739130434784,15.05872611408462
72,all_common_cases,frozen_deployment,MLATI,235,12.808021067420379,25.185957446808512,12.808021067420379
72,all_common_cases,frozen_deployment,PALANGKARAYA2,200,9.91776889642267,12.486500000000001,9.91776889642267
72,all_common_cases,frozen_deployment,PALEMBANG3,219,14.404636970246305,18.302283105022834,14.404636970246305
72,all_common_cases,frozen_deployment,PALEMBANG4,235,13.464743277224088,19.87787234042553,13.464743277224088
72,all_common_cases,frozen_deployment,PALU,67,3.757637937639363,4.708955223880597,3.757637937639363
72,all_common_cases,frozen_deployment,PANGKALANBUN2,208,9.264709413478279,11.341346153846153,9.264709413478279
72,all_common_cases,frozen_deployment,PEKANBARU2,225,14.088085925460975,19.372,14.088085925460975
72,all_common_cases,frozen_deployment,PESAWARAN,204,14.230612485586093,17.735294117647054,14.230612485586093
72,all_common_cases,frozen_deployment,PONTIANAK2,200,28.97660225667125,29.890500000000003,28.97660225667125
72,all_common_cases,frozen_deployment,SAMARINDA2,205,3.9704399621878186,5.557073170731706,3.9704399621878186
72,all_common_cases,frozen_deployment,SEMARANG,231,10.558592412875267,15.181818181818182,10.558592412875267
72,all_common_cases,frozen_deployment,SINTANG,150,20.599037944664563,21.250000000000004,20.599037944664563
72,all_common_cases,frozen_deployment,SORONG,217,3.3351136736177986,6.817972350230415,3.3351136736177986
72,all_common_cases,frozen_deployment,SUPADIO,231,40.0055853213266,39.294805194805186,40.0055853213266
72,all_common_cases,frozen_deployment,TANJUNGHARAPAN2,180,4.492128929517998,5.5472222222222225,4.492128929517998
72,all_common_cases,frozen_deployment_missing_met,BANJARBARU2,236,18.2450227473483,22.69703389830508,18.175527149978034
72,all_common_cases,frozen_deployment_missing_met,BATAM2,218,6.00730469314215,7.669266055045872,6.059611698699037
72,all_common_cases,frozen_deployment_missing_met,BENGKULU,201,18.919624808898217,24.697014925373136,18.751440255283207
72,all_common_cases,frozen_deployment_missing_met,INDRAPURI2,209,3.7394384278652546,4.926315789473684,3.793081429928793
72,all_common_cases,frozen_deployment_missing_met,JAMBI3,232,11.273695932587877,14.536637931034482,11.468762413006084
72,all_common_cases,frozen_deployment_missing_met,JAMBI4,212,10.56174251327799,14.725471698113209,10.604761211413752
72,all_common_cases,frozen_deployment_missing_met,KEMAYORAN3,235,13.485996293151473,21.082978723404256,13.545270276961428
72,all_common_cases,frozen_deployment_missing_met,KOTABARU,202,4.413433175011962,5.825742574257426,4.373979930036457
72,all_common_cases,frozen_deployment_missing_met,KOTOTABANG2,180,5.574834317112304,7.618333333333333,5.408804673954122
72,all_common_cases,frozen_deployment_missing_met,MALANG,219,9.86475336096166,13.4310502283105,9.425039103147414
72,all_common_cases,frozen_deployment_missing_met,MAROS,231,6.122971608091372,9.702164502164505,5.883972802462224
72,all_common_cases,frozen_deployment_missing_met,MEDAN2,230,15.264803054248237,20.741739130434784,15.05872611408462
72,all_common_cases,frozen_deployment_missing_met,MLATI,235,12.680458977761427,25.185957446808512,12.808021067420379
72,all_common_cases,frozen_deployment_missing_met,PALANGKARAYA2,200,9.900097137567775,12.486500000000001,9.91776889642267
72,all_common_cases,frozen_deployment_missing_met,PALEMBANG3,219,14.665500439901146,18.302283105022834,14.404636970246305
72,all_common_cases,frozen_deployment_missing_met,PALEMBANG4,235,13.038638291556003,19.87787234042553,13.464743277224088
72,all_common_cases,frozen_deployment_missing_met,PALU,67,3.8297469769489427,4.708955223880597,3.757637937639363
72,all_common_cases,frozen_deployment_missing_met,PANGKALANBUN2,208,9.233691625939048,11.341346153846153,9.264709413478279
72,all_common_cases,frozen_deployment_missing_met,PEKANBARU2,225,14.06025656839259,19.372,14.088085925460975
72,all_common_cases,frozen_deployment_missing_met,PESAWARAN,204,14.298635393191777,17.735294117647054,14.230612485586093
72,all_common_cases,frozen_deployment_missing_met,PONTIANAK2,200,28.3569198774078,29.890500000000003,28.97660225667125
72,all_common_cases,frozen_deployment_missing_met,SAMARINDA2,205,3.929162300750396,5.557073170731706,3.9704399621878186
72,all_common_cases,frozen_deployment_missing_met,SEMARANG,231,10.767408070171081,15.181818181818182,10.558592412875267
72,all_common_cases,frozen_deployment_missing_met,SINTANG,150,20.214676786953607,21.250000000000004,20.599037944664563
72,all_common_cases,frozen_deployment_missing_met,SORONG,217,3.336227139230328,6.817972350230415,3.3351136736177986
72,all_common_cases,frozen_deployment_missing_met,SUPADIO,231,38.82172385803818,39.294805194805186,40.0055853213266
72,all_common_cases,frozen_deployment_missing_met,TANJUNGHARAPAN2,180,4.426268498346674,5.5472222222222225,4.492128929517998
72,all_common_cases,all_features_00utc_expanding,BANJARBARU2,236,18.230363392658695,22.69703389830508,18.175527149978034
72,all_common_cases,all_features_00utc_expanding,BATAM2,218,6.092967679403776,7.669266055045872,6.059611698699037
72,all_common_cases,all_features_00utc_expanding,BENGKULU,201,18.61809988785705,24.697014925373136,18.751440255283207
72,all_common_cases,all_features_00utc_expanding,INDRAPURI2,209,3.6585574929606617,4.926315789473684,3.793081429928793
72,all_common_cases,all_features_00utc_expanding,JAMBI3,232,11.375550549475498,14.536637931034482,11.468762413006084
72,all_common_cases,all_features_00utc_expanding,JAMBI4,212,10.611424423415835,14.725471698113209,10.604761211413752
72,all_common_cases,all_features_00utc_expanding,KEMAYORAN3,235,13.543636717946193,21.082978723404256,13.545270276961428
72,all_common_cases,all_features_00utc_expanding,KOTABARU,202,4.344454918291375,5.825742574257426,4.373979930036457
72,all_common_cases,all_features_00utc_expanding,KOTOTABANG2,180,5.142113722753391,7.618333333333333,5.408804673954122
72,all_common_cases,all_features_00utc_expanding,MALANG,219,9.45700219956981,13.4310502283105,9.425039103147414
72,all_common_cases,all_features_00utc_expanding,MAROS,231,5.7884849531438345,9.702164502164505,5.883972802462224
72,all_common_cases,all_features_00utc_expanding,MEDAN2,230,14.964711617967874,20.741739130434784,15.05872611408462
72,all_common_cases,all_features_00utc_expanding,MLATI,235,12.75522145806362,25.185957446808512,12.808021067420379
72,all_common_cases,all_features_00utc_expanding,PALANGKARAYA2,200,9.909106644140339,12.486500000000001,9.91776889642267
72,all_common_cases,all_features_00utc_expanding,PALEMBANG3,219,14.498039898753238,18.302283105022834,14.404636970246305
72,all_common_cases,all_features_00utc_expanding,PALEMBANG4,235,13.342594949683258,19.87787234042553,13.464743277224088
72,all_common_cases,all_features_00utc_expanding,PALU,67,3.7628163533867123,4.708955223880597,3.757637937639363
72,all_common_cases,all_features_00utc_expanding,PANGKALANBUN2,208,9.359995024393163,11.341346153846153,9.264709413478279
72,all_common_cases,all_features_00utc_expanding,PEKANBARU2,225,14.384551626527761,19.372,14.088085925460975
72,all_common_cases,all_features_00utc_expanding,PESAWARAN,204,14.286166203381246,17.735294117647054,14.230612485586093
72,all_common_cases,all_features_00utc_expanding,PONTIANAK2,200,28.886490482107277,29.890500000000003,28.97660225667125
72,all_common_cases,all_features_00utc_expanding,SAMARINDA2,205,3.84909098716175,5.557073170731706,3.9704399621878186
72,all_common_cases,all_features_00utc_expanding,SEMARANG,231,10.553695467883747,15.181818181818182,10.558592412875267
72,all_common_cases,all_features_00utc_expanding,SINTANG,150,20.144067780314572,21.250000000000004,20.599037944664563
72,all_common_cases,all_features_00utc_expanding,SORONG,217,3.3112856460861684,6.817972350230415,3.3351136736177986
72,all_common_cases,all_features_00utc_expanding,SUPADIO,231,38.503796347410955,39.294805194805186,40.0055853213266
72,all_common_cases,all_features_00utc_expanding,TANJUNGHARAPAN2,180,4.497285562979537,5.5472222222222225,4.492128929517998
72,all_common_cases,all_features_00utc_missing_met,BANJARBARU2,236,18.380602287263994,22.69703389830508,18.175527149978034
72,all_common_cases,all_features_00utc_missing_met,BATAM2,218,6.050511087257093,7.669266055045872,6.059611698699037
72,all_common_cases,all_features_00utc_missing_met,BENGKULU,201,18.621403579652796,24.697014925373136,18.751440255283207
72,all_common_cases,all_features_00utc_missing_met,INDRAPURI2,209,3.6655573055772033,4.926315789473684,3.793081429928793
72,all_common_cases,all_features_00utc_missing_met,JAMBI3,232,11.317691051350328,14.536637931034482,11.468762413006084
72,all_common_cases,all_features_00utc_missing_met,JAMBI4,212,10.530746082443093,14.725471698113209,10.604761211413752
72,all_common_cases,all_features_00utc_missing_met,KEMAYORAN3,235,13.756841670618575,21.082978723404256,13.545270276961428
72,all_common_cases,all_features_00utc_missing_met,KOTABARU,202,4.329080491277989,5.825742574257426,4.373979930036457
72,all_common_cases,all_features_00utc_missing_met,KOTOTABANG2,180,5.343828665101703,7.618333333333333,5.408804673954122
72,all_common_cases,all_features_00utc_missing_met,MALANG,219,9.92523396736689,13.4310502283105,9.425039103147414
72,all_common_cases,all_features_00utc_missing_met,MAROS,231,6.109251560393366,9.702164502164505,5.883972802462224
72,all_common_cases,all_features_00utc_missing_met,MEDAN2,230,15.366479621141938,20.741739130434784,15.05872611408462
72,all_common_cases,all_features_00utc_missing_met,MLATI,235,12.97615617814476,25.185957446808512,12.808021067420379
72,all_common_cases,all_features_00utc_missing_met,PALANGKARAYA2,200,9.90718358648647,12.486500000000001,9.91776889642267
72,all_common_cases,all_features_00utc_missing_met,PALEMBANG3,219,14.925211040814345,18.302283105022834,14.404636970246305
72,all_common_cases,all_features_00utc_missing_met,PALEMBANG4,235,13.108346005360712,19.87787234042553,13.464743277224088
72,all_common_cases,all_features_00utc_missing_met,PALU,67,3.9412382986376664,4.708955223880597,3.757637937639363
72,all_common_cases,all_features_00utc_missing_met,PANGKALANBUN2,208,9.407501521680029,11.341346153846153,9.264709413478279
72,all_common_cases,all_features_00utc_missing_met,PEKANBARU2,225,14.340992559280563,19.372,14.088085925460975
72,all_common_cases,all_features_00utc_missing_met,PESAWARAN,204,14.504316182779835,17.735294117647054,14.230612485586093
72,all_common_cases,all_features_00utc_missing_met,PONTIANAK2,200,28.193937746905554,29.890500000000003,28.97660225667125
72,all_common_cases,all_features_00utc_missing_met,SAMARINDA2,205,3.798528438105778,5.557073170731706,3.9704399621878186
72,all_common_cases,all_features_00utc_missing_met,SEMARANG,231,10.745694140506018,15.181818181818182,10.558592412875267
72,all_common_cases,all_features_00utc_missing_met,SINTANG,150,19.64135628775167,21.250000000000004,20.599037944664563
72,all_common_cases,all_features_00utc_missing_met,SORONG,217,3.3337519237223074,6.817972350230415,3.3351136736177986
72,all_common_cases,all_features_00utc_missing_met,SUPADIO,231,37.5504151706039,39.294805194805186,40.0055853213266
72,all_common_cases,all_features_00utc_missing_met,TANJUNGHARAPAN2,180,4.349263735111518,5.5472222222222225,4.492128929517998
72,all_common_cases,no_met_00utc_expanding,BANJARBARU2,236,18.291396112161642,22.69703389830508,18.175527149978034
72,all_common_cases,no_met_00utc_expanding,BATAM2,218,6.0938542229736425,7.669266055045872,6.059611698699037
72,all_common_cases,no_met_00utc_expanding,BENGKULU,201,18.6071478885212,24.697014925373136,18.751440255283207
72,all_common_cases,no_met_00utc_expanding,INDRAPURI2,209,3.7624243920308635,4.926315789473684,3.793081429928793
72,all_common_cases,no_met_00utc_expanding,JAMBI3,232,11.365743676156287,14.536637931034482,11.468762413006084
72,all_common_cases,no_met_00utc_expanding,JAMBI4,212,10.491696848370733,14.725471698113209,10.604761211413752
72,all_common_cases,no_met_00utc_expanding,KEMAYORAN3,235,13.669061117786976,21.082978723404256,13.545270276961428
72,all_common_cases,no_met_00utc_expanding,KOTABARU,202,4.429396659928469,5.825742574257426,4.373979930036457
72,all_common_cases,no_met_00utc_expanding,KOTOTABANG2,180,5.327635857278416,7.618333333333333,5.408804673954122
72,all_common_cases,no_met_00utc_expanding,MALANG,219,9.548535021883701,13.4310502283105,9.425039103147414
72,all_common_cases,no_met_00utc_expanding,MAROS,231,5.865344384159374,9.702164502164505,5.883972802462224
72,all_common_cases,no_met_00utc_expanding,MEDAN2,230,14.913230982051902,20.741739130434784,15.05872611408462
72,all_common_cases,no_met_00utc_expanding,MLATI,235,12.935327718035694,25.185957446808512,12.808021067420379
72,all_common_cases,no_met_00utc_expanding,PALANGKARAYA2,200,9.9028027702142,12.486500000000001,9.91776889642267
72,all_common_cases,no_met_00utc_expanding,PALEMBANG3,219,14.66744327063149,18.302283105022834,14.404636970246305
72,all_common_cases,no_met_00utc_expanding,PALEMBANG4,235,13.090913630266686,19.87787234042553,13.464743277224088
72,all_common_cases,no_met_00utc_expanding,PALU,67,3.9133908503024086,4.708955223880597,3.757637937639363
72,all_common_cases,no_met_00utc_expanding,PANGKALANBUN2,208,9.230627846888359,11.341346153846153,9.264709413478279
72,all_common_cases,no_met_00utc_expanding,PEKANBARU2,225,14.325975174307107,19.372,14.088085925460975
72,all_common_cases,no_met_00utc_expanding,PESAWARAN,204,14.281945687551694,17.735294117647054,14.230612485586093
72,all_common_cases,no_met_00utc_expanding,PONTIANAK2,200,28.685826976301723,29.890500000000003,28.97660225667125
72,all_common_cases,no_met_00utc_expanding,SAMARINDA2,205,3.887772056014948,5.557073170731706,3.9704399621878186
72,all_common_cases,no_met_00utc_expanding,SEMARANG,231,10.740433788423871,15.181818181818182,10.558592412875267
72,all_common_cases,no_met_00utc_expanding,SINTANG,150,20.075725480935496,21.250000000000004,20.599037944664563
72,all_common_cases,no_met_00utc_expanding,SORONG,217,3.3390763586347636,6.817972350230415,3.3351136736177986
72,all_common_cases,no_met_00utc_expanding,SUPADIO,231,38.54719620171503,39.294805194805186,40.0055853213266
72,all_common_cases,no_met_00utc_expanding,TANJUNGHARAPAN2,180,4.324343694486424,5.5472222222222225,4.492128929517998
72,all_common_cases,no_met_10utc_expanding,BANJARBARU2,236,18.17440401989055,22.69703389830508,18.175527149978034
72,all_common_cases,no_met_10utc_expanding,BATAM2,218,6.286512860066552,7.669266055045872,6.059611698699037
72,all_common_cases,no_met_10utc_expanding,BENGKULU,201,19.061240235337436,24.697014925373136,18.751440255283207
72,all_common_cases,no_met_10utc_expanding,INDRAPURI2,209,3.6196262685794482,4.926315789473684,3.793081429928793
72,all_common_cases,no_met_10utc_expanding,JAMBI3,232,11.243307540661757,14.536637931034482,11.468762413006084
72,all_common_cases,no_met_10utc_expanding,JAMBI4,212,10.598950736316395,14.725471698113209,10.604761211413752
72,all_common_cases,no_met_10utc_expanding,KEMAYORAN3,235,13.255537377479124,21.082978723404256,13.545270276961428
72,all_common_cases,no_met_10utc_expanding,KOTABARU,202,4.258456666076801,5.825742574257426,4.373979930036457
72,all_common_cases,no_met_10utc_expanding,KOTOTABANG2,180,5.52633998229329,7.618333333333333,5.408804673954122
72,all_common_cases,no_met_10utc_expanding,MALANG,219,9.348760721026157,13.4310502283105,9.425039103147414
72,all_common_cases,no_met_10utc_expanding,MAROS,231,5.821252926564056,9.702164502164505,5.883972802462224
72,all_common_cases,no_met_10utc_expanding,MEDAN2,230,14.61985893921021,20.741739130434784,15.05872611408462
72,all_common_cases,no_met_10utc_expanding,MLATI,235,13.05746745990964,25.185957446808512,12.808021067420379
72,all_common_cases,no_met_10utc_expanding,PALANGKARAYA2,200,10.135093270164104,12.486500000000001,9.91776889642267
72,all_common_cases,no_met_10utc_expanding,PALEMBANG3,219,14.552462696284348,18.302283105022834,14.404636970246305
72,all_common_cases,no_met_10utc_expanding,PALEMBANG4,235,13.397889643628414,19.87787234042553,13.464743277224088
72,all_common_cases,no_met_10utc_expanding,PALU,67,3.8829924433102834,4.708955223880597,3.757637937639363
72,all_common_cases,no_met_10utc_expanding,PANGKALANBUN2,208,9.374777977231487,11.341346153846153,9.264709413478279
72,all_common_cases,no_met_10utc_expanding,PEKANBARU2,225,14.555483916697348,19.372,14.088085925460975
72,all_common_cases,no_met_10utc_expanding,PESAWARAN,204,14.153218583278525,17.735294117647054,14.230612485586093
72,all_common_cases,no_met_10utc_expanding,PONTIANAK2,200,28.12094044100464,29.890500000000003,28.97660225667125
72,all_common_cases,no_met_10utc_expanding,SAMARINDA2,205,3.9216298659930424,5.557073170731706,3.9704399621878186
72,all_common_cases,no_met_10utc_expanding,SEMARANG,231,10.31349299975394,15.181818181818182,10.558592412875267
72,all_common_cases,no_met_10utc_expanding,SINTANG,150,20.27715025290182,21.250000000000004,20.599037944664563
72,all_common_cases,no_met_10utc_expanding,SORONG,217,3.292041418951042,6.817972350230415,3.3351136736177986
72,all_common_cases,no_met_10utc_expanding,SUPADIO,231,39.27417436521947,39.294805194805186,40.0055853213266
72,all_common_cases,no_met_10utc_expanding,TANJUNGHARAPAN2,180,4.262453823090464,5.5472222222222225,4.492128929517998
72,training_p90_high_events,persistence_10utc,BANJARBARU2,33,99.36363636363635,99.36363636363635,84.76821112827523
72,training_p90_high_events,persistence_10utc,BATAM2,23,26.595652173913045,26.595652173913045,24.091357127775865
72,training_p90_high_events,persistence_10utc,BENGKULU,40,61.735000000000014,61.735000000000014,50.345205834477355
72,training_p90_high_events,persistence_10utc,INDRAPURI2,39,6.053846153846154,6.053846153846154,4.931783420072883
72,training_p90_high_events,persistence_10utc,JAMBI3,28,34.00000000000001,34.00000000000001,34.625644425467854
72,training_p90_high_events,persistence_10utc,JAMBI4,32,37.496875,37.496875,29.732237777629003
72,training_p90_high_events,persistence_10utc,KEMAYORAN3,4,68.19999999999999,68.19999999999999,50.05140828120953
72,training_p90_high_events,persistence_10utc,KOTABARU,25,13.468000000000002,13.468000000000002,9.516409680833132
72,training_p90_high_events,persistence_10utc,KOTOTABANG2,29,15.917241379310346,15.917241379310346,11.922530796925454
72,training_p90_high_events,persistence_10utc,MALANG,24,25.075,25.075,15.51227595669736
72,training_p90_high_events,persistence_10utc,MAROS,28,19.457142857142856,19.457142857142856,12.66466011903923
72,training_p90_high_events,persistence_10utc,MEDAN2,17,63.88235294117647,63.88235294117647,51.303531085240174
72,training_p90_high_events,persistence_10utc,MLATI,36,50.77777777777778,50.77777777777778,30.699378894329673
72,training_p90_high_events,persistence_10utc,PALANGKARAYA2,34,38.45588235294117,38.45588235294117,35.35404614129303
72,training_p90_high_events,persistence_10utc,PALEMBANG3,29,45.49310344827586,45.49310344827586,37.916308047945066
72,training_p90_high_events,persistence_10utc,PALEMBANG4,39,57.52820512820512,57.52820512820512,37.93039606394009
72,training_p90_high_events,persistence_10utc,PALU,21,5.985714285714287,5.985714285714287,5.230213012853938
72,training_p90_high_events,persistence_10utc,PANGKALANBUN2,39,33.392307692307696,33.392307692307696,31.970315661653203
72,training_p90_high_events,persistence_10utc,PEKANBARU2,39,46.89487179487178,46.89487179487178,37.421403872320816
72,training_p90_high_events,persistence_10utc,PESAWARAN,34,33.267647058823535,33.267647058823535,34.60939424926251
72,training_p90_high_events,persistence_10utc,PONTIANAK2,66,75.35151515151514,75.35151515151514,73.06864500170109
72,training_p90_high_events,persistence_10utc,SAMARINDA2,17,11.541176470588237,11.541176470588237,8.521510705575636
72,training_p90_high_events,persistence_10utc,SEMARANG,27,32.48518518518519,32.48518518518519,23.716393290291787
72,training_p90_high_events,persistence_10utc,SINTANG,31,87.20967741935483,87.20967741935483,87.01920738133961
72,training_p90_high_events,persistence_10utc,SORONG,42,7.454761904761905,7.454761904761905,6.395700566333825
72,training_p90_high_events,persistence_10utc,SUPADIO,75,96.728,96.728,106.56709335783322
72,training_p90_high_events,persistence_10utc,TANJUNGHARAPAN2,31,10.725806451612906,10.725806451612906,9.475395769241569
72,training_p90_high_events,persistence_00utc,BANJARBARU2,33,88.56666666666666,99.36363636363635,84.76821112827523
72,training_p90_high_events,persistence_00utc,BATAM2,23,26.978260869565222,26.595652173913045,24.091357127775865
72,training_p90_high_events,persistence_00utc,BENGKULU,40,47.83,61.735000000000014,50.345205834477355
72,training_p90_high_events,persistence_00utc,INDRAPURI2,39,5.876923076923076,6.053846153846154,4.931783420072883
72,training_p90_high_events,persistence_00utc,JAMBI3,28,27.24642857142857,34.00000000000001,34.625644425467854
72,training_p90_high_events,persistence_00utc,JAMBI4,32,26.9,37.496875,29.732237777629003
72,training_p90_high_events,persistence_00utc,KEMAYORAN3,4,54.775,68.19999999999999,50.05140828120953
72,training_p90_high_events,persistence_00utc,KOTABARU,25,8.896,13.468000000000002,9.516409680833132
72,training_p90_high_events,persistence_00utc,KOTOTABANG2,29,12.224137931034482,15.917241379310346,11.922530796925454
72,training_p90_high_events,persistence_00utc,MALANG,24,18.24166666666667,25.075,15.51227595669736
72,training_p90_high_events,persistence_00utc,MAROS,28,13.171428571428569,19.457142857142856,12.66466011903923
72,training_p90_high_events,persistence_00utc,MEDAN2,17,43.28235294117647,63.88235294117647,51.303531085240174
72,training_p90_high_events,persistence_00utc,MLATI,36,27.486111111111107,50.77777777777778,30.699378894329673
72,training_p90_high_events,persistence_00utc,PALANGKARAYA2,34,37.455882352941174,38.45588235294117,35.35404614129303
72,training_p90_high_events,persistence_00utc,PALEMBANG3,29,34.39310344827586,45.49310344827586,37.916308047945066
72,training_p90_high_events,persistence_00utc,PALEMBANG4,39,31.710256410256413,57.52820512820512,37.93039606394009
72,training_p90_high_events,persistence_00utc,PALU,21,6.414285714285714,5.985714285714287,5.230213012853938
72,training_p90_high_events,persistence_00utc,PANGKALANBUN2,39,35.07179487179487,33.392307692307696,31.970315661653203
72,training_p90_high_events,persistence_00utc,PEKANBARU2,39,47.49999999999999,46.89487179487178,37.421403872320816
72,training_p90_high_events,persistence_00utc,PESAWARAN,34,30.552941176470586,33.267647058823535,34.60939424926251
72,training_p90_high_events,persistence_00utc,PONTIANAK2,66,63.849999999999994,75.35151515151514,73.06864500170109
72,training_p90_high_events,persistence_00utc,SAMARINDA2,17,8.91764705882353,11.541176470588237,8.521510705575636
72,training_p90_high_events,persistence_00utc,SEMARANG,27,26.32962962962963,32.48518518518519,23.716393290291787
72,training_p90_high_events,persistence_00utc,SINTANG,31,72.66451612903226,87.20967741935483,87.01920738133961
72,training_p90_high_events,persistence_00utc,SORONG,42,7.673809523809524,7.454761904761905,6.395700566333825
72,training_p90_high_events,persistence_00utc,SUPADIO,75,74.98400000000001,96.728,106.56709335783322
72,training_p90_high_events,persistence_00utc,TANJUNGHARAPAN2,31,12.074193548387097,10.725806451612906,9.475395769241569
72,training_p90_high_events,climatology_training_only,BANJARBARU2,33,90.87272727272726,99.36363636363635,84.76821112827523
72,training_p90_high_events,climatology_training_only,BATAM2,23,26.436956521739134,26.595652173913045,24.091357127775865
72,training_p90_high_events,climatology_training_only,BENGKULU,40,53.30875000000001,61.735000000000014,50.345205834477355
72,training_p90_high_events,climatology_training_only,INDRAPURI2,39,9.784615384615384,6.053846153846154,4.931783420072883
72,training_p90_high_events,climatology_training_only,JAMBI3,28,41.48571428571428,34.00000000000001,34.625644425467854
72,training_p90_high_events,climatology_training_only,JAMBI4,32,34.693749999999994,37.496875,29.732237777629003
72,training_p90_high_events,climatology_training_only,KEMAYORAN3,4,29.474999999999994,68.19999999999999,50.05140828120953
72,training_p90_high_events,climatology_training_only,KOTABARU,25,14.328,13.468000000000002,9.516409680833132
72,training_p90_high_events,climatology_training_only,KOTOTABANG2,29,14.0,15.917241379310346,11.922530796925454
72,training_p90_high_events,climatology_training_only,MALANG,24,23.385416666666668,25.075,15.51227595669736
72,training_p90_high_events,climatology_training_only,MAROS,28,16.414285714285715,19.457142857142856,12.66466011903923
72,training_p90_high_events,climatology_training_only,MEDAN2,17,51.555882352941175,63.88235294117647,51.303531085240174
72,training_p90_high_events,climatology_training_only,MLATI,36,34.25972222222222,50.77777777777778,30.699378894329673
72,training_p90_high_events,climatology_training_only,PALANGKARAYA2,34,54.91911764705883,38.45588235294117,35.35404614129303
72,training_p90_high_events,climatology_training_only,PALEMBANG3,29,51.0258620689655,45.49310344827586,37.916308047945066
72,training_p90_high_events,climatology_training_only,PALEMBANG4,39,48.17820512820512,57.52820512820512,37.93039606394009
72,training_p90_high_events,climatology_training_only,PALU,21,10.833333333333334,5.985714285714287,5.230213012853938
72,training_p90_high_events,climatology_training_only,PANGKALANBUN2,39,40.805128205128206,33.392307692307696,31.970315661653203
72,training_p90_high_events,climatology_training_only,PEKANBARU2,39,43.42564102564103,46.89487179487178,37.421403872320816
72,training_p90_high_events,climatology_training_only,PESAWARAN,34,37.686764705882354,33.267647058823535,34.60939424926251
72,training_p90_high_events,climatology_training_only,PONTIANAK2,66,93.4280303030303,75.35151515151514,73.06864500170109
72,training_p90_high_events,climatology_training_only,SAMARINDA2,17,16.8,11.541176470588237,8.521510705575636
72,training_p90_high_events,climatology_training_only,SEMARANG,27,23.35925925925926,32.48518518518519,23.716393290291787
72,training_p90_high_events,climatology_training_only,SINTANG,31,115.3016129032258,87.20967741935483,87.01920738133961
72,training_p90_high_events,climatology_training_only,SORONG,42,14.76904761904762,7.454761904761905,6.395700566333825
72,training_p90_high_events,climatology_training_only,SUPADIO,75,134.624,96.728,106.56709335783322
72,training_p90_high_events,climatology_training_only,TANJUNGHARAPAN2,31,21.23225806451613,10.725806451612906,9.475395769241569
72,training_p90_high_events,raw_cams,BANJARBARU2,33,99.00397792196405,99.36363636363635,84.76821112827523
72,training_p90_high_events,raw_cams,BATAM2,23,34.91258098100276,26.595652173913045,24.091357127775865
72,training_p90_high_events,raw_cams,BENGKULU,40,68.259611652814,61.735000000000014,50.345205834477355
72,training_p90_high_events,raw_cams,INDRAPURI2,39,7.002710400544435,6.053846153846154,4.931783420072883
72,training_p90_high_events,raw_cams,JAMBI3,28,48.395358820178025,34.00000000000001,34.625644425467854
72,training_p90_high_events,raw_cams,JAMBI4,32,41.36682362561177,37.496875,29.732237777629003
72,training_p90_high_events,raw_cams,KEMAYORAN3,4,12.446938394615437,68.19999999999999,50.05140828120953
72,training_p90_high_events,raw_cams,KOTABARU,25,14.30133458230695,13.468000000000002,9.516409680833132
72,training_p90_high_events,raw_cams,KOTOTABANG2,29,11.688377676688145,15.917241379310346,11.922530796925454
72,training_p90_high_events,raw_cams,MALANG,24,15.056345873933273,25.075,15.51227595669736
72,training_p90_high_events,raw_cams,MAROS,28,29.977631438951118,19.457142857142856,12.66466011903923
72,training_p90_high_events,raw_cams,MEDAN2,17,43.098559496361126,63.88235294117647,51.303531085240174
72,training_p90_high_events,raw_cams,MLATI,36,28.477363567493,50.77777777777778,30.699378894329673
72,training_p90_high_events,raw_cams,PALANGKARAYA2,34,41.83394325171454,38.45588235294117,35.35404614129303
72,training_p90_high_events,raw_cams,PALEMBANG3,29,61.804115367841405,45.49310344827586,37.916308047945066
72,training_p90_high_events,raw_cams,PALEMBANG4,39,62.54721257326473,57.52820512820512,37.93039606394009
72,training_p90_high_events,raw_cams,PALU,21,12.848574119073461,5.985714285714287,5.230213012853938
72,training_p90_high_events,raw_cams,PANGKALANBUN2,39,34.93433590992294,33.392307692307696,31.970315661653203
72,training_p90_high_events,raw_cams,PEKANBARU2,39,41.95326013105485,46.89487179487178,37.421403872320816
72,training_p90_high_events,raw_cams,PESAWARAN,34,29.677719699659658,33.267647058823535,34.60939424926251
72,training_p90_high_events,raw_cams,PONTIANAK2,66,82.27769160392513,75.35151515151514,73.06864500170109
72,training_p90_high_events,raw_cams,SAMARINDA2,17,12.939806220878102,11.541176470588237,8.521510705575636
72,training_p90_high_events,raw_cams,SEMARANG,27,16.538817987068327,32.48518518518519,23.716393290291787
72,training_p90_high_events,raw_cams,SINTANG,31,79.41897596282618,87.20967741935483,87.01920738133961
72,training_p90_high_events,raw_cams,SORONG,42,10.747101928917782,7.454761904761905,6.395700566333825
72,training_p90_high_events,raw_cams,SUPADIO,75,106.6072479108222,96.728,106.56709335783322
72,training_p90_high_events,raw_cams,TANJUNGHARAPAN2,31,14.547958811336349,10.725806451612906,9.475395769241569
72,training_p90_high_events,frozen_deployment,BANJARBARU2,33,84.76821112827523,99.36363636363635,84.76821112827523
72,training_p90_high_events,frozen_deployment,BATAM2,23,24.091357127775865,26.595652173913045,24.091357127775865
72,training_p90_high_events,frozen_deployment,BENGKULU,40,50.345205834477355,61.735000000000014,50.345205834477355
72,training_p90_high_events,frozen_deployment,INDRAPURI2,39,4.931783420072883,6.053846153846154,4.931783420072883
72,training_p90_high_events,frozen_deployment,JAMBI3,28,34.625644425467854,34.00000000000001,34.625644425467854
72,training_p90_high_events,frozen_deployment,JAMBI4,32,29.732237777629003,37.496875,29.732237777629003
72,training_p90_high_events,frozen_deployment,KEMAYORAN3,4,50.05140828120953,68.19999999999999,50.05140828120953
72,training_p90_high_events,frozen_deployment,KOTABARU,25,9.516409680833132,13.468000000000002,9.516409680833132
72,training_p90_high_events,frozen_deployment,KOTOTABANG2,29,11.922530796925454,15.917241379310346,11.922530796925454
72,training_p90_high_events,frozen_deployment,MALANG,24,15.51227595669736,25.075,15.51227595669736
72,training_p90_high_events,frozen_deployment,MAROS,28,12.66466011903923,19.457142857142856,12.66466011903923
72,training_p90_high_events,frozen_deployment,MEDAN2,17,51.303531085240174,63.88235294117647,51.303531085240174
72,training_p90_high_events,frozen_deployment,MLATI,36,30.699378894329673,50.77777777777778,30.699378894329673
72,training_p90_high_events,frozen_deployment,PALANGKARAYA2,34,35.35404614129303,38.45588235294117,35.35404614129303
72,training_p90_high_events,frozen_deployment,PALEMBANG3,29,37.916308047945066,45.49310344827586,37.916308047945066
72,training_p90_high_events,frozen_deployment,PALEMBANG4,39,37.93039606394009,57.52820512820512,37.93039606394009
72,training_p90_high_events,frozen_deployment,PALU,21,5.230213012853938,5.985714285714287,5.230213012853938
72,training_p90_high_events,frozen_deployment,PANGKALANBUN2,39,31.970315661653203,33.392307692307696,31.970315661653203
72,training_p90_high_events,frozen_deployment,PEKANBARU2,39,37.421403872320816,46.89487179487178,37.421403872320816
72,training_p90_high_events,frozen_deployment,PESAWARAN,34,34.60939424926251,33.267647058823535,34.60939424926251
72,training_p90_high_events,frozen_deployment,PONTIANAK2,66,73.06864500170109,75.35151515151514,73.06864500170109
72,training_p90_high_events,frozen_deployment,SAMARINDA2,17,8.521510705575636,11.541176470588237,8.521510705575636
72,training_p90_high_events,frozen_deployment,SEMARANG,27,23.716393290291787,32.48518518518519,23.716393290291787
72,training_p90_high_events,frozen_deployment,SINTANG,31,87.01920738133961,87.20967741935483,87.01920738133961
72,training_p90_high_events,frozen_deployment,SORONG,42,6.395700566333825,7.454761904761905,6.395700566333825
72,training_p90_high_events,frozen_deployment,SUPADIO,75,106.56709335783322,96.728,106.56709335783322
72,training_p90_high_events,frozen_deployment,TANJUNGHARAPAN2,31,9.475395769241569,10.725806451612906,9.475395769241569
72,training_p90_high_events,frozen_deployment_missing_met,BANJARBARU2,33,85.76530526364424,99.36363636363635,84.76821112827523
72,training_p90_high_events,frozen_deployment_missing_met,BATAM2,23,23.893887113491495,26.595652173913045,24.091357127775865
72,training_p90_high_events,frozen_deployment_missing_met,BENGKULU,40,50.15762420975777,61.735000000000014,50.345205834477355
72,training_p90_high_events,frozen_deployment_missing_met,INDRAPURI2,39,5.2009162761266445,6.053846153846154,4.931783420072883
72,training_p90_high_events,frozen_deployment_missing_met,JAMBI3,28,33.52471869599274,34.00000000000001,34.625644425467854
72,training_p90_high_events,frozen_deployment_missing_met,JAMBI4,32,28.0960194069329,37.496875,29.732237777629003
72,training_p90_high_events,frozen_deployment_missing_met,KEMAYORAN3,4,48.019280674827606,68.19999999999999,50.05140828120953
72,training_p90_high_events,frozen_deployment_missing_met,KOTABARU,25,9.196461368609725,13.468000000000002,9.516409680833132
72,training_p90_high_events,frozen_deployment_missing_met,KOTOTABANG2,29,11.458442269995512,15.917241379310346,11.922530796925454
72,training_p90_high_events,frozen_deployment_missing_met,MALANG,24,14.49399911806564,25.075,15.51227595669736
72,training_p90_high_events,frozen_deployment_missing_met,MAROS,28,14.958231774829443,19.457142857142856,12.66466011903923
72,training_p90_high_events,frozen_deployment_missing_met,MEDAN2,17,49.27311119222106,63.88235294117647,51.303531085240174
72,training_p90_high_events,frozen_deployment_missing_met,MLATI,36,27.835690587325956,50.77777777777778,30.699378894329673
72,training_p90_high_events,frozen_deployment_missing_met,PALANGKARAYA2,34,34.71633538947882,38.45588235294117,35.35404614129303
72,training_p90_high_events,frozen_deployment_missing_met,PALEMBANG3,29,39.2652933158551,45.49310344827586,37.916308047945066
72,training_p90_high_events,frozen_deployment_missing_met,PALEMBANG4,39,36.05735650642654,57.52820512820512,37.93039606394009
72,training_p90_high_events,frozen_deployment_missing_met,PALU,21,5.387331798272734,5.985714285714287,5.230213012853938
72,training_p90_high_events,frozen_deployment_missing_met,PANGKALANBUN2,39,31.611478110098915,33.392307692307696,31.970315661653203
72,training_p90_high_events,frozen_deployment_missing_met,PEKANBARU2,39,37.119574551243545,46.89487179487178,37.421403872320816
72,training_p90_high_events,frozen_deployment_missing_met,PESAWARAN,34,29.594881374369344,33.267647058823535,34.60939424926251
72,training_p90_high_events,frozen_deployment_missing_met,PONTIANAK2,66,69.0086093270914,75.35151515151514,73.06864500170109
72,training_p90_high_events,frozen_deployment_missing_met,SAMARINDA2,17,8.77188415130083,11.541176470588237,8.521510705575636
72,training_p90_high_events,frozen_deployment_missing_met,SEMARANG,27,22.267160204371166,32.48518518518519,23.716393290291787
72,training_p90_high_events,frozen_deployment_missing_met,SINTANG,31,85.09452105732065,87.20967741935483,87.01920738133961
72,training_p90_high_events,frozen_deployment_missing_met,SORONG,42,6.546287831112231,7.454761904761905,6.395700566333825
72,training_p90_high_events,frozen_deployment_missing_met,SUPADIO,75,101.20810410653648,96.728,106.56709335783322
72,training_p90_high_events,frozen_deployment_missing_met,TANJUNGHARAPAN2,31,9.232083823528145,10.725806451612906,9.475395769241569
72,training_p90_high_events,all_features_00utc_expanding,BANJARBARU2,33,83.77472365577677,99.36363636363635,84.76821112827523
72,training_p90_high_events,all_features_00utc_expanding,BATAM2,23,24.451859789510785,26.595652173913045,24.091357127775865
72,training_p90_high_events,all_features_00utc_expanding,BENGKULU,40,49.81018737717147,61.735000000000014,50.345205834477355
72,training_p90_high_events,all_features_00utc_expanding,INDRAPURI2,39,5.157838240234765,6.053846153846154,4.931783420072883
72,training_p90_high_events,all_features_00utc_expanding,JAMBI3,28,33.36957898431085,34.00000000000001,34.625644425467854
72,training_p90_high_events,all_features_00utc_expanding,JAMBI4,32,28.553914789726477,37.496875,29.732237777629003
72,training_p90_high_events,all_features_00utc_expanding,KEMAYORAN3,4,48.069867682888855,68.19999999999999,50.05140828120953
72,training_p90_high_events,all_features_00utc_expanding,KOTABARU,25,9.258534913041824,13.468000000000002,9.516409680833132
72,training_p90_high_events,all_features_00utc_expanding,KOTOTABANG2,29,12.169345061786112,15.917241379310346,11.922530796925454
72,training_p90_high_events,all_features_00utc_expanding,MALANG,24,16.782497601646103,25.075,15.51227595669736
72,training_p90_high_events,all_features_00utc_expanding,MAROS,28,11.79029617437331,19.457142857142856,12.66466011903923
72,training_p90_high_events,all_features_00utc_expanding,MEDAN2,17,50.4771471600657,63.88235294117647,51.303531085240174
72,training_p90_high_events,all_features_00utc_expanding,MLATI,36,29.302761271133996,50.77777777777778,30.699378894329673
72,training_p90_high_events,all_features_00utc_expanding,PALANGKARAYA2,34,35.41273449638766,38.45588235294117,35.35404614129303
72,training_p90_high_events,all_features_00utc_expanding,PALEMBANG3,29,36.0553360780081,45.49310344827586,37.916308047945066
72,training_p90_high_events,all_features_00utc_expanding,PALEMBANG4,39,37.350010418121684,57.52820512820512,37.93039606394009
72,training_p90_high_events,all_features_00utc_expanding,PALU,21,5.167594882977726,5.985714285714287,5.230213012853938
72,training_p90_high_events,all_features_00utc_expanding,PANGKALANBUN2,39,32.45394606603042,33.392307692307696,31.970315661653203
72,training_p90_high_events,all_features_00utc_expanding,PEKANBARU2,39,38.02156495700324,46.89487179487178,37.421403872320816
72,training_p90_high_events,all_features_00utc_expanding,PESAWARAN,34,35.378949974567995,33.267647058823535,34.60939424926251
72,training_p90_high_events,all_features_00utc_expanding,PONTIANAK2,66,71.77356904876264,75.35151515151514,73.06864500170109
72,training_p90_high_events,all_features_00utc_expanding,SAMARINDA2,17,8.397254709093652,11.541176470588237,8.521510705575636
72,training_p90_high_events,all_features_00utc_expanding,SEMARANG,27,22.504664903368734,32.48518518518519,23.716393290291787
72,training_p90_high_events,all_features_00utc_expanding,SINTANG,31,85.02362001081079,87.20967741935483,87.01920738133961
72,training_p90_high_events,all_features_00utc_expanding,SORONG,42,6.738987834372837,7.454761904761905,6.395700566333825
72,training_p90_high_events,all_features_00utc_expanding,SUPADIO,75,101.0751706144976,96.728,106.56709335783322
72,training_p90_high_events,all_features_00utc_expanding,TANJUNGHARAPAN2,31,9.780530016499174,10.725806451612906,9.475395769241569
72,training_p90_high_events,all_features_00utc_missing_met,BANJARBARU2,33,85.17882777214822,99.36363636363635,84.76821112827523
72,training_p90_high_events,all_features_00utc_missing_met,BATAM2,23,23.96986904312193,26.595652173913045,24.091357127775865
72,training_p90_high_events,all_features_00utc_missing_met,BENGKULU,40,49.35396006285298,61.735000000000014,50.345205834477355
72,training_p90_high_events,all_features_00utc_missing_met,INDRAPURI2,39,5.4859203782977914,6.053846153846154,4.931783420072883
72,training_p90_high_events,all_features_00utc_missing_met,JAMBI3,28,33.26519468802015,34.00000000000001,34.625644425467854
72,training_p90_high_events,all_features_00utc_missing_met,JAMBI4,32,27.341484371315794,37.496875,29.732237777629003
72,training_p90_high_events,all_features_00utc_missing_met,KEMAYORAN3,4,45.745398507768726,68.19999999999999,50.05140828120953
72,training_p90_high_events,all_features_00utc_missing_met,KOTABARU,25,8.940602067531563,13.468000000000002,9.516409680833132
72,training_p90_high_events,all_features_00utc_missing_met,KOTOTABANG2,29,11.438601805001344,15.917241379310346,11.922530796925454
72,training_p90_high_events,all_features_00utc_missing_met,MALANG,24,15.407113135198093,25.075,15.51227595669736
72,training_p90_high_events,all_features_00utc_missing_met,MAROS,28,15.25736150530265,19.457142857142856,12.66466011903923
72,training_p90_high_events,all_features_00utc_missing_met,MEDAN2,17,46.95472454834767,63.88235294117647,51.303531085240174
72,training_p90_high_events,all_features_00utc_missing_met,MLATI,36,26.585335241596816,50.77777777777778,30.699378894329673
72,training_p90_high_events,all_features_00utc_missing_met,PALANGKARAYA2,34,34.92826404032636,38.45588235294117,35.35404614129303
72,training_p90_high_events,all_features_00utc_missing_met,PALEMBANG3,29,39.16617590722507,45.49310344827586,37.916308047945066
72,training_p90_high_events,all_features_00utc_missing_met,PALEMBANG4,39,36.335699885656766,57.52820512820512,37.93039606394009
72,training_p90_high_events,all_features_00utc_missing_met,PALU,21,5.5761151191095575,5.985714285714287,5.230213012853938
72,training_p90_high_events,all_features_00utc_missing_met,PANGKALANBUN2,39,32.34153138692242,33.392307692307696,31.970315661653203
72,training_p90_high_events,all_features_00utc_missing_met,PEKANBARU2,39,37.69164433565101,46.89487179487178,37.421403872320816
72,training_p90_high_events,all_features_00utc_missing_met,PESAWARAN,34,28.677578541984577,33.267647058823535,34.60939424926251
72,training_p90_high_events,all_features_00utc_missing_met,PONTIANAK2,66,67.62377732693888,75.35151515151514,73.06864500170109
72,training_p90_high_events,all_features_00utc_missing_met,SAMARINDA2,17,8.589259112085534,11.541176470588237,8.521510705575636
72,training_p90_high_events,all_features_00utc_missing_met,SEMARANG,27,21.271440345913106,32.48518518518519,23.716393290291787
72,training_p90_high_events,all_features_00utc_missing_met,SINTANG,31,82.54588016475368,87.20967741935483,87.01920738133961
72,training_p90_high_events,all_features_00utc_missing_met,SORONG,42,6.991478400091974,7.454761904761905,6.395700566333825
72,training_p90_high_events,all_features_00utc_missing_met,SUPADIO,75,96.50210486263933,96.728,106.56709335783322
72,training_p90_high_events,all_features_00utc_missing_met,TANJUNGHARAPAN2,31,9.205021540312199,10.725806451612906,9.475395769241569
72,training_p90_high_events,no_met_00utc_expanding,BANJARBARU2,33,84.65617399463879,99.36363636363635,84.76821112827523
72,training_p90_high_events,no_met_00utc_expanding,BATAM2,23,23.860831302872082,26.595652173913045,24.091357127775865
72,training_p90_high_events,no_met_00utc_expanding,BENGKULU,40,49.22706278626681,61.735000000000014,50.345205834477355
72,training_p90_high_events,no_met_00utc_expanding,INDRAPURI2,39,5.795241093356583,6.053846153846154,4.931783420072883
72,training_p90_high_events,no_met_00utc_expanding,JAMBI3,28,33.02836807024805,34.00000000000001,34.625644425467854
72,training_p90_high_events,no_met_00utc_expanding,JAMBI4,32,28.000473075442613,37.496875,29.732237777629003
72,training_p90_high_events,no_met_00utc_expanding,KEMAYORAN3,4,45.81988900554717,68.19999999999999,50.05140828120953
72,training_p90_high_events,no_met_00utc_expanding,KOTABARU,25,9.156791076303396,13.468000000000002,9.516409680833132
72,training_p90_high_events,no_met_00utc_expanding,KOTOTABANG2,29,11.826790866252948,15.917241379310346,11.922530796925454
72,training_p90_high_events,no_met_00utc_expanding,MALANG,24,15.685460203023403,25.075,15.51227595669736
72,training_p90_high_events,no_met_00utc_expanding,MAROS,28,12.864108877068023,19.457142857142856,12.66466011903923
72,training_p90_high_events,no_met_00utc_expanding,MEDAN2,17,49.17213680996483,63.88235294117647,51.303531085240174
72,training_p90_high_events,no_met_00utc_expanding,MLATI,36,28.9476847625845,50.77777777777778,30.699378894329673
72,training_p90_high_events,no_met_00utc_expanding,PALANGKARAYA2,34,35.1049141934898,38.45588235294117,35.35404614129303
72,training_p90_high_events,no_met_00utc_expanding,PALEMBANG3,29,38.18036118209697,45.49310344827586,37.916308047945066
72,training_p90_high_events,no_met_00utc_expanding,PALEMBANG4,39,35.271763176604985,57.52820512820512,37.93039606394009
72,training_p90_high_events,no_met_00utc_expanding,PALU,21,5.416899201702165,5.985714285714287,5.230213012853938
72,training_p90_high_events,no_met_00utc_expanding,PANGKALANBUN2,39,31.351339256916365,33.392307692307696,31.970315661653203
72,training_p90_high_events,no_met_00utc_expanding,PEKANBARU2,39,38.88808505840854,46.89487179487178,37.421403872320816
72,training_p90_high_events,no_met_00utc_expanding,PESAWARAN,34,32.64637915673772,33.267647058823535,34.60939424926251
72,training_p90_high_events,no_met_00utc_expanding,PONTIANAK2,66,70.71460383741436,75.35151515151514,73.06864500170109
72,training_p90_high_events,no_met_00utc_expanding,SAMARINDA2,17,8.018716484633476,11.541176470588237,8.521510705575636
72,training_p90_high_events,no_met_00utc_expanding,SEMARANG,27,22.999562393629954,32.48518518518519,23.716393290291787
72,training_p90_high_events,no_met_00utc_expanding,SINTANG,31,84.95629304851276,87.20967741935483,87.01920738133961
72,training_p90_high_events,no_met_00utc_expanding,SORONG,42,6.865535923652914,7.454761904761905,6.395700566333825
72,training_p90_high_events,no_met_00utc_expanding,SUPADIO,75,101.02320674986917,96.728,106.56709335783322
72,training_p90_high_events,no_met_00utc_expanding,TANJUNGHARAPAN2,31,9.253854873683526,10.725806451612906,9.475395769241569
72,training_p90_high_events,no_met_10utc_expanding,BANJARBARU2,33,86.91600801583822,99.36363636363635,84.76821112827523
72,training_p90_high_events,no_met_10utc_expanding,BATAM2,23,23.49206267264414,26.595652173913045,24.091357127775865
72,training_p90_high_events,no_met_10utc_expanding,BENGKULU,40,50.458806097161876,61.735000000000014,50.345205834477355
72,training_p90_high_events,no_met_10utc_expanding,INDRAPURI2,39,5.437357149800774,6.053846153846154,4.931783420072883
72,training_p90_high_events,no_met_10utc_expanding,JAMBI3,28,32.077059079922925,34.00000000000001,34.625644425467854
72,training_p90_high_events,no_met_10utc_expanding,JAMBI4,32,27.08331102172561,37.496875,29.732237777629003
72,training_p90_high_events,no_met_10utc_expanding,KEMAYORAN3,4,45.23634431189922,68.19999999999999,50.05140828120953
72,training_p90_high_events,no_met_10utc_expanding,KOTABARU,25,8.851957056248102,13.468000000000002,9.516409680833132
72,training_p90_high_events,no_met_10utc_expanding,KOTOTABANG2,29,11.964362561254427,15.917241379310346,11.922530796925454
72,training_p90_high_events,no_met_10utc_expanding,MALANG,24,15.576846945607377,25.075,15.51227595669736
72,training_p90_high_events,no_met_10utc_expanding,MAROS,28,13.166432237458796,19.457142857142856,12.66466011903923
72,training_p90_high_events,no_met_10utc_expanding,MEDAN2,17,49.80939881953059,63.88235294117647,51.303531085240174
72,training_p90_high_events,no_met_10utc_expanding,MLATI,36,31.223756964055625,50.77777777777778,30.699378894329673
72,training_p90_high_events,no_met_10utc_expanding,PALANGKARAYA2,34,34.6071173643191,38.45588235294117,35.35404614129303
72,training_p90_high_events,no_met_10utc_expanding,PALEMBANG3,29,37.06019036705644,45.49310344827586,37.916308047945066
72,training_p90_high_events,no_met_10utc_expanding,PALEMBANG4,39,36.90193444864231,57.52820512820512,37.93039606394009
72,training_p90_high_events,no_met_10utc_expanding,PALU,21,5.433973765763767,5.985714285714287,5.230213012853938
72,training_p90_high_events,no_met_10utc_expanding,PANGKALANBUN2,39,32.17758956224096,33.392307692307696,31.970315661653203
72,training_p90_high_events,no_met_10utc_expanding,PEKANBARU2,39,38.99793836598306,46.89487179487178,37.421403872320816
72,training_p90_high_events,no_met_10utc_expanding,PESAWARAN,34,32.27157321200883,33.267647058823535,34.60939424926251
72,training_p90_high_events,no_met_10utc_expanding,PONTIANAK2,66,70.75305853230893,75.35151515151514,73.06864500170109
72,training_p90_high_events,no_met_10utc_expanding,SAMARINDA2,17,8.04342102510733,11.541176470588237,8.521510705575636
72,training_p90_high_events,no_met_10utc_expanding,SEMARANG,27,21.72989086168234,32.48518518518519,23.716393290291787
72,training_p90_high_events,no_met_10utc_expanding,SINTANG,31,85.60829336949833,87.20967741935483,87.01920738133961
72,training_p90_high_events,no_met_10utc_expanding,SORONG,42,6.72700063557469,7.454761904761905,6.395700566333825
72,training_p90_high_events,no_met_10utc_expanding,SUPADIO,75,105.22137632405943,96.728,106.56709335783322
72,training_p90_high_events,no_met_10utc_expanding,TANJUNGHARAPAN2,31,8.774693809586008,10.725806451612906,9.475395769241569
