n,mae_ug_m3,rmse_ug_m3,bias_ug_m3,correlation,r2,split,forecast_hour,model,station_code,skill_vs_persistence_pct
241,21.747302904564314,56.41855106757276,19.725726141078837,0.16453369234936469,-57.151253229649285,test,3,persistence,BANJARBARU2,0.0
228,5.75,9.383598980378553,0.9929824561403513,0.4834871997619512,-0.5523938104096078,test,3,persistence,BATAM2,0.0
226,19.628761061946904,28.771134594254498,16.148230088495577,0.5657366597253359,-2.644814941350699,test,3,persistence,BENGKULU,0.0
223,3.2838565022421524,4.579389388869207,-1.2883408071748879,0.716256610705594,0.45262098529803274,test,3,persistence,INDRAPURI2,0.0
236,12.625423728813557,18.504921470897077,3.0762711864406778,0.5274386863160337,0.049535834853851934,test,3,persistence,JAMBI3,0.0
224,10.346428571428572,15.889338294232752,4.604464285714286,0.62519529828487,0.14985896813180766,test,3,persistence,JAMBI4,0.0
239,13.910460251046024,19.039500890051173,8.689539748953976,0.7149397927676088,0.01686745766530151,test,3,persistence,KEMAYORAN3,0.0
211,5.921327014218009,8.1613352685041,5.003791469194312,0.6443785634026721,-2.227899150202056,test,3,persistence,KOTABARU,0.0
207,4.116425120772948,6.726194378789245,-1.5531400966183573,0.6416578191374095,0.3688610168858485,test,3,persistence,KOTOTABANG2,0.0
228,8.734649122807017,11.75968246080426,2.5425438596491223,0.6864719015738591,0.37536111562773256,test,3,persistence,MALANG,0.0
238,8.389915966386555,11.882032194689184,5.894117647058822,0.48381837288287743,-4.612304474880205,test,3,persistence,MAROS,0.0
234,16.317948717948717,22.053237838133864,6.717094017094018,0.3380559514013048,-0.8797743222150585,test,3,persistence,MEDAN2,0.0
237,19.286919831223628,24.70042791614158,16.304641350210968,0.5425851273262203,-0.9697332277696702,test,3,persistence,MLATI,0.0
210,19.681904761904757,59.582323201560705,-10.00952380952381,0.687978406986946,0.37330288571708603,test,3,persistence,PALANGKARAYA2,0.0
229,15.500873362445414,21.851150879526354,10.616157205240174,0.5450196292929863,-1.1621493652382529,test,3,persistence,PALEMBANG3,0.0
236,16.26440677966102,23.550373346207543,14.201694915254235,0.6990401482311205,-1.9877771585845703,test,3,persistence,PALEMBANG4,0.0
76,3.572368421052631,4.412318283122711,0.9592105263157894,0.8215312045417535,0.5564364824598704,test,3,persistence,PALU,0.0
224,10.352678571428571,22.684239730325043,8.734821428571427,0.6805158345407848,-8.722714745141928,test,3,persistence,PANGKALANBUN2,0.0
231,12.838095238095235,21.575944597662122,2.8865800865800866,0.6159761287067401,-0.6747645998351826,test,3,persistence,PEKANBARU2,0.0
219,12.82283105022831,17.724708652151463,6.22922374429224,0.7122795802455532,0.1092968334273341,test,3,persistence,PESAWARAN,0.0
227,27.80528634361234,63.311832272702965,8.613215859030836,0.5617971891152996,0.2177061944693507,test,3,persistence,PONTIANAK2,0.0
221,4.4963800904977385,6.901711375412787,-0.516289592760181,0.5181773772952026,0.04497172591661103,test,3,persistence,SAMARINDA2,0.0
236,11.330084745762711,15.340340912836126,8.51228813559322,0.6438175202623299,-0.28255415057117106,test,3,persistence,SEMARANG,0.0
181,15.008839779005525,42.99401088960752,2.6165745856353593,0.7940362041514877,0.4481515465995525,test,3,persistence,SINTANG,0.0
223,3.355605381165919,5.198598465833711,1.1484304932735427,0.7650025316731446,0.48834457391144614,test,3,persistence,SORONG,0.0
238,34.50294117647059,64.91871743919145,14.192857142857143,0.7872358185659455,0.5988064297486049,test,3,persistence,SUPADIO,0.0
195,3.7989743589743585,6.1959043544288805,-0.9866666666666668,0.870124433049617,0.7505915765874428,test,3,persistence,TANJUNGHARAPAN2,0.0
241,4.502904564315354,7.209403437546772,-0.4211618257261414,0.28378011129430253,0.05045865330799959,test,3,climatology,BANJARBARU2,79.2944229264849
228,5.082894736842106,7.175590629153323,-1.5592105263157887,0.4072217858429022,0.09222476253991141,test,3,climatology,BATAM2,11.601830663615543
226,10.491592920353984,13.045502395207432,1.230088495575221,0.5124505611882322,0.2506527410011673,test,3,climatology,BENGKULU,46.549897432429375
223,4.647982062780269,6.359867514202342,-0.8502242152466366,0.09712742832899925,-0.05576955452167209,test,3,climatology,INDRAPURI2,-41.54035231462514
236,10.723516949152541,19.692621811570934,-7.58114406779661,0.36739193874478643,-0.07638673184667333,test,3,climatology,JAMBI3,15.064102564102555
224,8.315178571428572,15.795333001961595,-3.483928571428571,0.5359653408593326,0.15988850466732563,test,3,climatology,JAMBI4,19.632378322402488
239,13.264853556485352,17.058455369159013,7.161924686192468,0.6936324644490552,0.210812205140689,test,3,climatology,KEMAYORAN3,4.641159838777609
211,3.6677725118483417,4.417658984176341,1.1251184834123225,0.3927078227977687,0.05423792391795146,test,3,climatology,KOTABARU,38.058267968624925
207,5.519323671497585,8.83162001431757,-3.239130434782609,0.2526443885948296,-0.08809528477589379,test,3,climatology,KOTOTABANG2,-34.080506982748474
228,9.428508771929828,12.124191056393403,1.3171052631578952,0.5914668295318184,0.3360377788486215,test,3,climatology,MALANG,-7.943760984182813
238,3.977100840336134,5.016672831919679,0.9313025210084034,0.27715713505658507,-0.0004406561155199107,test,3,climatology,MAROS,52.596654647435905
234,13.704700854700855,16.974903546923336,2.1901709401709417,-0.05925699830833059,-0.11371897970337974,test,3,climatology,MEDAN2,16.014561072700605
237,11.68185654008439,16.761869023607034,-6.019409282700422,0.461101265822105,0.09292469724495678,test,3,climatology,MLATI,39.43119667468824
210,24.65714285714286,77.60125934790591,-20.683333333333337,0.31137675311400437,-0.06306634048459814,test,3,climatology,PALANGKARAYA2,-25.278234781767182
229,9.605676855895195,14.224601206219544,-1.2772925764192151,0.32133115284523023,0.08374309597717966,test,3,climatology,PALEMBANG3,38.03138293376905
236,7.193644067796609,11.777440910774278,-2.623305084745762,0.5928792244993742,0.2527696934652386,test,3,climatology,PALEMBANG4,55.77063359733223
76,5.9789473684210535,7.826086606915834,-4.715789473684211,0.6305912272273925,-0.3954409153196772,test,3,climatology,PALU,-67.36648250460411
224,4.839062499999999,8.049710925377559,-2.9600446428571425,-0.21049324207285314,-0.22433328578036593,test,3,climatology,PANGKALANBUN2,53.257869771453215
231,10.772510822510823,16.27271007157668,-4.425757575757576,0.37629112810636917,0.04734882070078672,test,3,climatology,PEKANBARU2,16.089492851362262
219,10.781278538812783,15.393386470558175,-1.6401826484018263,0.5935755810361494,0.32819515462661575,test,3,climatology,PESAWARAN,15.921230681575393
227,25.99361233480176,73.34424182149573,-23.052202643171807,0.47978736850686804,-0.04986189612839631,test,3,climatology,PONTIANAK2,6.515574004246039
221,4.550904977375565,6.582338737707028,-0.013348416289592645,0.43828063169010645,0.13131344780600684,test,3,climatology,SAMARINDA2,-1.2126396296668673
236,8.900847457627115,11.359074808648572,1.5440677966101704,0.5599928942930948,0.2967793624292595,test,3,climatology,SEMARANG,21.44059239313365
181,20.439226519337016,59.749385211474525,-17.952486187845302,0.5982023461732681,-0.06578790525299572,test,3,climatology,SINTANG,-36.18125598174187
223,4.319282511210763,7.297752894516026,-2.474887892376682,0.5072406082877453,-0.008285085777705925,test,3,climatology,SORONG,-28.718428437792355
238,36.634453781512605,106.42829104356503,-34.13025210084034,0.5547086666268215,-0.07827187892539333,test,3,climatology,SUPADIO,-6.177770741746524
195,6.572051282051282,12.423284073846464,-3.0438461538461548,0.3365081669223693,-0.002708136729739463,test,3,climatology,TANJUNGHARAPAN2,-72.99541036717065
241,5.545736468894663,7.96576753016037,-4.782647763997592,0.5096301839721709,-0.15923231131117244,test,3,raw_cams,BANJARBARU2,74.4991988513172
228,7.824245054591927,10.125477006291776,-6.902284826688452,0.337804236088529,-0.8075653486336345,test,3,raw_cams,BATAM2,-36.07382703638133
226,8.690365094290563,12.199123318509216,-6.469277753820908,0.7586023213515883,0.3447323188624334,test,3,raw_cams,BENGKULU,55.726369754747026
223,4.937544046305647,7.019092398082532,-3.046890052216309,0.2748330043322158,-0.2859820758742626,test,3,raw_cams,INDRAPURI2,-50.35809399510573
236,13.788993736940649,20.81235650018258,-12.344196473936593,0.4703069988490543,-0.20227486440541798,test,3,raw_cams,JAMBI3,-9.216086787420918
224,9.038624571140977,15.268820967612648,-7.011833677176438,0.6198411384315203,0.21496257654374684,test,3,raw_cams,JAMBI4,12.64014912255873
239,10.775978226652693,13.285880921200071,3.5118704903517477,0.7480560191179947,0.5212798981953477,test,3,raw_cams,KEMAYORAN3,22.533273290922395
211,4.029948062498519,4.94809823033352,2.5014160225093716,0.45591656787651247,-0.1865174911504206,test,3,raw_cams,KOTABARU,31.941808773236136
207,5.796052206016009,7.456749188140591,4.142739962624533,0.7361743917410709,0.22431525676571984,test,3,raw_cams,KOTOTABANG2,-40.80305206493529
228,10.948458626547627,13.736012754108874,-0.4338156884576583,0.3855669247649335,0.14776533183272644,test,3,raw_cams,MALANG,-25.345145209784526
238,6.198837700355048,7.343853729089789,-5.779719248793906,0.4813602564210186,-1.1439162248371169,test,3,raw_cams,MAROS,26.11561635193803
234,13.073511105720836,18.082142995386818,-9.936901161730292,0.35078783637608946,-0.2637488956242364,test,3,raw_cams,MEDAN2,19.88263150171077
237,11.310106924429082,16.99641594706022,-5.045472782882632,0.4124644976912344,0.06736188839590895,test,3,raw_cams,MLATI,41.35866678867441
210,19.653410648116658,62.19188140359024,-12.570044608776985,0.8006948380149977,0.31720517764621015,test,3,raw_cams,PALANGKARAYA2,0.1447731514444217
229,12.11696424103344,16.5326196881,-11.031167006032652,0.5603889556445948,-0.2377143092663585,test,3,raw_cams,PALEMBANG3,21.830441693758406
236,9.17340277444712,12.816096828925478,-8.125804301459615,0.6885286978328453,0.1151611760841158,test,3,raw_cams,PALEMBANG4,43.59829473818466
76,5.79412867979178,7.150300970681971,-5.500127357296733,0.7306970980774675,-0.16485213047247593,test,3,raw_cams,PALU,-62.192920686620745
224,4.265859968994398,6.429019826913743,0.4260838027661468,0.6476652564663411,0.21904031031051419,test,3,raw_cams,PANGKALANBUN2,58.79462556900624
231,10.53971476867713,16.966324739165355,-4.916857329903606,0.5277742039817881,-0.035594383492904,test,3,raw_cams,PEKANBARU2,17.902815229146963
219,13.278496058152626,18.7135770220965,-8.19200212020956,0.44469087031621873,0.007139109594758497,test,3,raw_cams,PESAWARAN,-3.5535445030776103
227,18.057831845262676,52.680855728275986,-14.903623356604573,0.8683110170500107,0.45836618728326284,test,3,raw_cams,PONTIANAK2,35.05611982517465
221,4.523147506895721,6.215843472501488,0.5994526842123908,0.4873559995801434,0.2253548941074237,test,3,raw_cams,SAMARINDA2,-0.595310357648593
236,9.161785220669586,12.119735022856492,-0.01207999782502298,0.48277005706833415,0.19944359267218337,test,3,raw_cams,SEMARANG,19.1375402192295
181,13.592979608718174,40.99016249799548,-4.583271458029341,0.7386479636239516,0.4983934654667126,test,3,raw_cams,SINTANG,9.433508459913508
223,3.352371950037085,5.48009259827651,-1.8173614142659393,0.7450713226026291,0.43143407344335494,test,3,raw_cams,SORONG,0.09635909952291355
238,28.042632183770174,84.32745696095452,-25.46198815900447,0.8355168424983771,0.3230569884462171,test,3,raw_cams,SUPADIO,18.723937068605768
195,5.106624890977228,7.424832413638353,-0.6797937852609254,0.8259797168542908,0.6418417013740287,test,3,raw_cams,TANJUNGHARAPAN2,-34.42114656325048
241,4.842502384141846,7.385813864788991,1.3246657073031243,0.44516896140301143,0.003420524292180649,test,3,obs_lgbm,BANJARBARU2,77.73285999927143
228,4.176936180510227,6.029437904698395,-0.9915883545821473,0.6156969151901859,0.35906103104102527,test,3,obs_lgbm,BATAM2,27.357631643300408
226,7.404841867585093,9.93062397925167,0.2495116862720705,0.7574226101104583,0.5657752429873588,test,3,obs_lgbm,BENGKULU,62.2755514511794
223,3.021692386433578,4.155930912551476,-0.1514302532993932,0.7428524616258838,0.5491732936179438,test,3,obs_lgbm,INDRAPURI2,7.9834217978031035
236,7.924688190863723,14.453266616651835,-2.7208955066102956,0.6648962780645253,0.4201798781285091,test,3,obs_lgbm,JAMBI3,37.232299199763766
224,5.470897105255107,9.537521196871822,-0.06877569408505226,0.8436550128118125,0.6936976089072399,test,3,obs_lgbm,JAMBI4,47.12284468514222
239,8.235575320034252,10.94163175728648,-1.0128435966619007,0.8235438714331291,0.6753128195589512,test,3,obs_lgbm,KEMAYORAN3,40.795809977495445
211,2.265898263853762,2.868538530871779,0.26936079754883124,0.7785116774065455,0.6012332902299828,test,3,obs_lgbm,KOTABARU,61.73326927540068
207,3.644488710824342,6.500378763578694,-1.1665219743782724,0.6610776179092804,0.41052756152592584,test,3,obs_lgbm,KOTOTABANG2,11.464715040413253
228,7.483398710879859,10.399272764929455,-1.3572806663225723,0.7223165824989464,0.5115233986744132,test,3,obs_lgbm,MALANG,14.325136526205974
238,3.547264585758512,4.3529710961188215,0.20751293850902786,0.572543736458935,0.2467635266059307,test,3,obs_lgbm,MAROS,57.719903274713246
234,10.841540255271703,14.793653167858583,-4.088850263683539,0.4677345646236956,0.15411396416334744,test,3,obs_lgbm,MEDAN2,33.560642684538585
237,9.114342966264669,14.069631308075932,-3.6851051506719927,0.6630654708043312,0.3609072500278634,test,3,obs_lgbm,MLATI,52.74339787782265
210,19.1349522702613,66.30004955608968,-16.28416835698129,0.7820127647822604,0.2240199874087635,test,3,obs_lgbm,PALANGKARAYA2,2.7789611740328457
229,7.732271454268055,11.103005503654972,0.5423806884000343,0.6867520872037397,0.441763574660861,test,3,obs_lgbm,PALEMBANG3,50.117188409516736
236,6.041747417008219,8.867312959193749,1.9612618063013363,0.8157431133612815,0.5764187935310492,test,3,obs_lgbm,PALEMBANG4,62.852949395218324
76,2.712779993281092,3.4974825207275098,-0.5625080236092227,0.8690121212552624,0.721302380819575,test,3,obs_lgbm,PALU,24.062143834488758
224,3.290237730164553,5.3736703141384,-1.0995854394518665,0.702374997183418,0.4543915049530083,test,3,obs_lgbm,PANGKALANBUN2,68.21848850552566
231,8.369784605470578,12.535718704928152,-2.7744073241854217,0.6808347876678121,0.4346562277964292,test,3,obs_lgbm,PEKANBARU2,34.805090239287026
219,7.679543278373962,12.143162240872346,-1.6577081454374358,0.7679698455898222,0.5819402265771141,test,3,obs_lgbm,PESAWARAN,40.110391782497764
227,19.19567536128811,59.8607428376481,-12.404756567967732,0.7349968463332958,0.30066650364401426,test,3,obs_lgbm,PONTIANAK2,30.96393569168224
221,3.7422280287815437,5.993807958984784,-1.1377495454286781,0.5689101874182393,0.27970849877974335,test,3,obs_lgbm,SAMARINDA2,16.772426853102452
236,7.030194224366634,9.773069822950745,-0.7125781087478371,0.6944583012275821,0.47944371871373703,test,3,obs_lgbm,SEMARANG,37.95108878602319
181,13.36884374390264,45.08248587846604,-11.117142885077651,0.7984098633344362,0.393236264816083,test,3,obs_lgbm,SINTANG,10.926867494427672
223,2.5829296424684087,4.267392562601348,-0.09461330352781833,0.8096227028341212,0.6552293977244659,test,3,obs_lgbm,SORONG,23.026418512567794
238,28.896143692225962,90.66111831043277,-20.285443184738654,0.6757156548508778,0.2175506294850723,test,3,obs_lgbm,SUPADIO,16.25020155692758
195,3.9837374930318465,7.131114528020405,-1.4737244131986735,0.8564243480027489,0.6696178843332934,test,3,obs_lgbm,TANJUNGHARAPAN2,-4.863500424029454
241,5.075077811775072,7.641623016590144,1.6019500249996472,0.46793865410824137,-0.06680843164174433,test,3,cams_lgbm,BANJARBARU2,76.66341507245058
228,4.081765930745629,5.8725971248952895,-0.2989739951700373,0.6277747537797758,0.39197219489511814,test,3,cams_lgbm,BATAM2,29.01276642181515
226,6.949554015966558,9.196328328596765,0.9456136993151751,0.7955469302394859,0.6276164896712155,test,3,cams_lgbm,BENGKULU,64.59504502584608
223,3.1127530839745767,4.277120846003854,-0.10188589419846752,0.726042321825637,0.5224970724516027,test,3,cams_lgbm,INDRAPURI2,5.2104413865450505
236,7.814306027215501,14.4921155722467,-2.6894464524076622,0.6612091436785492,0.41705869039963794,test,3,cams_lgbm,JAMBI3,38.10658402393413
224,5.354986205624718,9.523275644536835,0.28642812191729,0.8362318383950375,0.6946119320231829,test,3,cams_lgbm,JAMBI4,48.243143335349636
239,8.09508017230105,10.724825144780477,-0.76010533210535,0.8314270242263563,0.6880525833011095,test,3,cams_lgbm,KEMAYORAN3,41.80580637731002
211,2.270325693730575,2.8449074247223187,0.3709297595353788,0.7851576636579222,0.6077763320189121,test,3,cams_lgbm,KOTABARU,61.658498369045034
207,3.4775970923879194,6.043313474562108,-0.5862259603174783,0.7077266938905479,0.4905091102050543,test,3,cams_lgbm,KOTOTABANG2,15.519000337483957
228,7.345867401363087,10.212226889368711,-0.700389316486222,0.7301906528156376,0.5289372789313109,test,3,cams_lgbm,MALANG,15.899685286930254
238,3.478309526854122,4.332874279970587,0.36682264585042773,0.6021264703774916,0.253702562401238,test,3,cams_lgbm,MAROS,58.54178348401037
234,10.267026945919238,14.162214882485094,-3.5433686018708115,0.5264921847830226,0.22478288994240858,test,3,cams_lgbm,MEDAN2,37.08138735216055
237,8.086046771640197,12.7910022856798,-1.6071366549616748,0.7095924662820776,0.47178879469987367,test,3,cams_lgbm,MLATI,58.07497079679005
210,18.387849177980808,64.47689498550767,-15.162231254521492,0.794964938523863,0.26610984979810604,test,3,cams_lgbm,PALANGKARAYA2,6.5748493328179
229,7.649540166684247,11.032118035362272,0.6092162338111194,0.703039986820976,0.4488689737691073,test,3,cams_lgbm,PALEMBANG3,50.65090857901533
236,6.050877915774773,9.057515295286903,2.381765107454952,0.8238361153781804,0.5580524180051862,test,3,cams_lgbm,PALEMBANG4,62.79681148075119
76,2.8532086369897005,3.587478533745839,-0.2192911012606734,0.8661089467792646,0.7067751482117341,test,3,cams_lgbm,PALU,20.131176275794736
224,3.2525497064043134,5.0482945712809535,-0.4625111133116696,0.729692547407409,0.5184643289318143,test,3,cams_lgbm,PANGKALANBUN2,68.58252978721147
231,8.181984662528846,12.147585296932407,-1.8916115952293566,0.7031666539479519,0.46912282855485976,test,3,cams_lgbm,PEKANBARU2,36.26792362273523
219,7.68777260542163,11.86890775647786,-0.820759085257417,0.7763813330841968,0.6006108201002134,test,3,cams_lgbm,PESAWARAN,40.046214636160634
227,18.144957824671316,57.915134297410354,-11.021050332300174,0.7473304051494157,0.3453875480959351,test,3,cams_lgbm,PONTIANAK2,34.74277660571647
221,3.684208922825448,5.925079374443725,-1.0577799033547288,0.5832270200924101,0.29613237852982144,test,3,cams_lgbm,SAMARINDA2,18.062778308903702
236,6.948119832494421,9.488208016943007,0.276044772720271,0.7141433024121301,0.5093474242397706,test,3,cams_lgbm,SEMARANG,38.675482236856894
181,12.57596681252587,42.91388585654952,-9.599665137019311,0.7964443750019647,0.45020651531058875,test,3,cams_lgbm,SINTANG,16.20960049079061
223,2.5099926763433142,4.218342057202058,-0.11524392872016136,0.8144754178878423,0.6631096109293177,test,3,cams_lgbm,SORONG,25.200004433441247
238,28.458427964776398,88.98852824173251,-19.190132330722246,0.6841765803208296,0.24615484112846964,test,3,cams_lgbm,SUPADIO,17.518834643048553
195,3.8283935462880447,6.299324329822372,-0.8407923791122401,0.8714697718360627,0.7421960035121604,test,3,cams_lgbm,TANJUNGHARAPAN2,-0.7743981541804557
241,4.827473126803197,7.0191049377488035,1.241101147030399,0.48619408204553916,0.09992501403453047,test,3,cams_xgboost,BANJARBARU2,77.80196860278242
228,4.122991663949531,5.8767744470045535,-0.2631108451307865,0.6272668573727325,0.3911068771163715,test,3,cams_xgboost,BATAM2,28.295797148703816
226,6.961857020960445,9.155542457198871,1.1377041690117489,0.8006463747239865,0.630912219430833,test,3,cams_xgboost,BENGKULU,64.53236656664501
223,3.0897276600380117,4.264425332544827,-0.046694943723122634,0.7255821316212275,0.5253275502970612,test,3,cams_xgboost,INDRAPURI2,5.911611608838374
236,7.817480131731195,14.432668138545417,-2.343837805117591,0.6612111272245057,0.421831394240168,test,3,cams_xgboost,JAMBI3,38.08144344581278
224,5.612735713379722,9.633424034231556,0.8153258826051442,0.8317575875759153,0.6875067010888816,test,3,cams_xgboost,JAMBI4,45.75195030216355
239,8.082097076671394,10.646398873063161,-0.5113679207518503,0.8347223581020426,0.6925981906590604,test,3,cams_xgboost,KEMAYORAN3,41.899139706296594
211,2.361841152629581,2.9091422257005024,0.712510684655176,0.7842273578426309,0.5898644381535514,test,3,cams_xgboost,KOTABARU,60.112975571887176
207,3.5109895418231614,5.768823512087896,-0.10215834212187962,0.735258542339481,0.5357406238095265,test,3,cams_xgboost,KOTOTABANG2,14.707800122357206
228,7.272285486940752,10.169894291559011,-0.3274163049564026,0.7312556879350213,0.5328345635723735,test,3,cams_xgboost,MALANG,16.742099371203032
238,3.541297725068421,4.461456104960137,0.6489418302263533,0.5942254106409824,0.2087512747173358,test,3,cams_xgboost,MAROS,57.79102270801862
234,10.424464792267889,14.089241877822525,-3.003226150610508,0.5214906913849218,0.23275116038810884,test,3,cams_xgboost,MEDAN2,36.116573397478355
237,8.200655997553957,12.784841232000128,-1.0998369530786443,0.7019301124841778,0.4722975200925398,test,3,cams_xgboost,MLATI,57.48073788185762
210,18.13093326035,63.394094678385144,-14.692680331298284,0.804715317977871,0.2905522148268511,test,3,cams_xgboost,PALANGKARAYA2,7.880190054352532
229,7.798871552579788,11.151515756713152,1.4979442146667745,0.7036018164551603,0.43687492565200914,test,3,cams_xgboost,PALEMBANG3,49.68753456515279
236,6.17838611683603,9.142569393132185,2.656267617920698,0.8263760832182324,0.5497132780772174,test,3,cams_xgboost,PALEMBANG4,62.0128406738927
76,2.859438073007684,3.6201248378022752,-0.16213785221702176,0.8615143476544387,0.7014141328185755,test,3,cams_xgboost,PALU,19.956797956322646
224,3.2226230491484915,5.097500597768648,-0.24756459615060247,0.7204564088097334,0.5090314670860281,test,3,cams_xgboost,PANGKALANBUN2,68.87160142262776
231,8.283802307839002,12.244518029340833,-1.7907509688175087,0.6950758620671948,0.46061666278491575,test,3,cams_xgboost,PEKANBARU2,35.47483365555672
219,7.862125067514915,11.974308191980233,-0.7238440944723882,0.7713445073211389,0.5934858667803999,test,3,cams_xgboost,PESAWARAN,38.68651129599863
227,17.94841286159297,57.14417087895964,-10.600913898115117,0.7554183582058814,0.3626998830182765,test,3,cams_xgboost,PONTIANAK2,35.44963846158618
221,3.6854662452887625,5.9332970915923395,-0.8556006045363068,0.5781946299622146,0.29417858320988255,test,3,cams_xgboost,SAMARINDA2,18.03481531560669
236,6.954217765694957,9.329216861368673,0.5854425280781115,0.7263098057284167,0.5256531016092165,test,3,cams_xgboost,SEMARANG,38.621661516735486
181,12.350207846599387,42.03761396660935,-9.027516257170156,0.8022690733091097,0.47243008587340984,test,3,cams_xgboost,SINTANG,17.71377382630902
223,2.5054140005411054,4.199890689357431,0.04719669401912947,0.8164593906697983,0.6660503367273418,test,3,cams_xgboost,SORONG,25.33645301073546
238,28.0070011595718,87.85415326783854,-18.736994178355243,0.7003481766414646,0.2652515193453928,test,3,cams_xgboost,SUPADIO,18.827206595734292
195,3.8446370278871975,6.123360893819244,-0.5333436899918775,0.8753016447945371,0.7563976802114564,test,3,cams_xgboost,TANJUNGHARAPAN2,-1.2019736012423898
241,5.075077811775072,7.641623016590144,1.6019500249996472,0.46793865410824137,-0.06680843164174433,test,3,champion,BANJARBARU2,76.66341507245058
228,4.081765930745629,5.8725971248952895,-0.2989739951700373,0.6277747537797758,0.39197219489511814,test,3,champion,BATAM2,29.01276642181515
226,6.949554015966558,9.196328328596765,0.9456136993151751,0.7955469302394859,0.6276164896712155,test,3,champion,BENGKULU,64.59504502584608
223,3.1127530839745767,4.277120846003854,-0.10188589419846752,0.726042321825637,0.5224970724516027,test,3,champion,INDRAPURI2,5.2104413865450505
236,7.814306027215501,14.4921155722467,-2.6894464524076622,0.6612091436785492,0.41705869039963794,test,3,champion,JAMBI3,38.10658402393413
224,5.354986205624718,9.523275644536835,0.28642812191729,0.8362318383950375,0.6946119320231829,test,3,champion,JAMBI4,48.243143335349636
239,8.09508017230105,10.724825144780477,-0.76010533210535,0.8314270242263563,0.6880525833011095,test,3,champion,KEMAYORAN3,41.80580637731002
211,2.270325693730575,2.8449074247223187,0.3709297595353788,0.7851576636579222,0.6077763320189121,test,3,champion,KOTABARU,61.658498369045034
207,3.4775970923879194,6.043313474562108,-0.5862259603174783,0.7077266938905479,0.4905091102050543,test,3,champion,KOTOTABANG2,15.519000337483957
228,7.345867401363087,10.212226889368711,-0.700389316486222,0.7301906528156376,0.5289372789313109,test,3,champion,MALANG,15.899685286930254
238,3.478309526854122,4.332874279970587,0.36682264585042773,0.6021264703774916,0.253702562401238,test,3,champion,MAROS,58.54178348401037
234,10.267026945919238,14.162214882485094,-3.5433686018708115,0.5264921847830226,0.22478288994240858,test,3,champion,MEDAN2,37.08138735216055
237,8.086046771640197,12.7910022856798,-1.6071366549616748,0.7095924662820776,0.47178879469987367,test,3,champion,MLATI,58.07497079679005
210,18.387849177980808,64.47689498550767,-15.162231254521492,0.794964938523863,0.26610984979810604,test,3,champion,PALANGKARAYA2,6.5748493328179
229,7.649540166684247,11.032118035362272,0.6092162338111194,0.703039986820976,0.4488689737691073,test,3,champion,PALEMBANG3,50.65090857901533
236,6.050877915774773,9.057515295286903,2.381765107454952,0.8238361153781804,0.5580524180051862,test,3,champion,PALEMBANG4,62.79681148075119
76,2.8532086369897005,3.587478533745839,-0.2192911012606734,0.8661089467792646,0.7067751482117341,test,3,champion,PALU,20.131176275794736
224,3.2525497064043134,5.0482945712809535,-0.4625111133116696,0.729692547407409,0.5184643289318143,test,3,champion,PANGKALANBUN2,68.58252978721147
231,8.181984662528846,12.147585296932407,-1.8916115952293566,0.7031666539479519,0.46912282855485976,test,3,champion,PEKANBARU2,36.26792362273523
219,7.68777260542163,11.86890775647786,-0.820759085257417,0.7763813330841968,0.6006108201002134,test,3,champion,PESAWARAN,40.046214636160634
227,18.144957824671316,57.915134297410354,-11.021050332300174,0.7473304051494157,0.3453875480959351,test,3,champion,PONTIANAK2,34.74277660571647
221,3.684208922825448,5.925079374443725,-1.0577799033547288,0.5832270200924101,0.29613237852982144,test,3,champion,SAMARINDA2,18.062778308903702
236,6.948119832494421,9.488208016943007,0.276044772720271,0.7141433024121301,0.5093474242397706,test,3,champion,SEMARANG,38.675482236856894
181,12.57596681252587,42.91388585654952,-9.599665137019311,0.7964443750019647,0.45020651531058875,test,3,champion,SINTANG,16.20960049079061
223,2.5099926763433142,4.218342057202058,-0.11524392872016136,0.8144754178878423,0.6631096109293177,test,3,champion,SORONG,25.200004433441247
238,28.458427964776398,88.98852824173251,-19.190132330722246,0.6841765803208296,0.24615484112846964,test,3,champion,SUPADIO,17.518834643048553
195,3.8283935462880447,6.299324329822372,-0.8407923791122401,0.8714697718360627,0.7421960035121604,test,3,champion,TANJUNGHARAPAN2,-0.7743981541804557
241,5.168639926776932,7.761042380871489,1.727762762162086,0.4707099733514949,-0.1004120356109035,test,3,prediction_q50,BANJARBARU2,76.23319107910093
228,4.099729628443967,5.853019347872241,-0.37705497696949103,0.6315813944556472,0.3960194640442475,test,3,prediction_q50,BATAM2,28.700354287931006
226,6.974420947741257,9.174402449300048,1.0655764154285234,0.7971570730339327,0.6293900458797945,test,3,prediction_q50,BENGKULU,64.46835882442858
223,3.108425388840962,4.317827825484132,-0.20615342524479083,0.7193394248875284,0.5133646674702994,test,3,prediction_q50,INDRAPURI2,5.342228361117773
236,7.817118609292682,14.439996300971353,-2.5421506144850974,0.6628341782238036,0.42124411695302144,test,3,prediction_q50,JAMBI3,38.084306893775235
224,5.462514358290263,9.55599740048813,0.3025424718549565,0.8346514852018946,0.692509713883555,test,3,prediction_q50,JAMBI4,47.20386536688734
239,8.070817507932745,10.667004084200586,-0.40838169479018693,0.8324504762982817,0.6914071383980442,test,3,prediction_q50,KEMAYORAN3,41.980226661976594
211,2.271606219554938,2.847331948792908,0.4239226020367306,0.7856395625051056,0.6071075152175316,test,3,prediction_q50,KOTABARU,61.63687271281479
207,3.489435809108813,5.946941740786112,-0.49809388226719864,0.7163724399270639,0.5066290820068238,test,3,prediction_q50,KOTOTABANG2,15.231403299433843
228,7.33951942789765,10.256326170482275,-0.7535991110693536,0.727013450595517,0.5248601309078005,test,3,prediction_q50,MALANG,15.97236105645673
238,3.5160201970792775,4.4039504280924895,0.44958159319865765,0.5959872684639897,0.2290173265744253,test,3,prediction_q50,MAROS,58.09230734651102
234,10.324145574031993,14.219364051802028,-3.7052076389202027,0.5228964572939622,0.2185137572079625,test,3,prediction_q50,MEDAN2,36.73135176190324
237,8.032439180657116,12.711269044553225,-1.3690220088958238,0.7103158075678578,0.4783535227132353,test,3,prediction_q50,MLATI,58.352918708909726
210,18.27941769361889,64.10367990325162,-15.01581303362722,0.7962513988783917,0.2745812925076472,test,3,prediction_q50,PALANGKARAYA2,7.125769000775007
229,7.57704236040927,10.914340590048347,0.6867906804306108,0.7117777426972381,0.4605737641781348,test,3,prediction_q50,PALEMBANG3,51.11861000834654
236,6.151850433397454,9.189084652873891,2.531921461519893,0.8257731711753387,0.5451197146968592,test,3,prediction_q50,PALEMBANG4,62.17599254163717
76,2.827333795709931,3.627632460768086,-0.2766351163309629,0.8652203091729936,0.7001743995682469,test,3,prediction_q50,PALU,20.85548122506269
224,3.299973108206545,5.13196884982311,-0.34473917236422386,0.7245254688628117,0.5023693623316381,test,3,prediction_q50,PANGKALANBUN2,68.12445121870348
231,8.259101069394644,12.185277979358181,-1.9729658143951896,0.7006908926532075,0.46582320498490315,test,3,prediction_q50,PEKANBARU2,35.667239444626276
219,7.763150645350858,11.941928557063564,-0.6600267414201125,0.7731241281761159,0.5956813978000148,test,3,prediction_q50,PESAWARAN,39.45837221950581
227,18.027411911998158,57.678617258396756,-10.836884719514295,0.7491518410320993,0.3507233158587425,test,3,prediction_q50,PONTIANAK2,35.165523241807705
221,3.755611581641593,6.0032585830609975,-1.0511583451767377,0.5718998626366021,0.27743529589583327,test,3,prediction_q50,SAMARINDA2,16.474775129033723
236,6.948260725804485,9.399808757049371,0.44834962198578765,0.7209310780576149,0.518447409248346,test,3,prediction_q50,SEMARANG,38.67423870414532
181,12.42667550006772,42.408839970833924,-9.195109199223118,0.7947286738342544,0.4630712094300674,test,3,prediction_q50,SINTANG,17.204289718314904
223,2.5010093255842087,4.207248543039598,-0.0847189583971057,0.8154936235430814,0.6648792085702071,test,3,prediction_q50,SORONG,25.46771620937076
238,28.414481876437897,88.45934504408663,-18.764886664572696,0.6862459293188242,0.25509388249047127,test,3,prediction_q50,SUPADIO,17.646203750840648
195,3.8166379425122217,6.326977432395327,-0.9005711151911389,0.8698267586252835,0.7399275925560174,test,3,prediction_q50,TANJUNGHARAPAN2,-0.4649566401030425
240,23.392916666666668,56.74839828870356,21.83291666666667,0.22175777234010313,-36.976539103309435,test,6,persistence,BANJARBARU2,0.0
226,5.816371681415929,10.356924493098914,2.7774336283185836,0.3403224541580268,-1.6631530288119376,test,6,persistence,BATAM2,0.0
190,25.06157894736842,35.17624123422543,24.13,0.5609312521418787,-6.710323642620168,test,6,persistence,BENGKULU,0.0
210,4.174285714285714,9.67248429210161,-0.046666666666666495,0.2854266725727832,0.015921476829607983,test,6,persistence,INDRAPURI2,0.0
235,12.957021276595743,18.271870020404403,6.5612765957446815,0.5934292815294014,0.10305296647819728,test,6,persistence,JAMBI3,0.0
225,12.188,20.95022566836824,4.398666666666666,0.5786798498621443,0.282928614195625,test,6,persistence,JAMBI4,0.0
239,17.257740585774055,22.79273539114774,12.440167364016736,0.6167914556333614,-0.6391181259152179,test,6,persistence,KEMAYORAN3,0.0
181,6.364088397790056,8.989014166782013,5.86574585635359,0.6187166146743498,-2.759265153237571,test,6,persistence,KOTABARU,0.0
191,3.6471204188481683,5.220980630442474,0.33089005235602104,0.6841696857056568,0.40358447730898783,test,6,persistence,KOTOTABANG2,0.0
219,11.205479452054794,17.26307326724118,5.315068493150685,0.43910355536106266,-0.060795109089399,test,6,persistence,MALANG,0.0
237,8.49746835443038,12.110136285107687,6.996202531645571,0.5583415816958266,-2.493304913301232,test,6,persistence,MAROS,0.0
233,19.151502145922745,25.601536468108648,14.97811158798283,0.25307548029948496,-3.2837813404594334,test,6,persistence,MEDAN2,0.0
236,22.03093220338983,27.638244965007505,20.658898305084747,0.5063151651039018,-2.702597703240251,test,6,persistence,MLATI,0.0
205,16.85268292682927,50.90654661047907,-3.6360975609756094,0.6158650295972505,0.35764496918839006,test,6,persistence,PALANGKARAYA2,0.0
229,18.496943231441044,26.437924328410503,12.36419213973799,0.5788060917083643,0.06987910525837959,test,6,persistence,PALEMBANG3,0.0
236,17.639830508474578,25.51394434289225,13.872033898305084,0.6369287077441973,-0.0707158566639754,test,6,persistence,PALEMBANG4,0.0
74,5.033783783783784,6.559365081337543,4.036486486486487,0.7367661528488517,-0.9595190625435599,test,6,persistence,PALU,0.0
212,11.224056603773585,22.878201910148213,10.002358490566039,0.707836313385922,-9.054233054278152,test,6,persistence,PANGKALANBUN2,0.0
230,16.48521739130435,29.57197557030025,6.712173913043478,0.3598903522930556,-0.6301593395854876,test,6,persistence,PEKANBARU2,0.0
217,14.896313364055299,20.73886242653014,11.241935483870968,0.6723569696674647,-1.0913437076738557,test,6,persistence,PESAWARAN,0.0
217,29.753917050691246,65.28746783434933,24.035944700460828,0.4844447142424239,-3.3855289657017016,test,6,persistence,PONTIANAK2,0.0
220,4.560454545454546,6.384950345076374,-0.43318181818181817,0.6415612531263823,0.35308057930982395,test,6,persistence,SAMARINDA2,0.0
236,14.560169491525425,18.374971463139378,10.44915254237288,0.5099000853493185,-0.6869376998827765,test,6,persistence,SEMARANG,0.0
172,15.872093023255811,49.15694017574589,9.208139534883722,0.776799285130068,-0.5478298684192959,test,6,persistence,SINTANG,0.0
217,4.988940092165898,14.187055175835892,0.12718894009216555,0.3492829116121595,0.09881273267450807,test,6,persistence,SORONG,0.0
233,35.969527896995714,63.03988144310326,32.15064377682403,0.7813417685352216,-0.20474761712846368,test,6,persistence,SUPADIO,0.0
193,4.8632124352331605,8.141755739918597,-1.2031088082901553,0.8453633168900918,0.6936284854935713,test,6,persistence,TANJUNGHARAPAN2,0.0
240,4.558958333333334,8.8598373997495,-0.8606249999999999,0.4038116425707611,0.07432257888737215,test,6,climatology,BANJARBARU2,80.5113727445986
226,4.926327433628318,6.431641053196931,-1.044911504424779,0.1261367143375084,-0.027018104694445322,test,6,climatology,BATAM2,15.302396348421466
190,7.720789473684211,10.11828399742919,-0.5655263157894738,0.6639112862276435,0.3620487746433064,test,6,climatology,BENGKULU,69.19272528718734
210,4.423809523809524,9.714686966502978,-1.0266666666666664,0.1627192632773983,0.007315342758426824,test,6,climatology,INDRAPURI2,-5.977640885238422
235,10.054042553191488,19.772189258782305,-7.7842553191489365,0.426659299911064,-0.05029263787132088,test,6,climatology,JAMBI3,22.404676672468714
225,10.440444444444443,24.42971369277813,-6.251555555555555,0.3834179658506267,0.024961563072648296,test,6,climatology,JAMBI4,14.338329139773197
239,11.46715481171548,14.521993491910107,5.738284518828452,0.7189543405364927,0.3346198644711701,test,6,climatology,KEMAYORAN3,33.55355670852931
181,3.4312154696132593,4.1156100223847245,0.6809392265193371,0.6838331320812558,0.21196181596722274,test,6,climatology,KOTABARU,46.08472957722025
191,5.078272251308899,7.211854878277871,-2.1950261780104707,0.05886269437250901,-0.1379907503338027,test,6,climatology,KOTOTABANG2,-39.240597186333545
219,10.649771689497717,16.13841385720679,2.8123287671232866,0.31798594685192366,0.0729204996359002,test,6,climatology,MALANG,4.959250203748978
237,4.429113924050633,6.372086080135627,0.2949367088607601,0.24150417713335337,0.03283248416030249,test,6,climatology,MAROS,47.87725309101742
233,10.360729613733906,12.942562531921716,3.4195278969957084,0.04734921423509098,-0.09480249481463376,test,6,climatology,MEDAN2,45.90121686125988
236,9.172457627118643,13.0683551673369,-3.0635593220338984,0.4671229225518996,0.172196111727426,test,6,climatology,MLATI,58.36554920854731
205,18.296829268292683,64.53171228352694,-15.028048780487808,0.4403468743160571,-0.03222467030119924,test,6,climatology,PALANGKARAYA2,-8.569237003589203
229,11.450873362445416,27.318161617291743,-3.8831877729257642,0.219030886293568,0.006912237195761728,test,6,climatology,PALEMBANG3,38.09315831720098
236,10.026059322033898,24.215056292959275,-7.126059322033901,0.4781765147913126,0.03552718105301256,test,6,climatology,PALEMBANG4,43.162382896949325
74,4.346621621621622,5.465373185250396,-3.1966216216216212,0.37292388392696624,-0.36039657229847366,test,6,climatology,PALU,13.651006711409408
212,4.53632075471698,7.632748151198403,-3.075943396226415,0.3550159124687364,-0.11909520839406418,test,6,climatology,PANGKALANBUN2,59.583946207186386
230,11.615434782608695,22.847253902155618,-4.241521739130435,0.26729663434404427,0.02694498543723456,test,6,climatology,PEKANBARU2,29.540299609663478
217,8.429493087557605,11.207856033441875,-0.5073732718894003,0.6284148620328629,0.389197733189354,test,6,climatology,PESAWARAN,43.41221964423819
217,15.347235023041476,32.5204907046035,-13.046313364055298,0.5524153314623346,-0.08811930185592454,test,6,climatology,PONTIANAK2,48.41944676764861
220,4.437045454545455,7.068710664226217,-0.8065909090909092,0.6443496311297262,0.2071052327729439,test,6,climatology,SAMARINDA2,2.7060699691019763
236,8.319915254237289,10.71184399134506,-1.7826271186440668,0.7071206783015636,0.4267102522246462,test,6,climatology,SEMARANG,42.8583900820674
172,15.222093023255812,40.436634322713324,-12.945348837209304,0.6939028969275701,-0.04737822417545812,test,6,climatology,SINTANG,4.095238095238085
217,5.7050691244239635,15.211860216431115,-4.0041474654377875,0.2734261352864669,-0.03608451621683795,test,6,climatology,SORONG,-14.354332163310568
233,22.44721030042918,59.583344087956846,-19.7656652360515,0.5481961738442174,-0.07625466976517692,test,6,climatology,SUPADIO,37.59381450679523
193,7.14740932642487,14.90122182631674,-4.484715025906736,0.3755039035534967,-0.026256699306657083,test,6,climatology,TANJUNGHARAPAN2,-46.96888983592584
240,4.79522767837021,7.433670538341418,-2.6230677593445213,0.6553804706562134,0.3483494203958738,test,6,raw_cams,BANJARBARU2,79.50136895411984
226,5.576597538449381,7.026507697635499,-3.2637593245379066,0.453953050006142,-0.22578289010827457,test,6,raw_cams,BATAM2,4.122400632213008
190,5.291462696982038,7.174799748149125,-0.4203897059353817,0.8654300805900357,0.6792303172768805,test,6,raw_cams,BENGKULU,78.88615594374726
210,4.567949933884808,10.005337314987164,-2.886336223223271,0.23137008572019654,-0.05297281051106961,test,6,raw_cams,INDRAPURI2,-9.43069656808233
235,9.967348891790106,17.51135130555146,-6.539483356798528,0.6036367756000097,0.1761652155488881,test,6,raw_cams,JAMBI3,23.073763027663464
225,9.483470856005566,20.473290433614405,-5.329876015205058,0.6019223695701803,0.3152054794994842,test,6,raw_cams,JAMBI4,22.19009799798519
239,11.059643612417279,13.585809632397444,5.483557226925967,0.7219826628055905,0.41764419987491175,test,6,raw_cams,KEMAYORAN3,35.91488087650365
181,4.5233094264910045,5.378635132762205,3.590209892979184,0.5399892734172457,-0.34593162532700217,test,6,raw_cams,KOTABARU,28.92447207267369
191,5.807811981555528,8.572691419915829,4.039160701307986,0.5625027199200618,-0.6079744980078421,test,6,raw_cams,KOTOTABANG2,-59.24376808456871
219,10.252178144742988,16.07844926024893,1.5601763868090062,0.2974401200731291,0.0797970947138783,test,6,raw_cams,MALANG,8.507456654494117
237,4.842629148946197,6.600594515815954,-3.2343947832818314,0.504644003159951,-0.03777819618384881,test,6,raw_cams,MAROS,43.0109187000224
233,8.067789380645529,11.812204082920747,-4.455200957816124,0.46723691326979583,0.08807920747717746,test,6,raw_cams,MEDAN2,57.873855955663934
236,10.062117255088904,14.063086498238887,-3.4695868197424167,0.3804896780708042,0.04137908558643,test,6,raw_cams,MLATI,54.32731959684993
205,13.7002326381855,34.2652426306362,6.634405569260912,0.8530119952919067,0.708971527626722,test,6,raw_cams,PALANGKARAYA2,18.705925355215147
229,11.30499592839742,23.949836547604285,-8.755029986293492,0.6085080598175514,0.23670960409444763,test,6,raw_cams,PALEMBANG3,38.881815298101664
236,9.653464958099176,19.770176639819564,-7.906543109516144,0.719795263648244,0.35710488477593016,test,6,raw_cams,PALEMBANG4,45.27461613952906
74,3.50725298032326,4.345196917668692,-2.280719999870003,0.6520473174287479,0.14010621267852175,test,6,raw_cams,PALU,30.32571260565873
212,5.4567746428924,11.243464588585734,3.613474394991815,0.7153505892826483,-1.428317578100991,test,6,raw_cams,PANGKALANBUN2,51.38322234531672
230,9.791397693610076,21.85009957629696,-2.8109375521577253,0.4204704573299693,0.11002825253855175,test,6,raw_cams,PEKANBARU2,40.60498286922889
217,8.859248558692641,11.546246198211968,-5.748371298808993,0.7353731825791374,0.3517579789286249,test,6,raw_cams,PESAWARAN,40.527240920764015
217,10.880053631537159,20.454568389892216,5.217791741939697,0.8795861140179977,0.5695299171651556,test,6,raw_cams,PONTIANAK2,63.43320574228598
220,4.047283161657718,5.270269655641415,0.4829844216648829,0.7717566279681027,0.5592413807020586,test,6,raw_cams,SAMARINDA2,11.252636742280709
236,9.40242408819657,11.841895475647707,4.524566320992823,0.6412973566905446,0.2993709438265578,test,6,raw_cams,SEMARANG,35.42366320894039
172,9.033117024467828,20.03846660853554,2.9235678028559935,0.8673476811035657,0.7427931625281181,test,6,raw_cams,SINTANG,43.08805391177778
217,4.718023601588093,14.42025956763368,-2.779759354309007,0.3299195496000661,0.06894210485735297,test,6,raw_cams,SORONG,5.430341627136881
233,14.096517845546524,31.974101734947048,-1.1808712838310031,0.8310771949397495,0.6900711495285576,test,6,raw_cams,SUPADIO,60.8098335738126
193,4.758884439148202,7.4699042720220135,-0.0020788407793413165,0.8830382659273309,0.7421053587867338,test,6,raw_cams,TANJUNGHARAPAN2,2.1452485877260674
240,4.4755230186579436,7.774502527006163,0.24843334924017094,0.5408106683683207,0.28722347880015553,test,6,obs_lgbm,BANJARBARU2,80.86804188451086
226,3.935736497017281,5.125096267632196,-0.5795550839175683,0.5976867138897658,0.3478634267162718,test,6,obs_lgbm,BATAM2,32.333476734430924
190,5.535699098556906,7.492127436544292,0.777515969771671,0.8118969347965596,0.650228791281992,test,6,obs_lgbm,BENGKULU,77.91161079602217
210,3.6731750504957073,9.395008953437024,-0.5838437154933364,0.30642743992543453,0.07157231104489392,test,6,obs_lgbm,INDRAPURI2,12.00470447135541
235,6.76735584091461,13.340196416448874,-3.4822719460974167,0.7785366546231428,0.5218928356147994,test,6,obs_lgbm,JAMBI3,47.77074378091453
225,6.941635535177081,15.932479306664712,-3.3505697650479234,0.8656612938002695,0.585283124340853,test,6,obs_lgbm,JAMBI4,43.04532708256416
239,8.240585636259524,11.532118376215486,-2.950924046922786,0.7839962342034729,0.5803999424863169,test,6,obs_lgbm,KEMAYORAN3,52.249915941763405
181,2.1850655543821045,2.6502485754455756,0.5420611273321797,0.8289061519523971,0.6732225731165011,test,6,obs_lgbm,KOTABARU,65.66569447494047
191,3.38006936709965,5.065658199197899,-0.8412883209277942,0.67935823488293,0.4385429496298662,test,6,obs_lgbm,KOTOTABANG2,7.3222438822806435
219,8.667867469969506,14.979767773400333,-0.8936322211960468,0.45276629449053146,0.2012599841630205,test,6,obs_lgbm,MALANG,22.646170500272135
237,3.5795663456369926,5.126101720400266,0.4602328776740207,0.6158015945202728,0.37408858323963123,test,6,obs_lgbm,MAROS,57.874908192265394
233,7.831318248985276,10.708665215868823,-0.22294155452875514,0.5018069575024627,0.2505098710120879,test,6,obs_lgbm,MEDAN2,59.10859529808463
236,7.523165761117291,11.172842470619562,-2.074150154278651,0.6487894076516799,0.39491978163087327,test,6,obs_lgbm,MLATI,65.85180467325063
205,13.78433878676915,54.854334055038976,-11.03981755647002,0.7684323867489384,0.25415299371905975,test,6,obs_lgbm,PALANGKARAYA2,18.206858536306726
229,8.56031258353372,21.202050545867127,-2.8121164462276873,0.7048326347715221,0.4018082468938764,test,6,obs_lgbm,PALEMBANG3,53.72039327566876
236,7.225926232058078,17.31412488613699,-2.712945069090639,0.7583067338370294,0.5069168994045763,test,6,obs_lgbm,PALEMBANG4,59.03630577070127
74,3.2672804970064204,4.368241616505205,1.2727101850110083,0.7574607391417807,0.13096115404197228,test,6,obs_lgbm,PALU,35.092951200409374
212,2.98258195072723,5.118643030495479,-0.7999930992422499,0.7195679889512574,0.4967139910771179,test,6,obs_lgbm,PANGKALANBUN2,73.4268807079566
230,9.198059870519698,20.12860014785919,-3.143642361687435,0.5136079837691874,0.2447399300233778,test,6,obs_lgbm,PEKANBARU2,44.20419426575772
217,6.540531440225157,8.705235875461478,-0.870018507697904,0.7995668068981652,0.63151769354923,test,6,obs_lgbm,PESAWARAN,56.09295212594403
217,9.796496522091891,21.41990695440494,-4.343888834489825,0.7898640318398462,0.5279396826725974,test,6,obs_lgbm,PONTIANAK2,67.07493502317101
220,3.6197666546323375,5.26885420521605,-2.017109512889068,0.8088669530397966,0.5594781003534024,test,6,obs_lgbm,SAMARINDA2,20.627064285944975
236,7.736835374324413,10.50000780669473,-2.9046218535798776,0.7193180937599756,0.44916067001470383,test,6,obs_lgbm,SEMARANG,46.863012969543064
172,8.881839632082622,25.53518989209123,-6.261196176704947,0.8897589854219476,0.5823314998677738,test,6,obs_lgbm,SINTANG,44.04115689676882
217,3.9087415368528404,13.795768605167112,-1.5762489793123797,0.39908245709909484,0.1478376660105094,test,6,obs_lgbm,SORONG,21.651864631713803
233,15.768265622798818,45.56676857886569,-8.224088334696567,0.7640127949506204,0.37054923908389836,test,6,obs_lgbm,SUPADIO,56.16215573372641
193,4.436016646772924,9.283233261702856,-2.7057149604746313,0.8562142855549029,0.6016995731532648,test,6,obs_lgbm,TANJUNGHARAPAN2,8.784230468018938
240,4.4782695409581414,7.593441622727744,0.5192985349790253,0.5918423305527367,0.32003668186144596,test,6,cams_lgbm,BANJARBARU2,80.85630105569788
226,3.7431091060371044,4.856313541891701,-0.08997829350866457,0.6447331087544104,0.4144716336864417,test,6,cams_lgbm,BATAM2,35.645290379278386
190,4.763162751126205,6.315823281056665,1.7113673531034082,0.878489841395671,0.7514386003786024,test,6,cams_lgbm,BENGKULU,80.99416337203144
210,3.424407602907707,9.285564769302196,-0.8946320936432097,0.3307737071740125,0.0930771693767738,test,6,cams_lgbm,INDRAPURI2,17.964225803032353
235,6.55555835290756,12.475753725804383,-2.2275566920550935,0.7800126484168212,0.5818477964530835,test,6,cams_lgbm,JAMBI3,49.405359357178334
225,6.755279582226303,14.635733716670233,-2.0175122293854355,0.8547743983263206,0.6500435676161609,test,6,cams_lgbm,JAMBI4,44.57433883962666
239,7.9647028352899865,11.243425132074206,-2.406956118088047,0.7922685827725573,0.6011453860995678,test,6,cams_lgbm,KEMAYORAN3,53.848519186483365
181,2.143960865319991,2.575426879733306,0.825415179603563,0.8505312492566189,0.6914132479118765,test,6,cams_lgbm,KOTABARU,66.31157942330772
191,3.3435483352445177,4.712509453241682,-0.25460028416906877,0.7179966723710314,0.5140973775869271,test,6,cams_lgbm,KOTOTABANG2,8.32361010167919
219,8.541003691247058,14.447065563530568,-0.043189723707987675,0.5073170432823879,0.257058585019463,test,6,cams_lgbm,MALANG,23.778328916743863
237,3.385820589295879,4.831806857707313,0.4504026128538722,0.6699379788799937,0.44389402007197065,test,6,cams_lgbm,MAROS,60.154949120456656
233,7.253008207799352,10.149954836878829,-0.2772782372766072,0.5735479260552396,0.32667699320410615,test,6,cams_lgbm,MEDAN2,62.12825420932593
236,6.566460694295844,10.227283410797936,-1.0858544584945937,0.7114988330322733,0.4930020704811995,test,6,cams_lgbm,MLATI,70.1943583972108
205,13.01183141617779,52.893067317243975,-9.183374888287984,0.7467883400027184,0.3065336969385327,test,6,cams_lgbm,PALANGKARAYA2,22.79074214668153
229,8.722574671607319,20.69808016916126,-2.691290887008686,0.7038665638919727,0.42990816651262975,test,6,cams_lgbm,PALEMBANG3,52.843155961138955
236,7.029729296882123,16.365604808253746,-2.0160483614173166,0.7784802827098288,0.5594622328482274,test,6,cams_lgbm,PALEMBANG4,60.14854398116308
74,3.255403625277985,4.1095845684442756,1.2354462564373137,0.7640268151138021,0.23083107605980335,test,6,cams_lgbm,PALU,35.328894424007814
212,3.0606502998516665,4.956721334678937,-0.09673929132142367,0.7332023112917402,0.5280519693627015,test,6,cams_lgbm,PANGKALANBUN2,72.7313358449862
230,8.733996113622561,19.93440674756863,-1.7005639055353023,0.5220746300116098,0.25924258072355455,test,6,cams_lgbm,PEKANBARU2,47.01922391251217
217,5.833115760192432,7.8056697283152285,-0.635283274188074,0.8409805880342022,0.7037380372026627,test,6,cams_lgbm,PESAWARAN,60.84188337318614
217,8.776601702048286,18.78346873664183,-2.499971568745993,0.8386171236111143,0.6369938969072447,test,6,cams_lgbm,PONTIANAK2,70.50270158683396
220,3.3879272802468776,4.797062632832476,-1.625996378751509,0.8296802167961684,0.6348377130038593,test,6,cams_lgbm,SAMARINDA2,25.710754345229446
236,7.146237459564375,9.674911631424935,-2.6083109727809712,0.7722682427756705,0.5323297850862587,test,6,cams_lgbm,SEMARANG,50.91927011066899
172,8.058124499323778,23.58068992662603,-4.800109405842342,0.8874826197174229,0.6438224401676063,test,6,cams_lgbm,SINTANG,49.2308639603044
217,3.7980247484200267,13.732875703368096,-1.5657113959489755,0.40818173086759013,0.15558972357278977,test,6,cams_lgbm,SORONG,23.871109328732143
233,15.88011239591199,44.0081813289832,-6.651888943018343,0.7499988744557509,0.41287287732856315,test,6,cams_lgbm,SUPADIO,55.85120705118194
193,4.218702332926562,8.135712247272453,-1.9359702903863552,0.865207372297681,0.6940831458555002,test,6,cams_lgbm,TANJUNGHARAPAN2,13.252764728869959
240,4.578432434002559,7.773891857298142,0.6516882979869845,0.5742478046950027,0.2873354483914684,test,6,cams_xgboost,BANJARBARU2,80.4281248924957
226,3.767101921655436,4.845045919008215,0.11192820135471034,0.6471960598972789,0.41718556843751675,test,6,cams_xgboost,BATAM2,35.23278552345922
190,4.782577779418544,6.285239340662313,2.0902202558517455,0.8838014427721773,0.7538400548344617,test,6,cams_xgboost,BENGKULU,80.91669407796536
210,3.383318589982532,9.246589365484043,-0.778551489057995,0.3362478745255752,0.1006746607338761,test,6,cams_xgboost,INDRAPURI2,18.948562183854467
235,6.492668231801785,11.947364001004118,-1.7933560915196194,0.799295860110184,0.6165179903149774,test,6,cams_xgboost,JAMBI3,49.890734195756195
225,6.792670096927219,14.871348664441564,-1.900940046098497,0.8496568931870833,0.6386852478678526,test,6,cams_xgboost,JAMBI4,44.26755745875271
239,8.136903544948689,11.511155213818595,-2.246696856031857,0.7819041499894358,0.581924059567965,test,6,cams_xgboost,KEMAYORAN3,52.85070195309274
181,2.2303065056300295,2.6416490901177423,0.9893830103110214,0.8494092560147657,0.6753397772164313,test,6,cams_xgboost,KOTABARU,64.95481573756096
191,3.472589724226147,4.814355515156671,0.4120120270714087,0.713196963320039,0.4928679138152682,test,6,cams_xgboost,KOTOTABANG2,4.785438224634797
219,8.512676274286557,14.478697869688771,0.2982477645351465,0.5041479802445142,0.25380163595543004,test,6,cams_xgboost,MALANG,24.031128603555175
237,3.4280206897590735,4.890629160467478,0.6149595284763771,0.6627968027107464,0.4302715598196022,test,6,cams_xgboost,MAROS,59.65832943676943
233,7.485560636561315,10.2323292123244,0.20367008340205245,0.5629718680451095,0.31570361825144655,test,6,cams_xgboost,MEDAN2,60.913976462389655
236,6.5660727242291985,10.307081500223546,-0.6970157413159387,0.6992455286980899,0.48505953117642797,test,6,cams_xgboost,MLATI,70.1961194214973
205,13.114314359106666,52.77086619700268,-9.044516368726406,0.7488466223825803,0.30973428527363644,test,6,cams_xgboost,PALANGKARAYA2,22.182631596130996
229,8.778543350269702,20.538090960928635,-2.2275645181081183,0.7054029439609647,0.4386873416459789,test,6,cams_xgboost,PALEMBANG3,52.54057256688791
236,6.992857388318596,16.288466188096088,-1.7403594792899437,0.7791077482605271,0.5636053596518871,test,6,cams_xgboost,PALEMBANG4,60.35757041452826
74,3.3726177164026208,4.366492349806364,1.4562590238210318,0.7713685312777809,0.13165702962200054,test,6,cams_xgboost,PALU,33.00034603656539
212,3.077035922599289,4.902446105449175,0.030853333788098177,0.7419641993515027,0.538330879742917,test,6,cams_xgboost,PANGKALANBUN2,72.58534920819292
230,8.656059547921885,19.77420197366982,-1.132605868629787,0.5286070920275026,0.27110107376916526,test,6,cams_xgboost,PEKANBARU2,47.49199029375374
217,5.995708012031519,7.921561090586251,-0.20623688500048346,0.8340280610709415,0.6948754834699233,test,6,cams_xgboost,PESAWARAN,59.75039014351617
217,8.723884633059875,18.881034084908066,-2.5419492260102308,0.8319838078139886,0.63321304059957,test,6,cams_xgboost,PONTIANAK2,70.67987849062986
220,3.3295133852958676,4.545267399810791,-1.382475447871468,0.8479226536143984,0.6721659818906149,test,6,cams_xgboost,SAMARINDA2,26.99163313414824
236,6.795742675611527,9.190837310964897,-2.2711235452506506,0.7951451934383544,0.5779578228831368,test,6,cams_xgboost,SEMARANG,53.32648648378091
172,8.096712576095449,23.45758650383658,-4.637516077313311,0.8844660618238206,0.6475315958949031,test,6,cams_xgboost,SINTANG,48.98774494181622
217,3.8588484781678374,13.699985624829116,-1.375176188473328,0.41013833591097476,0.15962958576013653,test,6,cams_xgboost,SORONG,22.65193794915752
233,15.462447239094024,43.079719628023774,-6.162290765696841,0.763150372818047,0.43738534971301013,test,6,cams_xgboost,SUPADIO,57.01237090635962
193,4.1417354867866,7.863046619731718,-1.59846859546523,0.8658083111149644,0.714244928666343,test,6,cams_xgboost,TANJUNGHARAPAN2,14.835398577688707
240,4.4782695409581414,7.593441622727744,0.5192985349790253,0.5918423305527367,0.32003668186144596,test,6,champion,BANJARBARU2,80.85630105569788
226,3.7431091060371044,4.856313541891701,-0.08997829350866457,0.6447331087544104,0.4144716336864417,test,6,champion,BATAM2,35.645290379278386
190,4.763162751126205,6.315823281056665,1.7113673531034082,0.878489841395671,0.7514386003786024,test,6,champion,BENGKULU,80.99416337203144
210,3.424407602907707,9.285564769302196,-0.8946320936432097,0.3307737071740125,0.0930771693767738,test,6,champion,INDRAPURI2,17.964225803032353
235,6.55555835290756,12.475753725804383,-2.2275566920550935,0.7800126484168212,0.5818477964530835,test,6,champion,JAMBI3,49.405359357178334
225,6.755279582226303,14.635733716670233,-2.0175122293854355,0.8547743983263206,0.6500435676161609,test,6,champion,JAMBI4,44.57433883962666
239,7.9647028352899865,11.243425132074206,-2.406956118088047,0.7922685827725573,0.6011453860995678,test,6,champion,KEMAYORAN3,53.848519186483365
181,2.143960865319991,2.575426879733306,0.825415179603563,0.8505312492566189,0.6914132479118765,test,6,champion,KOTABARU,66.31157942330772
191,3.3435483352445177,4.712509453241682,-0.25460028416906877,0.7179966723710314,0.5140973775869271,test,6,champion,KOTOTABANG2,8.32361010167919
219,8.541003691247058,14.447065563530568,-0.043189723707987675,0.5073170432823879,0.257058585019463,test,6,champion,MALANG,23.778328916743863
237,3.385820589295879,4.831806857707313,0.4504026128538722,0.6699379788799937,0.44389402007197065,test,6,champion,MAROS,60.154949120456656
233,7.253008207799352,10.149954836878829,-0.2772782372766072,0.5735479260552396,0.32667699320410615,test,6,champion,MEDAN2,62.12825420932593
236,6.566460694295844,10.227283410797936,-1.0858544584945937,0.7114988330322733,0.4930020704811995,test,6,champion,MLATI,70.1943583972108
205,13.01183141617779,52.893067317243975,-9.183374888287984,0.7467883400027184,0.3065336969385327,test,6,champion,PALANGKARAYA2,22.79074214668153
229,8.722574671607319,20.69808016916126,-2.691290887008686,0.7038665638919727,0.42990816651262975,test,6,champion,PALEMBANG3,52.843155961138955
236,7.029729296882123,16.365604808253746,-2.0160483614173166,0.7784802827098288,0.5594622328482274,test,6,champion,PALEMBANG4,60.14854398116308
74,3.255403625277985,4.1095845684442756,1.2354462564373137,0.7640268151138021,0.23083107605980335,test,6,champion,PALU,35.328894424007814
212,3.0606502998516665,4.956721334678937,-0.09673929132142367,0.7332023112917402,0.5280519693627015,test,6,champion,PANGKALANBUN2,72.7313358449862
230,8.733996113622561,19.93440674756863,-1.7005639055353023,0.5220746300116098,0.25924258072355455,test,6,champion,PEKANBARU2,47.01922391251217
217,5.833115760192432,7.8056697283152285,-0.635283274188074,0.8409805880342022,0.7037380372026627,test,6,champion,PESAWARAN,60.84188337318614
217,8.776601702048286,18.78346873664183,-2.499971568745993,0.8386171236111143,0.6369938969072447,test,6,champion,PONTIANAK2,70.50270158683396
220,3.3879272802468776,4.797062632832476,-1.625996378751509,0.8296802167961684,0.6348377130038593,test,6,champion,SAMARINDA2,25.710754345229446
236,7.146237459564375,9.674911631424935,-2.6083109727809712,0.7722682427756705,0.5323297850862587,test,6,champion,SEMARANG,50.91927011066899
172,8.058124499323778,23.58068992662603,-4.800109405842342,0.8874826197174229,0.6438224401676063,test,6,champion,SINTANG,49.2308639603044
217,3.7980247484200267,13.732875703368096,-1.5657113959489755,0.40818173086759013,0.15558972357278977,test,6,champion,SORONG,23.871109328732143
233,15.88011239591199,44.0081813289832,-6.651888943018343,0.7499988744557509,0.41287287732856315,test,6,champion,SUPADIO,55.85120705118194
193,4.218702332926562,8.135712247272453,-1.9359702903863552,0.865207372297681,0.6940831458555002,test,6,champion,TANJUNGHARAPAN2,13.252764728869959
240,4.480045881559741,7.410949056170151,0.7027374082269106,0.6137300225602365,0.3523269543747155,test,6,prediction_q50,BANJARBARU2,80.84870755794422
226,3.842612084842225,4.929349607290662,0.1227463833093203,0.6337938598815179,0.39672720041965837,test,6,prediction_q50,BATAM2,33.934550690426555
190,4.752413366958135,6.304689587732364,1.656871641129932,0.8790416287985785,0.7523141686285489,test,6,prediction_q50,BENGKULU,81.03705525921319
210,3.479538226795077,9.298845657352482,-0.8953433798403667,0.32702186364630215,0.0904810205126162,test,6,prediction_q50,INDRAPURI2,16.64350586048754
235,6.596861923524163,12.46011826712762,-2.2646608631784524,0.7792744883113174,0.5828952529370508,test,6,prediction_q50,JAMBI3,49.086585699754394
225,6.8251349231803005,14.681437753369039,-1.990192827544936,0.8500022642101823,0.6478544877391492,test,6,prediction_q50,JAMBI4,44.001190325071384
239,7.810017546904312,11.065257741319064,-2.1307283113480375,0.7967304331312123,0.6136860204516872,test,6,prediction_q50,KEMAYORAN3,54.74484328880058
181,2.1982665883432277,2.6189906763155277,0.9071507693457723,0.8486567056362114,0.6808853562196515,test,6,prediction_q50,KOTABARU,65.45826439012725
191,3.358860306571782,4.708443838821417,-0.2623575080248188,0.7186396929825318,0.5149354196414057,test,6,prediction_q50,KOTOTABANG2,7.903772817225052
219,8.482099875537623,14.4102635537849,-0.0328865420778746,0.5110953055904763,0.26083885615133917,test,6,prediction_q50,MALANG,24.303998665740036
237,3.383219828598289,4.877254503260078,0.5611649789332436,0.6640239169114128,0.4333834307222185,test,6,prediction_q50,MAROS,60.185555420934776
233,7.346631276187654,10.255960348395602,-0.17884991778844644,0.5595240410587732,0.31253926078157157,test,6,prediction_q50,MEDAN2,61.639399248106955
236,6.593964198617819,10.287334651972468,-1.2865952302152512,0.7091307535041387,0.4870307411002781,test,6,prediction_q50,MLATI,70.06951799523388
205,13.028165994746974,52.91948631916687,-9.143838429138858,0.7427427952889919,0.3058407795515369,test,6,prediction_q50,PALANGKARAYA2,22.693816460486016
229,8.75775106191427,20.601420142080542,-2.4099357744552554,0.7057370669265676,0.4352203907608535,test,6,prediction_q50,PALEMBANG3,52.652981888229654
236,7.094952868018418,16.399044935383287,-1.9707679182043225,0.7765465432551341,0.5576600764574662,test,6,prediction_q50,PALEMBANG4,59.77879229276131
74,3.3092000920532585,4.213919549409569,1.4023634832116263,0.7658028384265622,0.19127966106165717,test,6,prediction_q50,PALU,34.26018609075406
212,3.0597870795996664,5.0195446757126145,-0.09607926091671272,0.724296523578391,0.516012863850853,test,6,prediction_q50,PANGKALANBUN2,72.73902664950076
230,8.693445356203384,19.899412989381215,-1.657170718144648,0.5245557520486,0.2618410160929908,test,6,prediction_q50,PEKANBARU2,47.26520645830842
217,5.810650391411161,7.73296753796462,-0.2988868839666326,0.8424992142071503,0.7092311178683273,test,6,prediction_q50,PESAWARAN,60.9926949749042
217,8.952333105551894,18.997704649590023,-2.1980042285224393,0.8256820700469603,0.6286661014357915,test,6,prediction_q50,PONTIANAK2,69.91208555734039
220,3.3975488858258247,4.795586783137554,-1.68573405562659,0.8334103476616225,0.635062367876703,test,6,prediction_q50,SAMARINDA2,25.499775253495336
236,7.178009482068673,9.665259944967866,-2.6424035321604835,0.7781421644509366,0.5332624147507381,test,6,prediction_q50,SEMARANG,50.70105821057545
172,7.872084725242221,23.3838143747228,-4.641444583080844,0.8871264405166508,0.6497450765547873,test,6,prediction_q50,SINTANG,50.4029826834556
217,3.7965611354324618,13.76719349919259,-1.5420067412561684,0.40302713086435216,0.15136416910430284,test,6,prediction_q50,SORONG,23.90044648172508
233,16.03506730040086,44.14380731690556,-6.098188403596323,0.7324719235959986,0.40924844221385415,test,6,prediction_q50,SUPADIO,55.42041211572266
193,4.137610115466461,8.078602053666632,-1.997641342982088,0.8712063253278752,0.6983629556182069,test,6,prediction_q50,TANJUNGHARAPAN2,14.920226690280526
239,21.797489539748952,55.52949082662685,14.999163179916312,0.11623481003851224,-36.18819378541333,test,12,persistence,BANJARBARU2,0.0
226,7.565044247787612,15.065945012346363,-0.5057522123893805,0.22203333232625377,-2.0345237977670285,test,12,persistence,BATAM2,0.0
225,20.70311111111111,29.434836503707643,5.936888888888889,0.3850976019209451,-0.9336235126147878,test,12,persistence,BENGKULU,0.0
218,6.412844036697248,9.06221614550712,-4.230275229357798,0.37125108422048836,-0.1853241630232112,test,12,persistence,INDRAPURI2,0.0
235,26.058723404255318,38.370285489042665,-19.805957446808506,0.39287099368858414,-0.1754836825157291,test,12,persistence,JAMBI3,0.0
228,29.946491228070172,48.72350292048083,-24.309649122807016,0.472055657714109,-0.04767850211629443,test,12,persistence,JAMBI4,0.0
238,19.363865546218488,25.65524173675681,15.767226890756303,0.5460851062146616,-1.623482192504917,test,12,persistence,KEMAYORAN3,0.0
224,5.904017857142857,8.330711790031597,0.11919642857142845,0.42832180823141663,-0.3514489183138245,test,12,persistence,KOTABARU,0.0
204,4.553921568627451,6.362366374420208,-0.6215686274509804,0.4721396984846695,-0.08143137209185047,test,12,persistence,KOTOTABANG2,0.0
228,11.399561403508772,14.836094263061831,-0.41973684210526335,0.44974253098855105,-0.05970810567217555,test,12,persistence,MALANG,0.0
235,11.194468085106383,15.790591057887822,-5.528085106382978,0.3569396109326229,-0.27950308599607854,test,12,persistence,MAROS,0.0
234,21.35042735042735,28.446893090383817,-7.276068376068377,0.18213728515183136,-0.5492591577923298,test,12,persistence,MEDAN2,0.0
239,20.364016736401673,26.540642237454787,11.392468619246863,0.24408765759857762,-1.1402958896929425,test,12,persistence,MLATI,0.0
218,16.298165137614678,27.41091157540178,-11.066055045871558,0.6722342650094195,0.30319078201242633,test,12,persistence,PALANGKARAYA2,0.0
225,19.980444444444448,30.521837719537427,-4.287111111111112,0.22275459885350907,-0.37236742110542087,test,12,persistence,PALEMBANG3,0.0
238,16.106302521008406,24.939231185039375,3.2592436974789902,0.5707907337313247,0.18959928616335664,test,12,persistence,PALEMBANG4,0.0
73,4.701369863013698,6.403552096458245,-1.6794520547945206,0.683903883425475,0.3623408946887333,test,12,persistence,PALU,0.0
222,12.54774774774775,26.01354463552602,3.7828828828828835,0.16951188540149453,-5.36542807101098,test,12,persistence,PANGKALANBUN2,0.0
231,33.95497835497836,50.26905703549745,-26.37229437229437,0.3709137392503963,-0.23984056416129373,test,12,persistence,PEKANBARU2,0.0
217,24.098617511520736,38.167448190604624,-12.904147465437788,0.2954508389438052,-0.18986161774814914,test,12,persistence,PESAWARAN,0.0
202,30.850000000000005,69.00503246104951,23.613366336633668,0.4181807364217887,-11.287781672193596,test,12,persistence,PONTIANAK2,0.0
226,6.090265486725664,8.631789363198077,-2.3336283185840707,0.46318302094006103,0.04104282585089292,test,12,persistence,SAMARINDA2,0.0
235,12.068510638297871,15.857797598684726,5.743404255319149,0.5016654161237247,-0.46940788794908195,test,12,persistence,SEMARANG,0.0
180,13.773888888888889,49.09127949261683,5.466111111111113,0.6424455852000415,-2.602394631934742,test,12,persistence,SINTANG,0.0
225,6.164888888888888,11.53468778174001,-3.331111111111111,0.46204087558725204,0.11830648375760378,test,12,persistence,SORONG,0.0
237,37.33966244725738,62.347756516301644,13.567510548523206,0.7134174541722894,-0.6422695379994994,test,12,persistence,SUPADIO,0.0
195,10.166153846153845,13.76975876369141,-9.21025641025641,0.6846517900786128,0.02850910471181578,test,12,persistence,TANJUNGHARAPAN2,0.0
239,6.4188284518828445,9.180867407812437,-1.3376569037656896,0.08433800172362384,-0.016541547021984737,test,12,climatology,BANJARBARU2,70.55244164619165
226,5.641814159292037,9.00919576916162,-2.2926991150442477,-0.026388072294583096,-0.0851001914762155,test,12,climatology,BATAM2,25.42258875826168
225,15.341777777777779,18.9959340678765,-0.8911111111111109,0.443962933997031,0.1946772465287261,test,12,climatology,BENGKULU,25.896268945086078
218,6.327522935779817,8.200327247889383,-0.5633027522935781,0.22904304638363998,0.029421486557146936,test,12,climatology,INDRAPURI2,1.3304721030042765
235,20.508297872340425,34.15058377744699,-9.981914893617022,0.39499657591564885,0.06884322433121015,test,12,climatology,JAMBI3,21.299683203239816
228,23.782236842105263,43.94641112125763,-11.4015350877193,0.47023649891875585,0.14768947149834877,test,12,climatology,JAMBI4,20.58422918070242
238,10.942857142857143,14.33361873535152,6.428991596638657,0.6350481303815556,0.1810873213336669,test,12,climatology,KEMAYORAN3,43.4882610771167
224,6.0310267857142845,7.532746220668795,1.858258928571429,0.040706053182703844,-0.10494863003597521,test,12,climatology,KOTABARU,-2.1512287334593427
204,4.870343137254901,6.823116166070036,-2.635539215686274,-0.044611333746883114,-0.24373296842149772,test,12,climatology,KOTOTABANG2,-6.948331539289532
228,11.217763157894737,14.396043331293887,1.782675438596492,0.16730457455929137,0.0022232529334464957,test,12,climatology,MALANG,1.5947828094340255
235,9.691702127659573,13.974984109152462,-3.7300000000000004,0.2703369358288899,-0.002183412600686774,test,12,climatology,MAROS,13.424183677348244
234,20.369017094017096,24.596337499230824,6.378418803418803,0.024485713792059646,-0.1582312489710671,test,12,climatology,MEDAN2,4.596677341873489
239,12.358158995815899,17.869776499270806,-4.369037656903765,0.31788338917998527,0.02973759661862574,test,12,climatology,MLATI,39.3137456338607
218,19.041743119266055,34.77578608982315,-15.068348623853211,0.4865174770592259,-0.12155568619428392,test,12,climatology,PALANGKARAYA2,-16.833661694342815
225,15.893999999999998,26.067030474869547,-4.6691111111111105,0.17648299730338174,-0.000995583162412883,test,12,climatology,PALEMBANG3,20.452219948394003
238,12.92079831932773,26.91356710913318,-8.167436974789915,0.46426496732104755,0.05620816003596463,test,12,climatology,PALEMBANG4,19.777998069548453
73,5.862328767123287,7.998174021064613,-4.002054794520548,0.756029905191371,0.005216966669285061,test,12,climatology,PALU,-24.694055944055936
222,7.722297297297298,11.158402380882924,-3.6506756756756755,-0.20556358042540082,-0.17120410080343795,test,12,climatology,PANGKALANBUN2,38.45670591614015
231,27.340692640692637,42.58289013756033,-10.176623376623374,0.42429536082817404,0.11031835254677225,test,12,climatology,PEKANBARU2,19.479575705033426
217,20.794930875576036,33.24200884534105,-2.3483870967741938,0.3269833896441038,0.09742203367009628,test,12,climatology,PESAWARAN,13.709029716602284
202,13.211138613861385,21.526027591299474,-9.792821782178217,0.28670820022711674,-0.19574821834606082,test,12,climatology,PONTIANAK2,57.17621194858546
226,6.010398230088495,8.745673393018121,0.6245575221238938,0.14499283731292303,0.015571782358558162,test,12,climatology,SAMARINDA2,1.3113920371985
235,9.593617021276597,11.950766021918357,0.6519148936170205,0.4125260634254231,0.1654581633462887,test,12,climatology,SEMARANG,20.50703430767602
180,10.002777777777778,24.495827309065426,-5.073333333333334,0.6978301443506204,0.10305294731700587,test,12,climatology,SINTANG,27.378695599564395
225,7.009333333333333,12.76729589398023,-5.135555555555555,0.3976564207207632,-0.08019909029625594,test,12,climatology,SORONG,-13.697642563621958
237,28.42320675105485,51.32159525229615,-22.066244725738393,0.39845884451423524,-0.11276400905015849,test,12,climatology,SUPADIO,23.879315215548903
195,9.310256410256411,14.718767019152878,-3.722051282051282,-0.051538110461910605,-0.11001521870525055,test,12,climatology,TANJUNGHARAPAN2,8.419087974172701
239,7.145539986428763,9.815745746175168,-2.712967716479036,0.2583294946566541,-0.16199511909822029,test,12,raw_cams,BANJARBARU2,67.2185185665603
226,10.044663655739145,12.478550469163736,-9.036017237643078,0.3413342512828084,-1.0817380072574458,test,12,raw_cams,BATAM2,-32.777328548695465
225,18.489341576071187,24.949650963047443,-16.376167329441106,0.5063142592714891,-0.3892410622928786,test,12,raw_cams,BENGKULU,10.69293172006317
218,6.185826093811863,8.497382454692875,-4.699449070168718,0.526176069345814,-0.042170164822337375,test,12,raw_cams,INDRAPURI2,3.5400508976404788
235,34.18960669184355,45.941594415613025,-29.39766407975106,0.4244168035523129,-0.6851504110741851,test,12,raw_cams,JAMBI3,-31.202155076639258
228,34.26328592257367,53.983548008453006,-29.3852702317294,0.41135394239397705,-0.2860974410997217,test,12,raw_cams,JAMBI4,-14.415026660810181
238,33.23983838931102,38.940672268099384,32.04210081539301,0.07496046078047892,-5.044115962064827,test,12,raw_cams,KEMAYORAN3,-71.65910551265074
224,4.831428733127964,6.62823916064849,-0.3819316989058455,0.39447573423852056,0.14447686958083328,test,12,raw_cams,KOTABARU,18.167105011670014
204,9.270658948756042,10.617880335344942,8.920934046293834,0.5819027955862264,-2.011877255272421,test,12,raw_cams,KOTOTABANG2,-103.57528800282374
228,23.355470106015673,25.64448169707902,22.34002635314561,0.5171202257368706,-2.166175179915162,test,12,raw_cams,MALANG,-104.88042723140984
235,10.896210038772457,15.143319076087272,-8.612692261313285,0.4520655468362907,-0.1767567856938126,test,12,raw_cams,MAROS,2.6643342413985804
234,19.408402495242985,27.117091051407662,-16.110422378227785,0.302694681791682,-0.40779879615683323,test,12,raw_cams,MEDAN2,9.095953084730613
239,23.073914901682333,29.921836398285535,13.591353794372045,0.014700977049071402,-1.720366699213752,test,12,raw_cams,MLATI,-13.307287065997064
218,34.05640588223748,98.15973824568356,18.961381103469833,0.8001458148452374,-7.935805623677389,test,12,raw_cams,PALANGKARAYA2,-108.95852750711428
225,24.552079931691093,34.09133213258446,-20.368564246294756,0.4395300183496098,-0.7121309791207795,test,12,raw_cams,PALEMBANG3,-22.88054952910612
238,17.017129643805387,26.23741517732527,-14.350749195113679,0.6499548743594231,0.10303439942025938,test,12,raw_cams,PALEMBANG4,-5.655097571953194
73,6.84197185658245,8.606842855078407,-6.233643221819007,0.6736264979450436,-0.1519520939730965,test,12,raw_cams,PALU,-45.53145266040761
222,9.442188000371758,15.360427036677436,-2.0619737206873983,0.24304134586771525,-1.2193976766503343,test,12,raw_cams,PANGKALANBUN2,24.749937676531808
231,33.288053057065106,51.41639402223782,-29.05481851935303,0.35315328777960925,-0.2970824821937421,test,12,raw_cams,PEKANBARU2,1.964145849073906
217,23.863728385419158,36.89243846677769,-15.546764918971503,0.2932495788137388,-0.11169314854851464,test,12,raw_cams,PESAWARAN,0.9746995900876243
202,11.810806207476253,19.037514990604937,2.716829349656352,0.6911613018510272,0.06473975575832092,test,12,raw_cams,PONTIANAK2,61.71537696117909
226,7.281893588379483,9.924674646729278,2.8492665719428936,0.06458594447149259,-0.267739731930454,test,12,raw_cams,SAMARINDA2,-19.56611093968055
235,19.55179860744946,22.976664123709693,17.83459514692021,0.4652518604248504,-2.084825323790121,test,12,raw_cams,SEMARANG,-62.00672306162065
180,12.602344193012547,31.82598601973534,8.913705511219932,0.9190358787287483,-0.5140712716867075,test,12,raw_cams,SINTANG,8.505547745643593
225,7.3054504696043825,12.910668712019536,-6.3904660394617,0.44314926385891523,-0.10459591901971654,test,12,raw_cams,SORONG,-18.500926801311103
237,23.708002886109615,38.245557476307695,-14.54530736216772,0.7066532027508463,0.38203373520153394,test,12,raw_cams,SUPADIO,36.50718476741083
195,9.766823666158817,13.6667388816299,-8.431803670439452,0.6912058645430438,0.042991346403928765,test,12,raw_cams,TANJUNGHARAPAN2,3.928035971500732
239,6.520534837608436,9.294014625959893,-0.13509581604901727,0.1683526608798878,-0.04175215142592159,test,12,obs_lgbm,BANJARBARU2,70.08584485971252
226,5.515629697256113,8.661348451667514,-0.2921077664791967,0.2483389624785487,-0.0029258229431479155,test,12,obs_lgbm,BATAM2,27.09058246593664
225,14.095806181123404,17.85468834534099,-0.3810889662776232,0.5408333344621106,0.2885355398714916,test,12,obs_lgbm,BENGKULU,31.914550883329053
218,5.36463075101423,7.413193480582592,-0.11070374834299174,0.47668209587917815,0.20680681340671525,test,12,obs_lgbm,INDRAPURI2,16.345529061437613
235,18.42056129484604,28.305753736840344,-4.50751132050599,0.6489561403603514,0.3603005288495119,test,12,obs_lgbm,JAMBI3,29.311344193330623
228,21.347149570957242,38.66479941900678,-11.527540379329258,0.694925061617944,0.340245216314254,test,12,obs_lgbm,JAMBI4,28.715690234361702
238,8.844254400981658,11.613696508148093,2.0082784613805016,0.6947093890023031,0.4623906121185485,test,12,obs_lgbm,KEMAYORAN3,54.32598734032821
224,4.420202520614341,5.972952209902227,0.5827270516027957,0.559859178157616,0.305274091802637,test,12,obs_lgbm,KOTABARU,25.132297571447083
204,4.029486479288438,5.490050396604758,0.09059074562721241,0.5114825876595761,0.19478051024831344,test,12,obs_lgbm,KOTOTABANG2,11.516120368693073
228,9.09994864074382,11.774937920879879,0.0993028439265696,0.5772808976585961,0.33247991068493665,test,12,obs_lgbm,MALANG,20.172817895056326
235,8.687508184013844,13.003464916227223,-4.45247903547511,0.4907227273480874,0.13231368991205916,test,12,obs_lgbm,MAROS,22.394631723752113
234,16.13622808495078,22.194990071717896,-0.19212206728590786,0.283140907651787,0.05688576283168967,test,12,obs_lgbm,MEDAN2,24.421990154553985
239,11.415327229740354,16.309592426681558,-3.1383126409167614,0.4708701645026286,0.19176588401729588,test,12,obs_lgbm,MLATI,43.94363657472889
218,13.797353156043947,24.383970814821932,-10.125023057318522,0.7977929509508112,0.4485885376526523,test,12,obs_lgbm,PALANGKARAYA2,15.344132056921456
225,14.423624130314295,24.79237152086865,-4.7284025717083376,0.36840203377260955,0.09450681831031527,test,12,obs_lgbm,PALEMBANG3,27.81129483671333
238,10.134069984535559,18.634614613579448,-0.5887710510038298,0.7742533518087997,0.5475459046491489,test,12,obs_lgbm,PALEMBANG4,37.0800966185933
73,4.104237643491176,5.326156037333263,-0.47207577533380074,0.751264833064805,0.5588620279098064,test,12,obs_lgbm,PALU,12.701238935065307
222,6.692398963720689,9.876377399967806,-1.9088973896386223,0.34702726093248476,0.08246233392254776,test,12,obs_lgbm,PANGKALANBUN2,46.664540136918696
231,25.59812254072234,40.81304263086496,-12.215833763311686,0.5259091615909617,0.18273611179930016,test,12,obs_lgbm,PEKANBARU2,24.61157750386481
217,20.077521595098723,33.75858974427979,-7.801411591114239,0.3604846673690648,0.06915194098582689,test,12,obs_lgbm,PESAWARAN,16.686002483336082
202,9.048256844719619,13.334908329409513,-1.1752118958513131,0.7381739888490491,0.5411275055014215,test,12,obs_lgbm,PONTIANAK2,70.6701560949121
226,5.11853112498676,7.100154560583743,0.9709679482649152,0.6042911367863719,0.35116667125411294,test,12,obs_lgbm,SAMARINDA2,15.955533693184554
235,8.370026674322599,10.621794859463817,0.07280333716665302,0.5837948894242105,0.340746498522831,test,12,obs_lgbm,SEMARANG,30.645736452670537
180,5.9251308086294365,15.912578688587532,-1.4803604689877903,0.8164278755699295,0.6215018925055369,test,12,obs_lgbm,SINTANG,56.98287639441381
225,5.687270569189948,10.641077853513801,-1.6386823163960949,0.5201174973107298,0.24962699602765603,test,12,obs_lgbm,SORONG,7.747395424429493
237,20.214963516994995,35.01851504602589,-10.372394548520946,0.7829446839998163,0.4819183289795651,test,12,obs_lgbm,SUPADIO,45.8619543078387
195,6.4552907291901604,10.071438539036652,-1.8380246645915448,0.724047908971913,0.4802804128457572,test,12,obs_lgbm,TANJUNGHARAPAN2,36.502134171101616
239,6.852218197185288,9.35882078914709,1.0811482880490575,0.18741407273554303,-0.056330853841572326,test,12,cams_lgbm,BANJARBARU2,68.5641863266415
226,5.434922586436402,8.315687445886558,0.48659968847752666,0.3483442675690017,0.07552726602972437,test,12,cams_lgbm,BATAM2,28.15742501405939
225,13.579754881565032,17.577649532377833,-0.7249978856701724,0.5643566276538016,0.31044285165058394,test,12,cams_lgbm,BENGKULU,34.40717770056819
218,5.09069713207057,6.843610688855961,0.2910750508291867,0.5760905445859991,0.32401213985929456,test,12,cams_lgbm,INDRAPURI2,20.61716918516564
235,17.435939467968982,27.258868807775304,-4.690264078116423,0.6655000020437314,0.4067439132632237,test,12,cams_lgbm,JAMBI3,33.089817189119316
228,20.42562991295017,37.579968106048234,-11.073996016881095,0.7083481103477682,0.37674777279966465,test,12,cams_lgbm,JAMBI4,31.792911037923787
238,9.200428612325343,11.777891148959776,3.0008975247327374,0.7008816224585975,0.44708169132718567,test,12,cams_lgbm,KEMAYORAN3,52.486611775085024
224,4.351360606122355,5.867845437149987,0.8353926823967864,0.5874740146613723,0.32950931792282145,test,12,cams_lgbm,KOTABARU,26.298315631651604
204,4.030803903213403,5.470416135413301,0.759432086910443,0.56620204163663,0.20052968116824343,test,12,cams_lgbm,KOTOTABANG2,11.487190930512991
228,9.332806967992546,11.792093430265032,2.048896504965624,0.5928841583269041,0.33053340540749165,test,12,cams_lgbm,MALANG,18.130122399973047
235,8.4943194972613,12.70003390317397,-3.610678339784806,0.5000167698855974,0.1723355045757482,test,12,cams_lgbm,MAROS,24.120383097411125
234,15.914104870804326,21.66191716015118,0.675806182244216,0.33042733619515186,0.10164462185416434,test,12,cams_lgbm,MEDAN2,25.46235909190927
239,11.050665775663916,15.871857803774263,-2.1147110303426313,0.4994734466379796,0.23456822001574362,test,12,cams_lgbm,MLATI,45.73435133791502
218,13.244054376409338,23.332432268577197,-9.33707407164382,0.8199859984039128,0.4951214062127365,test,12,cams_lgbm,PALANGKARAYA2,18.738985250288888
225,13.97443448936276,24.36586507098081,-5.096061654126934,0.40916134668034904,0.12539347781884091,test,12,cams_lgbm,PALEMBANG3,30.059441229054617
238,9.658792052424614,17.950577679937485,-1.0611861304791532,0.7925396725622991,0.5801534859808442,test,12,cams_lgbm,PALEMBANG4,40.03097830910553
73,3.8447015527059873,5.0640084881785965,-0.09798097252638337,0.7756889498962222,0.6012180238132858,test,12,cams_lgbm,PALU,18.221674432535817
222,6.514581211443454,9.714655739490679,-1.774448228878403,0.3840997007664679,0.11226492876116212,test,12,cams_lgbm,PANGKALANBUN2,48.08166897830103
231,25.367140579097168,40.558978897744495,-11.036233497765796,0.517616142486908,0.19287947892173307,test,12,cams_lgbm,PEKANBARU2,25.2918369910316
217,19.69736543106834,32.84424316755085,-5.365735842773795,0.38699943047236673,0.11889285383047465,test,12,cams_lgbm,PESAWARAN,18.26350444521685
202,9.009350525466624,13.364791956248636,-0.8915462371029026,0.7358026749124976,0.5390685277766512,test,12,cams_lgbm,PONTIANAK2,70.79627058195584
226,5.133802910298723,7.07342981598099,1.446628468599783,0.6234076764978204,0.35604185289732837,test,12,cams_lgbm,SAMARINDA2,15.704776392944542
235,8.242142617620438,10.490859550573814,0.7242886440826093,0.60007386057838,0.3568996119225414,test,12,cams_lgbm,SEMARANG,31.705387146405172
180,5.797357076786879,16.01173723679074,-0.8649694147411779,0.8030659612624631,0.6167700057405,test,12,cams_lgbm,SINTANG,57.91052822080272
225,5.616744018646653,10.723844057862912,-2.2030372682059736,0.5197725295188218,0.23790881214781634,test,12,cams_lgbm,SORONG,8.891399019861801
237,20.016961278709665,34.993054253686125,-9.899312849595802,0.7804886879154241,0.4826714148565382,test,12,cams_lgbm,SUPADIO,46.392227548966716
195,6.313051894832238,10.061278965012136,-1.6656311191432893,0.7219527488068637,0.4813284193304569,test,12,cams_lgbm,TANJUNGHARAPAN2,37.901275247564236
239,7.05990998096546,9.442256182335813,1.724317618493755,0.19912636817337684,-0.07524953017263569,test,12,cams_xgboost,BANJARBARU2,67.61136199610824
226,5.552930296838812,8.377647688416738,0.8326748417542044,0.34353275812823253,0.06169943662148347,test,12,cams_xgboost,BATAM2,26.597517278728944
225,13.372600244310167,17.400787253418095,-0.6786242769029405,0.5728971169898672,0.3242493732323677,test,12,cams_xgboost,BENGKULU,35.40777435554961
218,5.2212351641523735,7.005685157248917,0.3980948666913795,0.545202328509462,0.2916147066477288,test,12,cams_xgboost,INDRAPURI2,18.581597583317777
235,17.389396961293325,26.91831404658684,-3.7889792990177242,0.680331215447962,0.4214748348823839,test,12,cams_xgboost,JAMBI3,33.268423431465244
228,20.411283635256584,37.13186944006332,-8.956226186585008,0.6928011295090875,0.391522317074959,test,12,cams_xgboost,JAMBI4,31.84081741060808
238,9.131096391918279,11.535976952647752,3.031085822962913,0.7161811893479252,0.4695619647106263,test,12,cams_xgboost,KEMAYORAN3,52.8446612577236
224,4.610024437734059,5.9891066779269755,1.6917762884071894,0.6025637426133573,0.3015110935866785,test,12,cams_xgboost,KOTABARU,21.917166423256763
204,4.161946250176897,5.784574133803003,1.5106654001217266,0.5569817912833437,0.10606817610352903,test,12,cams_xgboost,KOTOTABANG2,8.607423569850692
228,9.439684450417234,11.800711625613214,2.7929199712318287,0.606178128584477,0.32955449487467947,test,12,cams_xgboost,MALANG,17.192564553301935
235,8.352599356631014,12.430380824214518,-2.908934869157507,0.508628716555631,0.20710910058022491,test,12,cams_xgboost,MAROS,25.386366791793503
234,16.36599939297407,21.942874941883392,2.1535963188888685,0.3138654583696519,0.07818993298515897,test,12,cams_xgboost,MEDAN2,23.34579948046571
239,11.038023426742233,15.774424652521802,-1.6874010022215267,0.5031491570063016,0.24393694328042326,test,12,cams_xgboost,MLATI,45.796433141742476
218,13.008044002252982,22.75844811766051,-8.478574578696433,0.8104731411503208,0.5196561673573601,test,12,cams_xgboost,PALANGKARAYA2,20.18706466391359
225,14.227911904229057,24.2316669519089,-3.7463400014241532,0.39795775304229947,0.13500096215837631,test,12,cams_xgboost,PALEMBANG3,28.79081371893547
238,9.758693105232817,18.23590922161943,-1.0667222672149916,0.783884375106354,0.5667001527952052,test,12,cams_xgboost,PALEMBANG4,39.410717683316975
73,3.924724218290146,5.103718627242751,0.3967164340084546,0.7748909394930493,0.5949392915952312,test,12,cams_xgboost,PALU,16.51956062494736
222,6.669977537790935,9.655651555156812,-0.8679075885463406,0.37957211305909944,0.12301590418874386,test,12,cams_xgboost,PANGKALANBUN2,46.84322898515266
231,25.3683670283396,40.13575690699723,-9.100003888183856,0.5129063628506507,0.20963576604838619,test,12,cams_xgboost,PEKANBARU2,25.288225004507538
217,19.670229993547714,32.49805331716873,-3.7299197886946014,0.395242229376888,0.13736932083727182,test,12,cams_xgboost,PESAWARAN,18.37610608100635
202,9.13501223007051,13.265273311951201,-0.1513434174037215,0.7390414575680191,0.545907465347075,test,12,cams_xgboost,PONTIANAK2,70.3889392866434
226,5.088260994548291,7.091933724057721,1.492690978851994,0.6215137397545346,0.352668290621204,test,12,cams_xgboost,SAMARINDA2,16.45255850276709
235,8.315915807358762,10.482828719050625,1.261210493534169,0.6059796631692143,0.35788383138758384,test,12,cams_xgboost,SEMARANG,31.094100534913814
180,5.873100856675041,15.96757685349226,-0.526749090088738,0.8034653781979703,0.6188809878981687,test,12,cams_xgboost,SINTANG,57.360619763582164
225,5.647141272226969,10.554245692003644,-1.608927003648546,0.528186591019105,0.2618232545737623,test,12,cams_xgboost,SORONG,8.398328436949875
237,20.006353462798685,34.056625395530034,-8.883137696503587,0.780512030199025,0.5099888067439371,test,12,cams_xgboost,SUPADIO,46.42063652541625
195,6.214897281940165,9.817548678521614,-1.2435706593440128,0.7281551652931098,0.50615325249059,test,12,cams_xgboost,TANJUNGHARAPAN2,38.866779157670884
239,6.852218197185288,9.35882078914709,1.0811482880490575,0.18741407273554303,-0.056330853841572326,test,12,champion,BANJARBARU2,68.5641863266415
226,5.434922586436402,8.315687445886558,0.48659968847752666,0.3483442675690017,0.07552726602972437,test,12,champion,BATAM2,28.15742501405939
225,13.579754881565032,17.577649532377833,-0.7249978856701724,0.5643566276538016,0.31044285165058394,test,12,champion,BENGKULU,34.40717770056819
218,5.09069713207057,6.843610688855961,0.2910750508291867,0.5760905445859991,0.32401213985929456,test,12,champion,INDRAPURI2,20.61716918516564
235,17.435939467968982,27.258868807775304,-4.690264078116423,0.6655000020437314,0.4067439132632237,test,12,champion,JAMBI3,33.089817189119316
228,20.42562991295017,37.579968106048234,-11.073996016881095,0.7083481103477682,0.37674777279966465,test,12,champion,JAMBI4,31.792911037923787
238,9.200428612325343,11.777891148959776,3.0008975247327374,0.7008816224585975,0.44708169132718567,test,12,champion,KEMAYORAN3,52.486611775085024
224,4.351360606122355,5.867845437149987,0.8353926823967864,0.5874740146613723,0.32950931792282145,test,12,champion,KOTABARU,26.298315631651604
204,4.030803903213403,5.470416135413301,0.759432086910443,0.56620204163663,0.20052968116824343,test,12,champion,KOTOTABANG2,11.487190930512991
228,9.332806967992546,11.792093430265032,2.048896504965624,0.5928841583269041,0.33053340540749165,test,12,champion,MALANG,18.130122399973047
235,8.4943194972613,12.70003390317397,-3.610678339784806,0.5000167698855974,0.1723355045757482,test,12,champion,MAROS,24.120383097411125
234,15.914104870804326,21.66191716015118,0.675806182244216,0.33042733619515186,0.10164462185416434,test,12,champion,MEDAN2,25.46235909190927
239,11.050665775663916,15.871857803774263,-2.1147110303426313,0.4994734466379796,0.23456822001574362,test,12,champion,MLATI,45.73435133791502
218,13.244054376409338,23.332432268577197,-9.33707407164382,0.8199859984039128,0.4951214062127365,test,12,champion,PALANGKARAYA2,18.738985250288888
225,13.97443448936276,24.36586507098081,-5.096061654126934,0.40916134668034904,0.12539347781884091,test,12,champion,PALEMBANG3,30.059441229054617
238,9.658792052424614,17.950577679937485,-1.0611861304791532,0.7925396725622991,0.5801534859808442,test,12,champion,PALEMBANG4,40.03097830910553
73,3.8447015527059873,5.0640084881785965,-0.09798097252638337,0.7756889498962222,0.6012180238132858,test,12,champion,PALU,18.221674432535817
222,6.514581211443454,9.714655739490679,-1.774448228878403,0.3840997007664679,0.11226492876116212,test,12,champion,PANGKALANBUN2,48.08166897830103
231,25.367140579097168,40.558978897744495,-11.036233497765796,0.517616142486908,0.19287947892173307,test,12,champion,PEKANBARU2,25.2918369910316
217,19.69736543106834,32.84424316755085,-5.365735842773795,0.38699943047236673,0.11889285383047465,test,12,champion,PESAWARAN,18.26350444521685
202,9.009350525466624,13.364791956248636,-0.8915462371029026,0.7358026749124976,0.5390685277766512,test,12,champion,PONTIANAK2,70.79627058195584
226,5.133802910298723,7.07342981598099,1.446628468599783,0.6234076764978204,0.35604185289732837,test,12,champion,SAMARINDA2,15.704776392944542
235,8.242142617620438,10.490859550573814,0.7242886440826093,0.60007386057838,0.3568996119225414,test,12,champion,SEMARANG,31.705387146405172
180,5.797357076786879,16.01173723679074,-0.8649694147411779,0.8030659612624631,0.6167700057405,test,12,champion,SINTANG,57.91052822080272
225,5.616744018646653,10.723844057862912,-2.2030372682059736,0.5197725295188218,0.23790881214781634,test,12,champion,SORONG,8.891399019861801
237,20.016961278709665,34.993054253686125,-9.899312849595802,0.7804886879154241,0.4826714148565382,test,12,champion,SUPADIO,46.392227548966716
195,6.313051894832238,10.061278965012136,-1.6656311191432893,0.7219527488068637,0.4813284193304569,test,12,champion,TANJUNGHARAPAN2,37.901275247564236
239,6.887862567637223,9.373449835147206,1.2317541349418857,0.19004893587256097,-0.05963579804477548,test,12,prediction_q50,BANJARBARU2,68.40066120882032
226,5.453225595438212,8.397889270831111,0.410325327562616,0.33667841715494284,0.05715982516930662,test,12,prediction_q50,BATAM2,27.915483150901576
225,13.571102883672445,17.444342191202463,-0.8243485733689337,0.5721873445456658,0.32086227226729147,test,12,prediction_q50,BENGKULU,34.448968510877584
218,5.089416950650158,6.8580141602753,0.24768454554134348,0.5730699913516464,0.321163696734307,test,12,prediction_q50,INDRAPURI2,20.63713195695749
235,17.356707167298225,27.232108764568473,-4.75233795036031,0.6695949936685381,0.40790814103102924,test,12,prediction_q50,JAMBI3,33.393870075523644
228,20.420530306845393,37.984670046116875,-11.267316666371588,0.70036390117167,0.36325177750600834,test,12,prediction_q50,JAMBI4,31.809940098410173
238,9.0473309482362,11.605407148899976,2.9339855754047623,0.710034914821537,0.4631577833531524,test,12,prediction_q50,KEMAYORAN3,53.27724763094616
224,4.365175268809003,5.866851481644086,0.8398249793981467,0.5864420298454797,0.3297364477844442,test,12,prediction_q50,KOTABARU,26.064328150229354
204,3.9791798469029085,5.425376488119266,0.8781036250999369,0.5779232478071068,0.2136400655711994,test,12,prediction_q50,KOTOTABANG2,12.620808528719763
228,9.302942940242604,11.8185428385717,1.8299106320652694,0.5869421973842056,0.3275268394207189,test,12,prediction_q50,MALANG,18.39209763474612
235,8.509006096409792,12.710219269978047,-3.573960238638689,0.49624950146657076,0.1710074062450636,test,12,prediction_q50,MAROS,23.989187947835134
234,15.893973276127902,21.663827640221978,0.7144718130369404,0.3310421224635733,0.10148615335683409,test,12,prediction_q50,MEDAN2,25.556650388031844
239,11.09190706504743,15.95957487145186,-2.4918642656230108,0.49598934050165866,0.22608440378274175,test,12,prediction_q50,MLATI,45.53183093186078
218,13.252116780997296,23.31886621235758,-9.278587197162343,0.8170924067393204,0.49570833346984255,test,12,prediction_q50,PALANGKARAYA2,18.689517076909357
225,14.22092428927191,24.56443775470456,-5.1183362884185355,0.39599615765303925,0.11107995776584034,test,12,prediction_q50,PALEMBANG3,28.825785988829544
238,9.696041927210365,18.13566395882689,-1.0832451536248842,0.7843906878020258,0.5714508750137315,test,12,prediction_q50,PALEMBANG4,39.79970316239098
73,3.86925453002248,5.083660588849253,0.025287536720811764,0.7736901998032698,0.5981168797086477,test,12,prediction_q50,PALU,17.699422875395964
222,6.525959565582354,9.776258199111927,-1.7590793076793703,0.37681142652551014,0.10097064215681739,test,12,prediction_q50,PANGKALANBUN2,47.99098852817051
231,25.090564179100507,40.411133358023484,-11.220290800200681,0.5259045843830001,0.1987529837794011,test,12,prediction_q50,PEKANBARU2,26.106375575345297
217,19.74130188692379,32.91616431636748,-5.067086548388245,0.38149847449232854,0.11502979504115785,test,12,prediction_q50,PESAWARAN,18.081185041066618
202,8.94676191085251,13.077599816063158,-0.3665704452772955,0.7479070159304799,0.5586653314960621,test,12,prediction_q50,PONTIANAK2,70.99915101830629
226,5.050371489775201,7.0376066737391625,1.1815625310951783,0.6216573027697321,0.3625479439516459,test,12,prediction_q50,SAMARINDA2,17.07469073748944
235,8.360032609620765,10.531011002312173,0.7088091990948523,0.5958316035870278,0.351967541875325,test,12,prediction_q50,SEMARANG,30.72854753849018
180,5.7135031768581115,15.774569581765306,-0.7829354398730289,0.8098684400175862,0.6280388172462765,test,12,prediction_q50,SINTANG,58.519317071977575
225,5.601487670932497,10.734431813613464,-2.129750268175998,0.516204382379085,0.2364032291622825,test,12,prediction_q50,SORONG,9.138870596221471
237,20.06426390726274,34.611865720541815,-9.522476667623277,0.7840141531852302,0.4938808193800448,test,12,prediction_q50,SUPADIO,46.26554555600577
195,6.245974196934469,9.953141924190426,-1.6043321201088103,0.7322403294306419,0.49241770523329453,test,12,prediction_q50,TANJUNGHARAPAN2,38.561089164536845
239,19.600836820083682,50.95311488337089,0.05104602510460279,0.5511513002781254,0.10245644908525187,test,24,persistence,BANJARBARU2,0.0
224,7.453571428571429,15.816715276657703,0.5428571428571428,0.2177584604080155,-1.3600397651573077,test,24,persistence,BATAM2,0.0
223,23.439013452914796,32.5460852970282,-0.4632286995515698,0.3911633538904856,-0.21627155146487365,test,24,persistence,BENGKULU,0.0
215,3.331627906976744,4.410552884184255,-0.1018604651162791,0.6342476922737788,0.2764230042570006,test,24,persistence,INDRAPURI2,0.0
233,13.915450643776826,20.023420835967286,-0.45965665236051534,0.41047384921590857,-0.16913960181981658,test,24,persistence,JAMBI3,0.0
220,12.97818181818182,19.0086415754902,0.3109090909090911,0.43665646136441677,-0.11932440263328492,test,24,persistence,JAMBI4,0.0
239,16.361087866108786,22.44914196345592,-0.22384937238493727,0.5621218263575258,0.12376216340752477,test,24,persistence,KEMAYORAN3,0.0
224,6.0,8.712019611679356,-0.15178571428571438,0.4357846982136759,-0.10245405258368678,test,24,persistence,KOTABARU,0.0
201,4.505472636815921,6.480610191772951,-0.22089552238805965,0.46122160362010806,-0.0827546225910456,test,24,persistence,KOTOTABANG2,0.0
228,9.851754385964913,13.444084983837003,-0.23508771929824546,0.544978693408575,0.11407855210414075,test,24,persistence,MALANG,0.0
236,6.411016949152542,8.866667728643579,-0.04576271186440694,0.7246543145788105,0.450964278873792,test,24,persistence,MAROS,0.0
231,18.990043290043293,24.61922400231556,0.2272727272727271,0.25538861814272257,-0.4873190054417269,test,24,persistence,MEDAN2,0.0
238,15.210084033613445,20.726822633259257,-0.31680672268907567,0.4890865713864395,-0.00864897296849021,test,24,persistence,MLATI,0.0
210,11.496666666666668,26.210678485431597,-0.6080952380952379,0.612478845603646,0.24943964929948215,test,24,persistence,PALANGKARAYA2,0.0
226,16.160176991150443,21.710610757623254,-0.5495575221238939,0.5377482403926239,0.07693796489696703,test,24,persistence,PALEMBANG3,0.0
237,15.521518987341771,21.19054402600706,-0.7493670886075948,0.6502582576497342,0.3093010756548529,test,24,persistence,PALEMBANG4,0.0
72,4.5055555555555555,5.558726872625102,-0.37222222222222234,0.7195132289115237,0.44760853525155,test,24,persistence,PALU,0.0
219,10.147488584474887,21.18617732364763,-1.2707762557077624,0.5618302461320149,0.3044862570041814,test,24,persistence,PANGKALANBUN2,0.0
227,17.288546255506606,29.15390347973538,0.2259911894273122,0.4411083915898035,-0.11648752319756972,test,24,persistence,PEKANBARU2,0.0
213,15.812206572769954,20.955902728227425,0.27230046948356795,0.6069938276559704,0.2107580665975004,test,24,persistence,PESAWARAN,0.0
227,29.52202643171806,61.10866287535751,0.24096916299559504,0.5765403687178571,0.13498837966917188,test,24,persistence,PONTIANAK2,0.0
216,4.7972222222222225,6.758793997178513,-0.06944444444444448,0.5301717262839094,0.053608442957202684,test,24,persistence,SAMARINDA2,0.0
238,12.226050420168066,16.315726805032945,-0.11848739495798315,0.48694971914068114,-0.03080449584016498,test,24,persistence,SEMARANG,0.0
169,20.544970414201185,65.83232825737657,-2.401775147928994,0.5617705003675783,0.18133189823500162,test,24,persistence,SINTANG,0.0
229,3.7698689956331877,5.433154728670707,-0.08427947598253277,0.7324330703620876,0.46529488552957277,test,24,persistence,SORONG,0.0
235,29.532340425531917,51.78032362677562,-1.736595744680851,0.810689808260201,0.6321506971697961,test,24,persistence,SUPADIO,0.0
190,4.645263157894737,6.609546524774442,-0.33368421052631586,0.8014454717695184,0.6221762840133656,test,24,persistence,TANJUNGHARAPAN2,0.0
239,18.64602510460251,52.74109415391665,-12.112133891213388,0.45412748196216657,0.03836043306641912,test,24,climatology,BANJARBARU2,4.8712803654527566
224,5.600892857142857,10.15892464781583,-1.7946428571428577,0.2711183899961206,0.02639632368130529,test,24,climatology,BATAM2,24.856252994729278
223,18.666591928251123,28.18519492578478,-4.768834080717488,0.36886980763326344,0.08783140151742919,test,24,climatology,BENGKULU,20.36101704643286
215,4.256976744186048,5.3767036240121255,-1.1574418604651162,0.11435146860826452,-0.07530305395322845,test,24,climatology,INDRAPURI2,-27.774675415328808
233,12.372532188841202,18.960105507574823,-7.036051502145924,0.31048545849210263,-0.048265567500775264,test,24,climatology,JAMBI3,11.087808037504255
220,11.17159090909091,17.524701722270354,-6.073409090909089,0.45214319692822613,0.048617676288184475,test,24,climatology,JAMBI4,13.920215746707775
239,17.134728033472804,22.087530324051617,9.055648535564856,0.6820208906729598,0.15176375227092564,test,24,climatology,KEMAYORAN3,-4.728537452369386
224,5.776339285714285,7.505457835563968,0.043303571428571,0.510255328814627,0.18176662787686815,test,24,climatology,KOTABARU,3.727678571428583
201,4.550248756218906,6.598859768835538,-2.181094527363184,0.12318018307383832,-0.12262845585345983,test,24,climatology,KOTOTABANG2,-0.9938162544169682
228,10.180263157894736,12.438873348315697,0.9307017543859646,0.5620563040802035,0.24160613781664875,test,24,climatology,MALANG,-3.3345205235508546
236,6.9849576271186455,9.025335690268474,-0.5595338983050845,0.6729794429750385,0.4311386054348827,test,24,climatology,MAROS,-8.95241242564444
231,16.385281385281385,21.184240242029794,2.2121212121212133,0.06934608236495024,-0.1012380119308447,test,24,climatology,MEDAN2,13.716461121116119
238,13.259873949579834,17.808471275201132,-3.261134453781512,0.5437129707035105,0.2553917069351218,test,24,climatology,MLATI,12.821823204419868
210,12.780476190476191,30.438234492946847,-8.993333333333334,0.4311943379942016,-0.012203906598027503,test,24,climatology,PALANGKARAYA2,-11.16679782959864
226,15.956858407079647,22.81277030389017,-9.086061946902655,0.409039774236046,-0.019161155009603137,test,24,climatology,PALEMBANG3,1.258145775149222
237,15.267510548523205,23.96647579485387,-12.686919831223626,0.6916713081855761,0.11648704813839572,test,24,climatology,PALEMBANG4,1.6364921437503455
72,5.333333333333333,7.060005705065369,-3.8388888888888886,0.8125572682906973,0.10894114099557872,test,24,climatology,PALU,-18.372379778051773
219,11.378995433789955,26.956795298873867,-8.635616438356164,-0.12773399654417603,-0.12599647658663837,test,24,climatology,PANGKALANBUN2,-12.136075237366683
227,14.134581497797358,26.3462523143846,-5.110792951541851,0.45829736185715025,0.08820303076522562,test,24,climatology,PEKANBARU2,18.243088291502087
213,14.467840375586853,19.019617065896288,-2.773943661971831,0.6127360505747345,0.34986890022074724,test,24,climatology,PESAWARAN,8.502078384798118
227,33.451541850220266,71.50882866536489,-29.82819383259912,0.17142681842083518,-0.18450175410821457,test,24,climatology,PONTIANAK2,-13.310452883682778
216,5.531712962962963,7.266025551483756,1.7233796296296295,-0.0170426897055014,-0.09377068504492758,test,24,climatology,SAMARINDA2,-15.310750820304953
238,10.552941176470586,13.76609523980059,2.350840336134451,0.5373179671899415,0.2661876877809791,test,24,climatology,SEMARANG,13.68478933260019
169,24.673668639053258,74.90358566163849,-21.486094674556213,0.628921361288044,-0.05982620961026619,test,24,climatology,SINTANG,-20.095907375939646
229,4.739301310043668,7.438525350406913,-2.718340611353711,0.47343533804285154,-0.0022680502491991827,test,24,climatology,SORONG,-25.715278582184652
235,49.25574468085106,95.18834565710326,-46.42765957446809,0.5599605659741478,-0.2431054610960104,test,24,climatology,SUPADIO,-66.78578118470912
190,6.275263157894736,10.380175944153304,-1.911052631578947,0.6242315325687916,0.06813002920819611,test,24,climatology,TANJUNGHARAPAN2,-35.08950827101742
239,21.631326012135325,55.159428786317044,-18.864796018465857,0.3459657934886018,-0.051849424769089936,test,24,raw_cams,BANJARBARU2,-10.359196450077768
224,11.632524202881756,15.396672827881657,-11.099191270562146,0.17073570046248665,-1.2363536864291933,test,24,raw_cams,BATAM2,-56.0664483376565
223,23.258535501733814,34.635116513405755,-21.34818612160129,0.49519040616174714,-0.37741985225902064,test,24,raw_cams,BENGKULU,0.7699895370747334
215,8.330396137959056,10.739855905396714,7.583544016332421,0.4124598772042975,-3.290378352160971,test,24,raw_cams,INDRAPURI2,-150.0398114841822
233,18.650225705350188,24.862334660179993,-15.79086758264098,0.3500086201007513,-0.8024932092544266,test,24,raw_cams,JAMBI3,-34.02530886551502
220,15.674331035466379,22.31880176317293,-12.13839142303345,0.36259299336874656,-0.5431052827576257,test,24,raw_cams,JAMBI4,-20.774475616510337
239,40.70628297570257,47.023859945972006,39.49338244903896,0.6796961504770329,-2.844669923269545,test,24,raw_cams,KEMAYORAN3,-148.79936657527338
224,5.7470798588412375,7.96610404171872,-1.00273609752558,0.33178226579483766,0.07824657938579949,test,24,raw_cams,KOTABARU,4.215335685979371
201,16.601043494686664,19.847250713309144,16.41269438013525,0.4419565838668025,-9.155445017966661,test,24,raw_cams,KOTOTABANG2,-268.4639733250904
228,26.940475279827613,29.913240524151348,26.60416459344234,0.5094409406822074,-3.3859092750131037,test,24,raw_cams,MALANG,-173.45865745706953
236,11.20983223389862,15.164252322789013,-10.50229520929151,0.41988501322255684,-0.6059119793580614,test,24,raw_cams,MAROS,-74.8526376206262
231,15.6803828999835,20.06490119118454,1.1857321875463827,0.29780192490934504,0.01206252728797197,test,24,raw_cams,MEDAN2,17.428398342804652
238,32.15209240310416,40.63509019276946,26.332411188134646,0.31135510577865627,-2.8768325638973047,test,24,raw_cams,MLATI,-111.38668486018761
210,10.921815407641477,23.17512136083203,1.3987642356992789,0.766246510639586,0.41322294058835674,test,24,raw_cams,PALANGKARAYA2,5.000155920775806
226,23.02345321226912,29.350903862206227,-22.23793970892932,0.5481159064322877,-0.6870570409338472,test,24,raw_cams,PALEMBANG3,-42.47030354232575
237,23.620915557427185,30.910189457196694,-22.939401684590887,0.6547702734702041,-0.4696296339122721,test,24,raw_cams,PALEMBANG4,-52.181726393471514
72,8.769759848077886,10.321725495420939,-8.720484121683265,0.6969185061153589,-0.9045873617525118,test,24,raw_cams,PALU,-94.64325186855973
219,10.142205133866945,22.064291832004763,-8.879026790992867,0.6743109044976947,0.24563679654435144,test,24,raw_cams,PANGKALANBUN2,0.05206658341084802
227,15.728950144210897,28.041642262085336,-7.158797627400584,0.36738404218206505,-0.0329215541575012,test,24,raw_cams,PEKANBARU2,9.02097890850111
213,19.143998494561018,25.04107081566282,6.831942704017498,0.4221983544118983,-0.12694623454873177,test,24,raw_cams,PESAWARAN,-21.071011856932785
227,28.523266425968693,60.966041789511394,-20.317278562545383,0.4846107319279594,0.13902135718350594,test,24,raw_cams,PONTIANAK2,3.383101116244225
216,5.342179686001578,7.36858520528744,1.4918196016765402,0.2731500509501217,-0.12486565631062985,test,24,raw_cams,SAMARINDA2,-11.359854485267395
238,16.920676487103496,21.978508131511628,10.590149749260819,0.30826478088865533,-0.8705093101899664,test,24,raw_cams,SEMARANG,-38.39854986358624
169,15.136989557880973,50.502850118261165,-6.864959734299115,0.7813592997389972,0.5182061903313016,test,24,raw_cams,SINTANG,26.322650981196272
229,4.379479818645657,6.175429814364438,-3.751041853349665,0.8023353380306729,0.3092123383305273,test,24,raw_cams,SORONG,-16.17061027103619
235,37.57782163227906,69.81936071416007,-33.57780285244388,0.7639822992503754,0.33120633247257525,test,24,raw_cams,SUPADIO,-27.242951594149645
190,5.3005665423462975,8.266935604795083,-1.2406816639985738,0.8086344219475513,0.4089353357104496,test,24,raw_cams,TANJUNGHARAPAN2,-14.106916275299852
239,17.15511367736882,47.79117223605035,-8.482079697052777,0.5288727920282711,0.2103958542943175,test,24,obs_lgbm,BANJARBARU2,12.477646567665367
224,5.4283909496420915,10.017912168364802,-1.1329368841696181,0.27035992703347256,0.05323724120574813,test,24,obs_lgbm,BATAM2,27.170605371356704
223,17.829350359516486,26.425073742070442,-5.480442062926883,0.4831361927888482,0.1982011150007097,test,24,obs_lgbm,BENGKULU,23.93301708140243
215,2.8899863766193206,3.8399676692259956,0.012798385247176825,0.6812869871954852,0.45152881098488495,test,24,obs_lgbm,INDRAPURI2,13.256028064616231
233,10.73388490575591,15.71794833749752,-2.1557337308859164,0.5474731639591787,0.279587009866998,test,24,obs_lgbm,JAMBI3,22.863548004776657
220,10.163964706443572,15.534084637057619,-2.205430065715342,0.5386130833653915,0.2524759966442546,test,24,obs_lgbm,JAMBI4,21.684217027963527
239,13.184604362836305,18.09131985566229,-4.533367159871025,0.6831730678783512,0.43093350829448407,test,24,obs_lgbm,KEMAYORAN3,19.414867331972562
224,4.485235380592272,6.426953984564417,-0.3444554945547505,0.6372775883123727,0.4000249502349462,test,24,obs_lgbm,KOTABARU,25.246076990128806
201,4.266285436085895,5.897867187856159,-0.6539559719694804,0.4071236736600509,0.10321522849915776,test,24,obs_lgbm,KOTOTABANG2,5.308814857192489
228,8.538886844221537,10.870526476549323,0.6968780782973035,0.6510643078958789,0.4207929037447803,test,24,obs_lgbm,MALANG,13.32623094637565
236,5.402198214959281,7.288327974861575,-0.25269963431659287,0.7983808232607114,0.6290327686952786,test,24,obs_lgbm,MAROS,15.735705305327807
231,14.440517589345477,19.74042364532459,-4.362734426833451,0.32364437529428064,0.04375683198949887,test,24,obs_lgbm,MEDAN2,23.95742669572105
238,12.472841717200648,16.977620621235424,-4.405673853361347,0.6084868299926116,0.32325004118257794,test,24,obs_lgbm,MLATI,17.99623401398469
210,8.728710377771575,20.44090454710573,-2.5650678226176375,0.7455849877293615,0.5435120555341507,test,24,obs_lgbm,PALANGKARAYA2,24.076163719006317
226,13.453106173444533,17.932526554791455,-3.7928719295068163,0.6394445683617765,0.37024768573054057,test,24,obs_lgbm,PALEMBANG3,16.751492382715504
237,12.375704131547218,18.29296545605851,-4.641697797476759,0.7257854320182882,0.48527792402258174,test,24,obs_lgbm,PALEMBANG4,20.267441983996882
72,3.2862220531919903,4.080037278729727,-0.04033113988685333,0.8413213483719186,0.7024057396728102,test,24,obs_lgbm,PALU,27.06288907835287
219,9.213506558871043,22.475468579556647,-5.193499288934296,0.5952627996337135,0.21725911351347016,test,24,obs_lgbm,PANGKALANBUN2,9.204070719850698
227,14.066159228761446,23.230273054687657,-0.792603746847494,0.5487521302171027,0.29112594684407256,test,24,obs_lgbm,PEKANBARU2,18.638854760380973
213,13.452949609979164,17.7094770033811,-2.5418354414804933,0.6722206101583813,0.43635082513169354,test,24,obs_lgbm,PESAWARAN,14.920479010523701
227,23.780532660673423,51.61298514368191,-15.372898855037779,0.7050087960468931,0.3829301377323735,test,24,obs_lgbm,PONTIANAK2,19.44816960422492
216,3.7321943686191172,5.121498932346075,0.5748787094581407,0.6816765798419214,0.45659127039844416,test,24,obs_lgbm,SAMARINDA2,22.200928042681987
238,9.90785150197295,12.897253237462289,-1.3146762617048318,0.6031861791934359,0.35589316296565277,test,24,obs_lgbm,SEMARANG,18.9611431208481
169,15.938365935494517,53.026299909479945,-9.087029285978137,0.7570613748099022,0.4688562359072589,test,24,obs_lgbm,SINTANG,22.42205457508214
229,3.0636435075798545,4.377721763979817,-0.3226791338441484,0.8091661359771108,0.6528585264610809,test,24,obs_lgbm,SORONG,18.733422537265533
235,31.45845161327027,59.92486943879414,-21.467516748121923,0.8363025634960555,0.5073317111007385,test,24,obs_lgbm,SUPADIO,-6.522040447810729
190,4.125734205914474,5.800203966222108,0.20135805251871322,0.853816137740657,0.7090405821498231,test,24,obs_lgbm,TANJUNGHARAPAN2,11.184058562910714
239,16.521296208863546,48.44240531014771,-9.226787909069673,0.5778548687162318,0.18872993436768304,test,24,cams_lgbm,BANJARBARU2,15.711271102796665
224,5.325047948841556,9.859798598201483,-0.7557685269814625,0.3009256614506318,0.08288707335688195,test,24,cams_lgbm,BATAM2,28.55709508022829
223,17.54838461244755,26.46325086234185,-6.774875856442437,0.5147155805623997,0.195882674216748,test,24,cams_lgbm,BENGKULU,25.131726863421843
215,3.5218949151847196,4.56453575402676,2.1756891052138245,0.7158864024073328,0.22501747446414444,test,24,cams_lgbm,INDRAPURI2,-5.710932118485945
233,10.569810948257087,15.66093399361017,-3.9590537795258762,0.5752295245389474,0.2848038967819446,test,24,cams_lgbm,JAMBI3,24.04262557616812
220,9.769444272460856,15.096746722150904,-2.9545947930860614,0.5730610573961471,0.2939742409192426,test,24,cams_lgbm,JAMBI4,24.724091484260725
239,12.82180690997525,17.152417604159773,-0.11793596460754605,0.6989258390006873,0.4884675452067606,test,24,cams_lgbm,KEMAYORAN3,21.632308224839914
224,4.4589405304915015,6.3086169738552655,0.10636267270679577,0.6547012638005386,0.42191575984632834,test,24,cams_lgbm,KOTABARU,25.684324491808308
201,4.533532277999216,6.011387827616018,1.0338870706785062,0.4470687582515114,0.0683608235546106,test,24,cams_lgbm,KOTOTABANG2,-0.6227901808571357
228,8.992567704380871,11.1799448359354,3.743132290462307,0.6759907002927408,0.3873505625510766,test,24,cams_lgbm,MALANG,8.721154100309924
236,5.256736918142677,7.1269151632594925,-0.23294000924311817,0.81238359540599,0.6452822576776591,test,24,cams_lgbm,MAROS,18.00463234093379
231,14.36703508341122,19.268773456521636,-3.520660052803272,0.35028399703150914,0.08890523905703518,test,24,cams_lgbm,MEDAN2,24.34437950468481
238,12.026823745583824,16.109288768250394,-1.8744894657110323,0.6344727332642687,0.3907054103245866,test,24,cams_lgbm,MLATI,20.92861736328867
210,9.033226388185355,20.275586233200396,-2.036658114093151,0.7608863167679059,0.5508660009149352,test,24,cams_lgbm,PALANGKARAYA2,21.427430662348325
226,13.24890111035268,17.980323996283804,-5.484188385891988,0.6525498337475544,0.3668861221073031,test,24,cams_lgbm,PALEMBANG3,18.015123735290906
237,12.168401324459861,18.01629651941124,-6.824064568040065,0.7606415081176491,0.5007298418187812,test,24,cams_lgbm,PALEMBANG4,21.60302522978885
72,3.4616283472081406,4.222457276389881,-0.5246269940769298,0.8315848017789418,0.6812671571307988,test,24,cams_lgbm,PALU,23.16977774383905
219,8.773712896280987,21.429054456970963,-4.806751251339619,0.6655568849085404,0.2884481911216926,test,24,cams_lgbm,PANGKALANBUN2,13.53808557415579
227,13.34354121194857,22.362284343874755,-1.3064381344352738,0.5907324664920824,0.3431098016714591,test,24,cams_lgbm,PEKANBARU2,22.818604787556996
213,12.890264154084011,16.750644516347386,0.5437580676816123,0.7080170127558187,0.49573311613551696,test,24,cams_lgbm,PESAWARAN,18.479030141927133
227,23.80264635406934,54.42194001697088,-17.00020377823085,0.6903003564281897,0.31393633603467097,test,24,cams_lgbm,PONTIANAK2,19.373263860721636
216,3.905648069514095,5.245868974984895,1.2034161390761218,0.6806554573643124,0.4298786352947004,test,24,cams_lgbm,SAMARINDA2,18.58521684857706
238,9.845260389301345,12.873927518859205,1.0185094782489883,0.60616462934565,0.358220894036553,test,24,cams_lgbm,SEMARANG,19.47309187388411
169,16.199085933844856,55.15679422998344,-9.572236592083533,0.7552456328763392,0.42531816135346967,test,24,cams_lgbm,SINTANG,21.153033529570564
229,3.0311597581005567,4.226727102569184,-0.19655686667297337,0.8242786102227585,0.6763924773151624,test,24,cams_lgbm,SORONG,19.595090396730274
235,33.38790409961745,66.51202068518651,-26.035353577367417,0.8328123509678633,0.3930670707629237,test,24,cams_lgbm,SUPADIO,-13.055394928172515
190,3.7807636081059064,5.2548464353824755,0.7635303228056779,0.8754982491978612,0.7611826113886357,test,24,cams_lgbm,TANJUNGHARAPAN2,18.61034607521843
239,16.83536393871866,48.154721960340915,-8.369225290529897,0.5602976443904426,0.1983370494171005,test,24,cams_xgboost,BANJARBARU2,14.108953136793744
224,5.340497444357191,9.890129853561612,-0.4784904973847524,0.28889711285607583,0.0772358478323808,test,24,cams_xgboost,BATAM2,28.34981866698546
223,17.30216828418954,26.026317367609476,-5.9207780213634,0.5355933788637857,0.22221694948612747,test,24,cams_xgboost,BENGKULU,26.18218203190671
215,3.3776061401810757,4.354214677232122,1.9660413455963133,0.7128100661128699,0.2947901684162628,test,24,cams_xgboost,INDRAPURI2,-1.3800530697935631
233,10.427728726628512,15.130109650098989,-3.3710875711727555,0.6047064975339709,0.3324651065679468,test,24,cams_xgboost,JAMBI3,25.06366488898488
220,9.864231303821912,15.203887872523858,-2.521038868644021,0.5628785511648061,0.28391739404238747,test,24,cams_xgboost,JAMBI4,23.9937347001674
239,12.911099619845464,17.198150439011357,-0.7635869381318027,0.6989365965737055,0.48573614991859904,test,24,cams_xgboost,KEMAYORAN3,21.086545555505566
224,4.676815396121571,6.394485779303382,0.7862027402435032,0.6504157003805339,0.4060716428080101,test,24,cams_xgboost,KOTABARU,22.053076731307154
201,4.508847782742325,5.974183228889349,1.3503399317537377,0.48296267454921243,0.07985700483247371,test,24,cams_xgboost,KOTOTABANG2,-0.07491213904671223
228,9.255646662126509,11.399638515259694,4.354988250397799,0.6753092903408227,0.36303601436613975,test,24,cams_xgboost,MALANG,6.050777358879711
236,5.213600751909159,7.1753870446095425,0.030438654301530237,0.8068012378018218,0.6404408064600621,test,24,cams_xgboost,MAROS,18.677476705184294
231,14.286779949468967,18.95675903842892,-2.5141371665062837,0.36625803571315685,0.1181726034598175,test,24,cams_xgboost,MEDAN2,24.766996413537946
238,12.193566750277993,16.25564598114498,-1.9809393490062037,0.6266738413301282,0.3795839080511608,test,24,cams_xgboost,MLATI,19.832351199829766
210,9.021245022047134,20.573647494521534,-1.773077944573902,0.7477363379580769,0.5375639519743622,test,24,cams_xgboost,PALANGKARAYA2,21.531646662390834
226,13.30668314199532,17.717448799069302,-4.824738924482228,0.656445398590966,0.3852632458429649,test,24,cams_xgboost,PALEMBANG3,17.657565574422485
237,12.302763121238742,18.24334936365491,-6.534551173825807,0.7511630096596488,0.4880663034194135,test,24,cams_xgboost,PALEMBANG4,20.737376726646495
72,3.489530352751414,4.296470237939592,-0.6763937513033549,0.8241255688686783,0.669995468230493,test,24,cams_xgboost,PALU,22.550497719450735
219,8.741064060768581,21.24210012458683,-4.465829893225404,0.6733773114836037,0.300809670188774,test,24,cams_xgboost,PANGKALANBUN2,13.8598285871251
227,13.391047643249781,22.533696356469523,-0.7772387651619929,0.5781903860799653,0.33300077906610603,test,24,cams_xgboost,PEKANBARU2,22.543819212187522
213,12.917838616886048,16.78163531304781,0.6870496060366924,0.7113446815874068,0.493865475877614,test,24,cams_xgboost,PESAWARAN,18.30464295140356
227,23.94767582721122,53.70406964045128,-16.290503278807922,0.703265866294314,0.3319164561120458,test,24,cams_xgboost,PONTIANAK2,18.882005330493957
216,3.9468076970842145,5.217204017137903,1.3817119827976934,0.692387309084291,0.43609223111970585,test,24,cams_xgboost,SAMARINDA2,17.727228086258418
238,9.951062278587278,12.929412666033704,1.1117351123264858,0.6010925754277796,0.352676984628682,test,24,cams_xgboost,SEMARANG,18.6077111037263
169,16.29208055755796,55.55922038807266,-10.120742744806956,0.7623032961048217,0.4169017668073929,test,24,cams_xgboost,SINTANG,20.700394164128475
229,3.0281859302104306,4.166933933354375,0.015326923053858129,0.8279422297038439,0.6854835094190694,test,24,cams_xgboost,SORONG,19.67397451428372
235,33.289454461361494,66.88940890409972,-25.539623197596125,0.8233035548395765,0.38616007422096765,test,24,cams_xgboost,SUPADIO,-12.722032800967575
190,3.856255109937567,5.409152207637367,1.0525605389946386,0.8700164952581358,0.7469511945031516,test,24,cams_xgboost,TANJUNGHARAPAN2,16.985217438461632
239,16.521296208863546,48.44240531014771,-9.226787909069673,0.5778548687162318,0.18872993436768304,test,24,champion,BANJARBARU2,15.711271102796665
224,5.325047948841556,9.859798598201483,-0.7557685269814625,0.3009256614506318,0.08288707335688195,test,24,champion,BATAM2,28.55709508022829
223,17.54838461244755,26.46325086234185,-6.774875856442437,0.5147155805623997,0.195882674216748,test,24,champion,BENGKULU,25.131726863421843
215,3.5218949151847196,4.56453575402676,2.1756891052138245,0.7158864024073328,0.22501747446414444,test,24,champion,INDRAPURI2,-5.710932118485945
233,10.569810948257087,15.66093399361017,-3.9590537795258762,0.5752295245389474,0.2848038967819446,test,24,champion,JAMBI3,24.04262557616812
220,9.769444272460856,15.096746722150904,-2.9545947930860614,0.5730610573961471,0.2939742409192426,test,24,champion,JAMBI4,24.724091484260725
239,12.82180690997525,17.152417604159773,-0.11793596460754605,0.6989258390006873,0.4884675452067606,test,24,champion,KEMAYORAN3,21.632308224839914
224,4.4589405304915015,6.3086169738552655,0.10636267270679577,0.6547012638005386,0.42191575984632834,test,24,champion,KOTABARU,25.684324491808308
201,4.533532277999216,6.011387827616018,1.0338870706785062,0.4470687582515114,0.0683608235546106,test,24,champion,KOTOTABANG2,-0.6227901808571357
228,8.992567704380871,11.1799448359354,3.743132290462307,0.6759907002927408,0.3873505625510766,test,24,champion,MALANG,8.721154100309924
236,5.256736918142677,7.1269151632594925,-0.23294000924311817,0.81238359540599,0.6452822576776591,test,24,champion,MAROS,18.00463234093379
231,14.36703508341122,19.268773456521636,-3.520660052803272,0.35028399703150914,0.08890523905703518,test,24,champion,MEDAN2,24.34437950468481
238,12.026823745583824,16.109288768250394,-1.8744894657110323,0.6344727332642687,0.3907054103245866,test,24,champion,MLATI,20.92861736328867
210,9.033226388185355,20.275586233200396,-2.036658114093151,0.7608863167679059,0.5508660009149352,test,24,champion,PALANGKARAYA2,21.427430662348325
226,13.24890111035268,17.980323996283804,-5.484188385891988,0.6525498337475544,0.3668861221073031,test,24,champion,PALEMBANG3,18.015123735290906
237,12.168401324459861,18.01629651941124,-6.824064568040065,0.7606415081176491,0.5007298418187812,test,24,champion,PALEMBANG4,21.60302522978885
72,3.4616283472081406,4.222457276389881,-0.5246269940769298,0.8315848017789418,0.6812671571307988,test,24,champion,PALU,23.16977774383905
219,8.773712896280987,21.429054456970963,-4.806751251339619,0.6655568849085404,0.2884481911216926,test,24,champion,PANGKALANBUN2,13.53808557415579
227,13.34354121194857,22.362284343874755,-1.3064381344352738,0.5907324664920824,0.3431098016714591,test,24,champion,PEKANBARU2,22.818604787556996
213,12.890264154084011,16.750644516347386,0.5437580676816123,0.7080170127558187,0.49573311613551696,test,24,champion,PESAWARAN,18.479030141927133
227,23.80264635406934,54.42194001697088,-17.00020377823085,0.6903003564281897,0.31393633603467097,test,24,champion,PONTIANAK2,19.373263860721636
216,3.905648069514095,5.245868974984895,1.2034161390761218,0.6806554573643124,0.4298786352947004,test,24,champion,SAMARINDA2,18.58521684857706
238,9.845260389301345,12.873927518859205,1.0185094782489883,0.60616462934565,0.358220894036553,test,24,champion,SEMARANG,19.47309187388411
169,16.199085933844856,55.15679422998344,-9.572236592083533,0.7552456328763392,0.42531816135346967,test,24,champion,SINTANG,21.153033529570564
229,3.0311597581005567,4.226727102569184,-0.19655686667297337,0.8242786102227585,0.6763924773151624,test,24,champion,SORONG,19.595090396730274
235,33.38790409961745,66.51202068518651,-26.035353577367417,0.8328123509678633,0.3930670707629237,test,24,champion,SUPADIO,-13.055394928172515
190,3.7807636081059064,5.2548464353824755,0.7635303228056779,0.8754982491978612,0.7611826113886357,test,24,champion,TANJUNGHARAPAN2,18.61034607521843
239,16.666991319066547,46.71199336285992,-8.029605490450171,0.5822713481705357,0.24565354345946167,test,24,prediction_q50,BANJARBARU2,14.967960439377858
224,5.495921494741654,10.036115331017731,-0.5270578814336054,0.2563159281858856,0.0497934629232627,test,24,prediction_q50,BATAM2,26.264589433269624
223,17.450077115152975,25.983484664671764,-5.908245704762324,0.5236320841719345,0.224774909280557,test,24,prediction_q50,BENGKULU,25.551145101702467
215,3.552610772510639,4.588356866335045,2.2086265898846777,0.7239372586485042,0.21690750745460208,test,24,prediction_q50,INDRAPURI2,-6.632879532289193
233,10.53261945977914,15.508469878266263,-3.296131145532369,0.5869122740110765,0.29866143087350827,test,24,prediction_q50,JAMBI3,24.309893158296912
220,10.034124463883739,15.896632740693317,-2.6591618281361136,0.5419994083983296,0.2171760751262819,test,24,prediction_q50,JAMBI4,22.68466720179244
239,12.686592048501792,16.874722469385063,0.6590712698030091,0.7111197434478297,0.5048967381352623,test,24,prediction_q50,KEMAYORAN3,22.458749978468962
224,4.289169193005672,6.205296905799404,-0.0882731329007788,0.665918869285603,0.4406959789557642,test,24,prediction_q50,KOTABARU,28.513846783238794
201,4.445102091569355,5.917107593574724,0.8096521139022378,0.4666126001184989,0.09735458543080233,test,24,prediction_q50,KOTOTABANG2,1.33993811777382
228,9.030855796718196,11.207374397432574,3.9967493398182485,0.6810403573876695,0.38434065140849827,test,24,prediction_q50,MALANG,8.332511724167546
236,5.191158933249245,7.117209710084973,0.005822043927164585,0.8092428895341792,0.6462477110954732,test,24,prediction_q50,MAROS,19.02752754482342
231,14.40235370058866,19.21491245245802,-2.937195163461997,0.3486110674743286,0.09399159225472253,test,24,prediction_q50,MEDAN2,24.158394582807574
238,12.177358276305764,15.931032707758675,0.19180035912237842,0.6362577397965254,0.40411500830239133,test,24,prediction_q50,MLATI,19.93891519997868
210,8.921274581799597,19.76799721394638,-1.45527181826085,0.7592957119684342,0.5730722008420519,test,24,prediction_q50,PALANGKARAYA2,22.401206884897682
226,13.410939530770193,18.05574340750191,-4.659457265466154,0.6466003399887542,0.36156372425561845,test,24,prediction_q50,PALEMBANG3,17.012421719674077
237,12.198776107273693,17.974566859932203,-5.925937845888376,0.7489908444291244,0.5030399997579669,test,24,prediction_q50,PALEMBANG4,21.407330576201133
72,3.530911781444539,4.282458020510964,-0.5350162047347252,0.8277406585535904,0.6721444671250167,test,24,prediction_q50,PALU,21.632044308259303
219,8.814576183835282,21.495072999997095,-5.12791170397343,0.6605467045572259,0.28405714578246033,test,24,prediction_q50,PANGKALANBUN2,13.135391969584376
227,13.270892981476889,21.92687547347427,-0.7321014884722656,0.609439758545481,0.3684409667445768,test,24,prediction_q50,PEKANBARU2,23.238814962536523
213,12.740545668472306,16.807004508486916,0.7725032286563617,0.7044266665578091,0.4923340481165157,test,24,prediction_q50,PESAWARAN,19.42588398501779
227,23.44115303392629,52.07821550592254,-15.198772934293686,0.6928605180450762,0.3717556831877765,test,24,prediction_q50,PONTIANAK2,20.59775067221863
216,3.8655712906085062,5.2050544188440835,1.074617933691998,0.6873457165583511,0.438715580865666,test,24,prediction_q50,SAMARINDA2,19.420633200980763
238,9.910882423836762,12.85990326360867,1.5946714728690454,0.6143170959185079,0.35961838079967967,test,24,prediction_q50,SEMARANG,18.936352434079673
169,15.268919061965779,51.6895511910612,-8.213621711340897,0.7740082502361394,0.4952980740635403,test,24,prediction_q50,SINTANG,25.680501095238718
229,2.9251633183699015,4.128837681466293,-0.42227697746759174,0.8333299291732086,0.6912081632278743,test,24,prediction_q50,SORONG,22.40676475075786
235,31.060429054732843,60.12904455471118,-21.96223946805749,0.8385559619734535,0.5039687677572404,test,24,prediction_q50,SUPADIO,-5.174288956387052
190,3.6954861700266464,5.209262203663224,0.7682113478125892,0.8785215974723046,0.765307980064575,test,24,prediction_q50,TANJUNGHARAPAN2,20.44613955301804
239,22.00753138075314,55.68026775773642,-0.2895397489539747,0.4642182894872515,-0.07192833599514148,test,48,persistence,BANJARBARU2,0.0
221,8.955203619909502,20.63663986644569,-0.2819004524886879,-0.00759414140468642,-1.0205727321463791,test,48,persistence,BATAM2,0.0
224,23.100446428571427,33.778550754457015,-0.3986607142857146,0.329056110138685,-0.33098419168093796,test,48,persistence,BENGKULU,0.0
215,4.062790697674418,5.1137161656916215,-0.11488372093023255,0.5143882978401739,0.03059759517499705,test,48,persistence,INDRAPURI2,0.0
233,14.11244635193133,20.627326764320678,-0.39999999999999986,0.37077059128133777,-0.2532636048997796,test,48,persistence,JAMBI3,0.0
219,12.989041095890412,19.83918220806824,-0.4155251141552511,0.387353659044663,-0.22643327299387872,test,48,persistence,JAMBI4,0.0
239,17.697071129707115,23.268854324825668,-0.32719665271966497,0.5287892046383589,0.05417799028359027,test,48,persistence,KEMAYORAN3,0.0
224,5.761607142857143,8.482608257908817,-0.20000000000000012,0.46701117730462144,-0.038341296446125606,test,48,persistence,KOTABARU,0.0
202,5.695049504950496,8.044584919972781,-0.1772277227722771,0.1687063949617713,-0.6541132493272019,test,48,persistence,KOTOTABANG2,0.0
227,11.254185022026434,14.744748934633456,-0.25242290748898666,0.4586864503141436,-0.0661595428558639,test,48,persistence,MALANG,0.0
235,6.919574468085107,9.394328302508868,-0.1323404255319148,0.6902426704881062,0.3824057808144151,test,48,persistence,MAROS,0.0
231,19.92077922077922,26.192670234742657,-0.32683982683982626,0.13257002666261603,-0.6890144353869987,test,48,persistence,MEDAN2,0.0
237,17.12362869198312,22.380345694776956,-0.2578059071729957,0.4097191459628988,-0.16470331917442516,test,48,persistence,MLATI,0.0
210,12.51857142857143,28.211567198748885,-1.443333333333333,0.528962628097484,0.13053084230657674,test,48,persistence,PALANGKARAYA2,0.0
226,16.822123893805312,22.30927224986472,-0.2929203539823008,0.5003898498935171,0.03197024712793528,test,48,persistence,PALEMBANG3,0.0
237,16.666666666666664,23.463112264377923,-0.7054852320675105,0.5680093377927641,0.1532988148201233,test,48,persistence,PALEMBANG4,0.0
70,3.724285714285714,4.803138854659821,-0.4185714285714285,0.7882872414937734,0.5752469829394953,test,48,persistence,PALU,0.0
220,10.880909090909089,21.699520313089455,-1.4945454545454546,0.5338970056380602,0.27199520336041416,test,48,persistence,PANGKALANBUN2,0.0
227,19.473568281938327,33.5954914900519,-0.3845814977973569,0.256680757521586,-0.4933407248294157,test,48,persistence,PEKANBARU2,0.0
209,17.338755980861244,23.120472917796985,-0.0009569377990431778,0.5183008623855379,0.02892946546197539,test,48,persistence,PESAWARAN,0.0
225,31.758222222222223,65.20850251309257,-1.9217777777777776,0.5423511004813995,0.11778272116658606,test,48,persistence,PONTIANAK2,0.0
216,5.107407407407408,7.165019190483721,-0.06574074074074071,0.4157228807417459,-0.2055129392271955,test,48,persistence,SAMARINDA2,0.0
237,12.81518987341772,17.179985411349367,0.028691983122362753,0.4335211778402604,-0.12877245392810122,test,48,persistence,SEMARANG,0.0
167,15.64550898203593,50.118807351127195,-3.449101796407186,0.7481609837680931,0.530721997419071,test,48,persistence,SINTANG,0.0
229,4.031004366812227,5.598241302128366,-0.0799126637554585,0.7152983254500098,0.43284644833823516,test,48,persistence,SORONG,0.0
234,33.635897435897434,59.417720169032656,-3.488888888888889,0.745612790941017,0.5175364910984397,test,48,persistence,SUPADIO,0.0
186,5.215591397849463,7.6482094327287955,-0.7553763440860215,0.7233826317552264,0.5017639227706886,test,48,persistence,TANJUNGHARAPAN2,0.0
239,18.70418410041841,52.75490220930156,-12.181171548117154,0.45398879383878216,0.03774812500654401,test,48,climatology,BANJARBARU2,15.010076428761554
221,6.271945701357466,14.530998228004242,-2.6257918552036204,0.20348964669128847,-0.001814739041899438,test,48,climatology,BATAM2,29.963114547016325
224,18.26517857142857,27.93904038578583,-4.682142857142857,0.3697167701106589,0.08942894037693239,test,48,climatology,BENGKULU,20.93149096531065
215,4.288372093023256,5.441898181145389,-1.247441860465116,0.09206197088452495,-0.09782136444480716,test,48,climatology,INDRAPURI2,-5.552375500858608
233,12.356223175965665,18.903169228120262,-7.031759656652361,0.3053711726438833,-0.052508896765179,test,48,climatology,JAMBI3,12.44449850982301
219,11.118949771689497,17.43709863124594,-6.04497716894977,0.45878514086156197,0.052575000136533157,test,48,climatology,JAMBI4,14.397454826689183
239,17.176569037656908,22.100975953005193,9.11255230125523,0.6818309468450047,0.14673816910461235,test,48,climatology,KEMAYORAN3,2.941176470588225
224,5.823437499999999,7.55114924436766,0.10111607142857094,0.5020211646389711,0.1771751242139099,test,48,climatology,KOTABARU,-1.073144273981086
202,4.555940594059407,6.605094793242772,-2.108910891089109,0.12049436417227212,-0.11510578492853907,test,48,climatology,KOTOTABANG2,20.001738525730172
227,10.15022026431718,12.398893300052197,0.8691629955947137,0.5684745482951489,0.2461008047104415,test,48,climatology,MALANG,9.809370963322516
235,7.006808510638299,9.014264110109515,-0.637446808510638,0.6734067892265441,0.4313666695216082,test,48,climatology,MAROS,-1.2606850747186593
231,16.24199134199134,21.089355350292454,1.9917748917748928,0.0751989530999762,-0.0949654608239725,test,48,climatology,MEDAN2,18.467088249994568
237,13.327426160337552,17.898810747095393,-3.2864978902953577,0.5440497272184697,0.255044923130443,test,48,climatology,MLATI,22.16938126801863
210,12.768095238095237,30.438588838449633,-8.965238095238096,0.42879784210190075,-0.0121591008029176,test,48,climatology,PALANGKARAYA2,-1.9932291072311425
226,15.851991150442478,22.734085408930156,-8.51570796460177,0.3963910527688102,-0.005247203128713851,test,48,climatology,PALEMBANG3,5.767005102846035
237,15.194092827004217,23.926349280101586,-12.554008438818565,0.6886662368875679,0.11953558695739741,test,48,climatology,PALEMBANG4,8.835443037974677
70,5.319999999999999,7.011836930709181,-3.8871428571428566,0.809631138901485,0.09478904022787404,test,48,climatology,PALU,-42.84618335251245
220,11.575681818181819,27.07164673266445,-8.9025,-0.12977506341000217,-0.1330871700632228,test,48,climatology,PANGKALANBUN2,-6.38524521681012
227,14.04295154185022,26.322203613749753,-5.421806167400881,0.4561586715478632,0.08327009406566399,test,48,climatology,PEKANBARU2,27.887116841986202
209,14.45023923444976,19.068768774719885,-2.858851674641148,0.6025650121316495,0.33945462611182486,test,48,climatology,PESAWARAN,16.659307908824992
225,35.13044444444444,75.51263654367908,-31.502888888888886,0.18415449986600257,-0.18305891818709097,test,48,climatology,PONTIANAK2,-10.618422525750116
216,5.373842592592593,6.869338578058299,1.7659722222222225,-0.013240294252668004,-0.1080695114210235,test,48,climatology,SAMARINDA2,-5.216642494561263
237,10.650210970464135,13.838945534328461,2.445569620253162,0.5404214788778957,0.26756882485454636,test,48,climatology,SEMARANG,16.893849598314226
167,24.826047904191615,75.33992100875066,-21.7002994011976,0.6360118839603323,-0.060422814010988146,test,48,climatology,SINTANG,-58.67842927127982
229,4.69825327510917,7.417314218660324,-2.6711790393013097,0.4797024597329995,0.004386486263524225,test,48,climatology,SORONG,-16.552919510345564
234,49.29059829059829,95.36704801006397,-46.498290598290595,0.5604786739068173,-0.24287995053699962,test,48,climatology,SUPADIO,-46.54164760888349
186,6.3338709677419365,10.468567904851868,-1.9672043010752684,0.6270678293062988,0.06655189828435859,test,48,climatology,TANJUNGHARAPAN2,-21.441088547572427
239,21.549727297962242,55.11379560968001,-19.180332144611683,0.3640975639039779,-0.050228413966909136,test,48,raw_cams,BANJARBARU2,2.0802155174535986
221,13.1302321609438,19.629680009246243,-12.757236663568102,0.09690049540137602,-0.828196854519111,test,48,raw_cams,BATAM2,-46.62125751950785
224,23.531126702679295,35.025126051504465,-21.723115179449508,0.4412120364500709,-0.4310351000080812,test,48,raw_cams,BENGKULU,-1.8643807401712786
215,8.647080493265861,10.83891637958138,7.473614529783519,0.40407448704052895,-3.355144671673239,test,48,raw_cams,INDRAPURI2,-112.83598237574815
233,20.211734716480855,27.39280064874247,-16.381894535696723,0.18395924042509593,-1.2101889577021554,test,48,raw_cams,JAMBI3,-43.21921382336959
219,16.54090325648352,23.5566913339673,-13.001106488704739,0.282250435859948,-0.7291193659443505,test,48,raw_cams,JAMBI4,-27.345068310830722
239,39.773675193504936,47.11036072935923,38.56828594841016,0.6656254768180124,-2.87696851414558,test,48,raw_cams,KEMAYORAN3,-124.7472189154454
224,5.740735750225688,7.850002650104197,-0.9246847602356141,0.36207492049357115,0.11075606518982017,test,48,raw_cams,KOTABARU,0.3622494924411801
202,15.83710808656441,18.713367874078358,15.313720686863654,0.28558258878632437,-7.950800339151176,test,48,raw_cams,KOTOTABANG2,-178.08552099148213
227,28.186459849952218,30.984318644387688,27.87140330475246,0.5232883118691884,-3.707944506251784,test,48,raw_cams,MALANG,-150.4531407186422
235,11.056200668912112,14.807192919154001,-10.653479030792372,0.556224797524753,-0.534324518160828,test,48,raw_cams,MAROS,-59.78151141961418
231,16.876190215635557,21.839469636360594,2.1121671768439985,0.17511869540989974,-0.17424301610793047,test,48,raw_cams,MEDAN2,15.283483499319516
237,32.562637428443864,39.684725399069,27.502049187583943,0.35706013643529905,-2.6620855964871013,test,48,raw_cams,MLATI,-90.16201538923185
210,11.522201892280737,25.490373360453177,1.0180775197815757,0.7095581300469186,0.29017359745186444,test,48,raw_cams,PALANGKARAYA2,7.959131295258304
226,22.99603026509982,29.78379201297243,-22.1890726963054,0.4964381523013229,-0.7253526683072413,test,48,raw_cams,PALEMBANG3,-36.70111105035927
237,23.617283905897857,31.649974649586245,-23.205970685629516,0.6045708147389202,-0.5406559428447641,test,48,raw_cams,PALEMBANG4,-41.70370343538716
70,8.830711192357178,10.138823386095451,-8.779897450894689,0.7454527184495024,-0.8926107579636953,test,48,raw_cams,PALU,-137.11153949558974
220,10.959839654644513,23.27095332027259,-9.933751882194887,0.6311340361982878,0.16273618193279105,test,48,raw_cams,PANGKALANBUN2,-0.7254041282393375
227,16.54609700506474,30.409734754237938,-8.86483651924442,0.201031424948806,-0.22355127786861373,test,48,raw_cams,PEKANBARU2,15.033050104067502
209,18.597922118430102,24.023940193842154,4.598305281443259,0.42189822919174513,-0.048445418498868076,test,48,raw_cams,PESAWARAN,-7.262148097353371
225,32.03998837762616,67.44849969798507,-21.50711500902992,0.4013224870620294,0.05613106367018539,test,48,raw_cams,PONTIANAK2,-0.8872226960071394
216,4.925422123231693,6.712935792114887,0.8997963559943387,0.31184989887509756,-0.05818632995457507,test,48,raw_cams,SAMARINDA2,3.5631636495607744
237,18.50049299201925,24.25642074584486,13.22405697829305,0.3393082336891608,-1.2501644315410254,test,48,raw_cams,SEMARANG,-44.36378371883849
167,16.30235057718071,54.97644789692963,-10.305460138948737,0.7960874139653358,0.4353464100139013,test,48,raw_cams,SINTANG,-4.1982756578834435
229,4.40740664124765,6.233927240744513,-3.848948081013413,0.7838364882836113,0.29673195205406366,test,48,raw_cams,SORONG,-9.337679649627528
234,40.312147401842516,75.27858915546898,-33.902849997727856,0.6412771654766986,0.22558198886828895,test,48,raw_cams,SUPADIO,-19.848585811240916
186,5.605709263645291,8.437069369256445,-2.695627561500283,0.7468380831215781,0.3936842251315723,test,48,raw_cams,TANJUNGHARAPAN2,-7.479839505001973
239,17.857527781343006,49.95467976509842,-10.192929674354405,0.5362565841363564,0.13718938425029736,test,48,obs_lgbm,BANJARBARU2,18.857197236758473
221,6.2947269959562435,14.719197003862677,-2.61476723041317,0.11861685669615983,-0.027932869128582505,test,48,obs_lgbm,BATAM2,29.70872284844981
224,18.240392300586898,27.702810460370443,-6.442051702200735,0.3932498891545336,0.1047619480440336,test,48,obs_lgbm,BENGKULU,21.038788765456275
215,3.3271376911076236,4.219083411766297,-0.048879208143510565,0.590088541875554,0.34011679103340986,test,48,obs_lgbm,INDRAPURI2,18.10708602310943
233,10.785365274133257,15.636779063753947,-3.5432549972931113,0.5690569157754969,0.279803293752275,test,48,obs_lgbm,JAMBI3,23.575509127393445
219,10.359665065223641,15.885960104836478,-3.8379025708297303,0.5106351237697608,0.21363653576725294,test,48,obs_lgbm,JAMBI4,20.24303419517762
239,13.719186660670637,18.37244784625761,-3.1802708414971983,0.6547364577668922,0.4103511429372044,test,48,obs_lgbm,KEMAYORAN3,22.477642994602753
224,4.492379987591923,6.4630293844389906,-0.2732688068739146,0.6339781750185236,0.39722731202106676,test,48,obs_lgbm,KOTABARU,22.029047170262615
202,4.984154280372747,6.795436340502401,-0.5531713339781408,0.061110260402578234,-0.18030067639482916,test,48,obs_lgbm,KOTOTABANG2,12.482687357849887
227,9.481860844276342,11.790524623701877,0.7942615672309942,0.5679557363748808,0.31826797843791477,test,48,obs_lgbm,MALANG,15.74813435429877
235,5.8928447687512895,7.882568280452349,-0.321912611033853,0.7555176256780894,0.565182276121579,test,48,obs_lgbm,MAROS,14.83804682021075
231,14.998697221788635,20.409567477828674,-4.830841662305339,0.21740654785429303,-0.025513574237537195,test,48,obs_lgbm,MEDAN2,24.70828045650141
237,12.94268877982331,17.167576931877655,-3.4736176803697303,0.5889332529767951,0.3146700105380056,test,48,obs_lgbm,MLATI,24.41620282339588
210,9.68445060855489,22.50921334917575,-4.170761461927178,0.7402557464338124,0.446496475036692,test,48,obs_lgbm,PALANGKARAYA2,22.639330982672345
226,13.690322104263837,18.531921131391634,-4.1189986148849,0.6046008052979212,0.33202718893495986,test,48,obs_lgbm,PALEMBANG3,18.617160409184418
237,13.19916769956837,19.530475414067233,-7.414509976616482,0.7220423397002014,0.4133425898550427,test,48,obs_lgbm,PALEMBANG4,20.804993802589767
70,3.4401379184933742,4.304549214474354,-0.5793887187882145,0.8202320816702483,0.6588530101123691,test,48,obs_lgbm,PALU,7.629591755068588
220,9.58730965649441,23.233263254586404,-5.921525941173675,0.6036789891142963,0.16544608153146334,test,48,obs_lgbm,PANGKALANBUN2,11.888707309350377
227,14.59914444669413,25.438583658614668,-2.491318769545511,0.3953938961898176,0.14378513051364672,test,48,obs_lgbm,PEKANBARU2,25.03097411153563
209,14.359920750609982,18.899757709523062,-3.3653424067742024,0.6157645232833953,0.35111187937770627,test,48,obs_lgbm,PESAWARAN,17.180213122206347
225,27.652983515817436,64.42868182992305,-22.66473959876452,0.5962016876726707,0.13875721288441223,test,48,obs_lgbm,PONTIANAK2,12.926538134531418
216,3.8338189342633346,5.019736378882317,0.7813967732661283,0.6531415005027427,0.4083035274633843,test,48,obs_lgbm,SAMARINDA2,24.93610498541695
237,10.11798748743483,13.338108452958341,-1.034616163491025,0.569665538026183,0.31962349205521656,test,48,obs_lgbm,SEMARANG,21.046917077503792
167,18.182409806501227,60.05332948726558,-13.98746679929656,0.7836527923869759,0.3262435701224382,test,48,obs_lgbm,SINTANG,-16.21488203022445
229,3.3854730511138955,4.777102995472182,-0.26912406419379276,0.7671288897983426,0.5870222652101518,test,48,obs_lgbm,SORONG,16.014155703056865
234,38.20360623466334,75.35966606289173,-31.150353646078415,0.7752506253447279,0.2239129557500371,test,48,obs_lgbm,SUPADIO,-13.57986302423162
186,4.614935090919441,6.732257497169792,-0.14964813850751355,0.8074510883107193,0.6139557704262703,test,48,obs_lgbm,TANJUNGHARAPAN2,11.516552220284925
239,17.739673537349187,50.79052448837604,-10.54903709933662,0.5083997449880677,0.10807463137826201,test,48,cams_lgbm,BANJARBARU2,19.39271501907952
221,6.086878543921381,14.617706739154437,-2.050181462027783,0.1395723807127844,-0.01380634946285908,test,48,cams_lgbm,BATAM2,32.02970248059091
224,17.91020964526922,27.504625886981465,-7.271869636443811,0.456250304452342,0.11752511054744097,test,48,cams_lgbm,BENGKULU,22.468123286495214
215,3.9939521920753793,5.024848099527947,2.319934679075805,0.6161350723024427,0.0639981009065077,test,48,cams_lgbm,INDRAPURI2,1.6943650490891082
233,11.100697840421754,16.28453981403106,-5.20551292307918,0.5490399943270052,0.21889842848041485,test,48,cams_lgbm,JAMBI3,21.341080323025707
219,10.435311881123047,16.23511019923188,-4.635194686148039,0.4963292866550578,0.17869044795420985,test,48,cams_lgbm,JAMBI4,19.660644661254768
239,13.216764197880842,17.3667530943072,-0.495936531459878,0.6890566622672657,0.4731382447229978,test,48,cams_lgbm,KEMAYORAN3,25.316657762116492
224,4.511619460670962,6.349039004035033,0.1443946005655842,0.6505133917598397,0.4183023689359493,test,48,cams_lgbm,KOTABARU,21.695121711584097
202,5.315662853478948,7.069601995817203,0.696520450871763,0.06640575720876127,-0.27746170052574537,test,48,cams_lgbm,KOTOTABANG2,6.661691898231281
227,9.683629954745076,12.109677411686754,4.013077456037605,0.6021199021717104,0.2808614289472575,test,48,cams_lgbm,MALANG,13.955298088733247
235,5.680541588965521,7.628061475143607,-0.17037372056089597,0.7791751910633249,0.5928071679597116,test,48,cams_lgbm,MAROS,17.90620051614923
231,14.89008938798926,19.93891015699268,-3.4333123987650196,0.23766717858618813,0.021239027340708594,test,48,cams_lgbm,MEDAN2,25.253479178879125
237,12.438868791550455,16.327836419317745,-1.6450428354518487,0.6287150924851744,0.3800751957088341,test,48,cams_lgbm,MLATI,27.35845295819782
210,9.601411903239473,21.96001423889522,-2.971090741353751,0.749857861808224,0.4731766803237868,test,48,cams_lgbm,PALANGKARAYA2,23.302655115056147
226,13.380094755904718,18.54779374380849,-6.02780494734115,0.6415038917544128,0.3308824599049358,test,48,cams_lgbm,PALEMBANG3,20.46132319336983
237,13.332738292258833,20.251940671411283,-9.210776408784488,0.7344918800966287,0.3691992175176849,test,48,cams_lgbm,PALEMBANG4,20.00357024644699
70,3.3182542541146773,4.19954466648604,-0.6001933175431222,0.828406486772134,0.6752937873244547,test,48,cams_lgbm,PALU,10.902263986180504
220,9.199022140718487,22.562855018740464,-5.59409104736379,0.6411668142488972,0.21291419621846208,test,48,cams_lgbm,PANGKALANBUN2,15.457228216305985
227,14.014859936885381,25.562688920623692,-3.323057088079524,0.38868260617437334,0.1354104524837113,test,48,cams_lgbm,PEKANBARU2,28.03137188840671
209,13.828023367487143,17.71472948056812,-0.1504890647853953,0.659421184042661,0.42993234608369935,test,48,cams_lgbm,PESAWARAN,20.24789216279008
225,27.33007636644016,64.27680549670394,-21.708977439426608,0.5736511819625338,0.14281280502079374,test,48,cams_lgbm,PONTIANAK2,13.94330521651036
216,4.0174117833271685,5.154005672356304,1.4867802861401769,0.6620878755305291,0.3762264652716061,test,48,cams_lgbm,SAMARINDA2,21.341466171259217
237,10.437562193089509,13.48643990711518,1.653385619522891,0.5720772612309973,0.30440658128399933,test,48,cams_lgbm,SEMARANG,18.553199006907228
167,18.01653693099588,59.89658200603724,-13.008926492048298,0.7687374224815532,0.3297561745490789,test,48,cams_lgbm,SINTANG,-15.154687212045005
229,3.250963813920195,4.452779310402129,0.1322477211321869,0.8015454694981115,0.6411939393298058,test,48,cams_lgbm,SORONG,19.35102227410631
234,37.983144893998144,76.07082172476619,-31.900225738817543,0.7846315606703461,0.20919625373949668,test,48,cams_lgbm,SUPADIO,-12.924428332514681
186,4.238760422112288,6.019484015268663,0.5677502504117516,0.8358045006393606,0.69137282826969,test,48,cams_lgbm,TANJUNGHARAPAN2,18.72905488992005
239,17.66974262652537,50.32485492137714,-9.59375477635212,0.5110333314072313,0.12435477355968783,test,48,cams_xgboost,BANJARBARU2,19.710474015370107
221,6.109970303358536,14.474637440269962,-1.3752915567941795,0.15105645739954224,0.005941585262529414,test,48,cams_xgboost,BATAM2,31.77184391681893
224,17.957575586863925,27.189135773940638,-6.377289818014417,0.4817394948419082,0.1376537499515772,test,48,cams_xgboost,BENGKULU,22.263079882935177
215,3.918746344100597,4.894690201403957,2.2985093928492346,0.6188057885797168,0.11186032105079502,test,48,cams_xgboost,INDRAPURI2,3.5454534651827796
233,10.915950699834866,16.155328096249033,-4.294229410850951,0.5353582395422279,0.23124474788846816,test,48,cams_xgboost,JAMBI3,22.650188155783603
219,10.271712020978535,16.078003035136696,-3.5308280448391014,0.4905566810821811,0.19450916231285698,test,48,cams_xgboost,JAMBI4,20.920166891854773
239,13.475636554063609,17.55060891869519,-0.07996731283275595,0.6809400402951297,0.46192378817158997,test,48,cams_xgboost,KEMAYORAN3,23.853860024087336
224,5.140253720538957,6.6197294036117595,1.5842530893427986,0.6509450649215527,0.3676438028197374,test,48,cams_xgboost,KOTABARU,10.784376770438065
202,5.38000759511891,7.141200354343565,1.6450109137166846,0.1536231507892249,-0.3034680637622489,test,48,cams_xgboost,KOTOTABANG2,5.53185550990789
227,10.138333175255864,12.472143632700085,5.011117928458731,0.6006311665250493,0.237166702264887,test,48,cams_xgboost,MALANG,9.914994684969635
235,5.7244869410738035,7.609820418323202,0.09141537280792904,0.7816822035842889,0.5947522877602316,test,48,cams_xgboost,MAROS,17.271113021810237
231,14.879889228127219,19.906721303262483,-2.5909031739998687,0.22324238567554358,0.024396648590669034,test,48,cams_xgboost,MEDAN2,25.304682797718502
237,12.484100029538954,16.419181157239244,-2.3320358083217956,0.6319884545773315,0.37311955694559784,test,48,cams_xgboost,MLATI,27.09430778895764
210,9.499003738448735,21.500644371659618,-2.4751612933476763,0.7389790273783369,0.49498682583904774,test,48,cams_xgboost,PALANGKARAYA2,24.120705044914825
226,13.402605082081482,18.57511041726057,-5.2360001234881635,0.6284545351864582,0.3289100932386916,test,48,cams_xgboost,PALEMBANG3,20.32750937581107
237,13.268465407488215,20.258012999703972,-8.619096667454714,0.7350743632957808,0.3688208830402765,test,48,cams_xgboost,PALEMBANG4,20.389207555070698
70,3.353036173411778,4.28288637662309,-0.8709932177407401,0.823170247542401,0.6622780452418852,test,48,cams_xgboost,PALU,9.968342102483895
220,9.212613834034313,22.322204170160816,-5.033565365184437,0.6250381414225527,0.22961445394419833,test,48,cams_xgboost,PANGKALANBUN2,15.332315001773367
227,14.29059901300506,25.43297971254355,-2.147280430058551,0.4016056014303418,0.1441623255269331,test,48,cams_xgboost,PEKANBARU2,26.61540604112321
209,13.98382931485701,17.88982959646447,-0.11679218876304766,0.6600317968388275,0.41860705441366264,test,48,cams_xgboost,PESAWARAN,19.34929281955088
225,27.122754940456815,63.665219467710436,-20.451217927720812,0.5781426380037766,0.1590472662979,test,48,cams_xgboost,PONTIANAK2,14.596117028622047
216,4.108042512999641,5.1873063049095025,1.5513964335123698,0.6554986742445127,0.3681398778938696,test,48,cams_xgboost,SAMARINDA2,19.56697037636671
237,10.228098934511594,13.324847619302277,1.3992399771002273,0.573434691376511,0.3209756889852363,test,48,cams_xgboost,SEMARANG,20.187691048358747
167,17.623444618293625,58.96183596325556,-12.45685070232003,0.7773943138176963,0.3505125884453262,test,48,cams_xgboost,SINTANG,-12.642194245829575
229,3.2137807664912863,4.362852506306477,0.23218039820808523,0.811988798803595,0.6555402433852195,test,48,cams_xgboost,SORONG,20.27344864841246
234,37.37815567530119,74.81391564183713,-30.529269853820146,0.7797897058958734,0.2351130098721662,test,48,cams_xgboost,SUPADIO,-11.125786807192139
186,4.296484995401034,6.05597830368436,0.8614416266000398,0.8338095604060274,0.687619260209497,test,48,cams_xgboost,TANJUNGHARAPAN2,17.622285419586404
239,17.739673537349187,50.79052448837604,-10.54903709933662,0.5083997449880677,0.10807463137826201,test,48,champion,BANJARBARU2,19.39271501907952
221,6.086878543921381,14.617706739154437,-2.050181462027783,0.1395723807127844,-0.01380634946285908,test,48,champion,BATAM2,32.02970248059091
224,17.91020964526922,27.504625886981465,-7.271869636443811,0.456250304452342,0.11752511054744097,test,48,champion,BENGKULU,22.468123286495214
215,3.9939521920753793,5.024848099527947,2.319934679075805,0.6161350723024427,0.0639981009065077,test,48,champion,INDRAPURI2,1.6943650490891082
233,11.100697840421754,16.28453981403106,-5.20551292307918,0.5490399943270052,0.21889842848041485,test,48,champion,JAMBI3,21.341080323025707
219,10.435311881123047,16.23511019923188,-4.635194686148039,0.4963292866550578,0.17869044795420985,test,48,champion,JAMBI4,19.660644661254768
239,13.216764197880842,17.3667530943072,-0.495936531459878,0.6890566622672657,0.4731382447229978,test,48,champion,KEMAYORAN3,25.316657762116492
224,4.511619460670962,6.349039004035033,0.1443946005655842,0.6505133917598397,0.4183023689359493,test,48,champion,KOTABARU,21.695121711584097
202,5.315662853478948,7.069601995817203,0.696520450871763,0.06640575720876127,-0.27746170052574537,test,48,champion,KOTOTABANG2,6.661691898231281
227,9.683629954745076,12.109677411686754,4.013077456037605,0.6021199021717104,0.2808614289472575,test,48,champion,MALANG,13.955298088733247
235,5.680541588965521,7.628061475143607,-0.17037372056089597,0.7791751910633249,0.5928071679597116,test,48,champion,MAROS,17.90620051614923
231,14.89008938798926,19.93891015699268,-3.4333123987650196,0.23766717858618813,0.021239027340708594,test,48,champion,MEDAN2,25.253479178879125
237,12.438868791550455,16.327836419317745,-1.6450428354518487,0.6287150924851744,0.3800751957088341,test,48,champion,MLATI,27.35845295819782
210,9.601411903239473,21.96001423889522,-2.971090741353751,0.749857861808224,0.4731766803237868,test,48,champion,PALANGKARAYA2,23.302655115056147
226,13.380094755904718,18.54779374380849,-6.02780494734115,0.6415038917544128,0.3308824599049358,test,48,champion,PALEMBANG3,20.46132319336983
237,13.332738292258833,20.251940671411283,-9.210776408784488,0.7344918800966287,0.3691992175176849,test,48,champion,PALEMBANG4,20.00357024644699
70,3.3182542541146773,4.19954466648604,-0.6001933175431222,0.828406486772134,0.6752937873244547,test,48,champion,PALU,10.902263986180504
220,9.199022140718487,22.562855018740464,-5.59409104736379,0.6411668142488972,0.21291419621846208,test,48,champion,PANGKALANBUN2,15.457228216305985
227,14.014859936885381,25.562688920623692,-3.323057088079524,0.38868260617437334,0.1354104524837113,test,48,champion,PEKANBARU2,28.03137188840671
209,13.828023367487143,17.71472948056812,-0.1504890647853953,0.659421184042661,0.42993234608369935,test,48,champion,PESAWARAN,20.24789216279008
225,27.33007636644016,64.27680549670394,-21.708977439426608,0.5736511819625338,0.14281280502079374,test,48,champion,PONTIANAK2,13.94330521651036
216,4.0174117833271685,5.154005672356304,1.4867802861401769,0.6620878755305291,0.3762264652716061,test,48,champion,SAMARINDA2,21.341466171259217
237,10.437562193089509,13.48643990711518,1.653385619522891,0.5720772612309973,0.30440658128399933,test,48,champion,SEMARANG,18.553199006907228
167,18.01653693099588,59.89658200603724,-13.008926492048298,0.7687374224815532,0.3297561745490789,test,48,champion,SINTANG,-15.154687212045005
229,3.250963813920195,4.452779310402129,0.1322477211321869,0.8015454694981115,0.6411939393298058,test,48,champion,SORONG,19.35102227410631
234,37.983144893998144,76.07082172476619,-31.900225738817543,0.7846315606703461,0.20919625373949668,test,48,champion,SUPADIO,-12.924428332514681
186,4.238760422112288,6.019484015268663,0.5677502504117516,0.8358045006393606,0.69137282826969,test,48,champion,TANJUNGHARAPAN2,18.72905488992005
239,17.685461771222645,50.10693255939942,-10.137359749955873,0.5388192524608688,0.13192198921733456,test,48,prediction_q50,BANJARBARU2,19.63904780938036
221,6.092488034523755,14.585954504642482,-1.7362897087313964,0.14063102057259105,-0.009406800930954695,test,48,prediction_q50,BATAM2,31.967063027146192
224,17.871188161293663,27.35055579728829,-6.967362739452191,0.4608292230259804,0.12738397431525517,test,48,prediction_q50,BENGKULU,22.63704419499892
215,3.9125389334966503,4.872079957623298,2.0783948963377608,0.6190270553988284,0.12004660995042582,test,48,prediction_q50,INDRAPURI2,3.698240331793945
233,11.057171686139746,16.216614550302683,-4.956137679566726,0.5492040188911533,0.2254010226546147,test,48,prediction_q50,JAMBI3,21.649504200761484
219,10.329818615064411,16.019659361210365,-4.26004808110746,0.5073282753693773,0.20034446744216372,test,48,prediction_q50,JAMBI4,20.472815977673285
239,13.257981037104225,17.360507582392636,0.2030492223924169,0.6882601016357711,0.4735171214970042,test,48,prediction_q50,KEMAYORAN3,25.083755724704247
224,4.466400546044407,6.304956716093859,0.11678959172191686,0.6555177915065032,0.42635194697681045,test,48,prediction_q50,KOTABARU,22.479953330702983
202,5.205634505779145,7.023186123402369,0.4679549222122671,0.08604285997011837,-0.2607422731395317,test,48,prediction_q50,KOTOTABANG2,8.593691744837695
227,9.79590865342419,12.291909822033716,4.613341554083885,0.6076195839857605,0.25905466961869505,test,48,prediction_q50,MALANG,12.957636343708035
235,5.678333274568183,7.650220697398673,-0.2840017829463562,0.7754919292611395,0.5904379730237241,test,48,prediction_q50,MAROS,17.938114536404715
231,14.876648591005084,19.702381523528246,-2.806292703530694,0.26091802894096094,0.04432272251862934,test,48,prediction_q50,MEDAN2,25.3209504200149
237,12.437991194456181,16.205352450536235,-1.176293870554653,0.6315168439840954,0.3893410958757997,test,48,prediction_q50,MLATI,27.363578023159572
210,9.487922099302011,21.63936494564317,-2.9923268579514954,0.7545149826494228,0.4884491878651803,test,48,prediction_q50,PALANGKARAYA2,24.20922664028977
226,13.287844781396673,18.43842087713443,-5.445551880960663,0.6362146474937689,0.33875051476809503,test,48,prediction_q50,PALEMBANG3,21.009708017369466
237,13.190538837756689,20.021793595834687,-8.69806270895036,0.7308504110901386,0.3834548434674463,test,48,prediction_q50,PALEMBANG4,20.85676697345985
70,3.270572927631238,4.216499624601507,-0.7093711170326351,0.8287696030661835,0.6726666007130055,test,48,prediction_q50,PALU,12.182545096207642
220,9.157475802943827,22.405678486948656,-5.6971699130908675,0.6508528387978613,0.2238419373925944,test,48,prediction_q50,PANGKALANBUN2,15.839056034437204
227,13.917343596794366,25.23506530708439,-3.17899989935008,0.4142934334956109,0.157430417232875,test,48,prediction_q50,PEKANBARU2,28.53213445374232
209,13.841260953576821,17.71016980555486,-0.005711349496289784,0.6604771118326918,0.43022577294234265,test,48,prediction_q50,PESAWARAN,20.171545358530942
225,27.457203363839692,64.20347638469545,-21.50717863232133,0.5691942336970742,0.14476750456753995,test,48,prediction_q50,PONTIANAK2,13.543008888491793
216,3.980411514907984,5.1170950100810435,1.3867439618132122,0.6656300285349694,0.38512884232189337,test,48,prediction_q50,SAMARINDA2,22.065909425296915
237,10.547132120240786,13.51900036356185,2.4294290064556137,0.5793864100698021,0.3010437694465494,test,48,prediction_q50,SEMARANG,17.6981985876114
167,17.916713544843443,59.667928385184474,-13.19219385471836,0.7790381001528053,0.33486368324110016,test,48,prediction_q50,SINTANG,-14.516655005697142
229,3.17964013670005,4.389980207714342,-0.06780354602653868,0.8071954602262658,0.6512433057266924,test,48,prediction_q50,SORONG,21.12039959870963
234,37.94501559073349,75.45360083531702,-31.69662563903104,0.7839905180327625,0.22197698657491804,test,48,prediction_q50,SUPADIO,-12.811069373273831
186,4.179013831658106,5.964659300271893,0.39969134495805486,0.8378755134422016,0.6969691027173325,test,48,prediction_q50,TANJUNGHARAPAN2,19.874593063765822
239,24.628451882845184,60.28468584375583,-1.692887029288703,0.32487137884744005,-0.256765975253624,test,72,persistence,BANJARBARU2,0.0
220,8.81272727272727,19.608367879787725,-0.2927272727272729,0.08823297371990217,-0.8102591160281274,test,72,persistence,BATAM2,0.0
223,24.575336322869955,36.08918139072865,-0.034529147982062254,0.24933842675125398,-0.4999299678277245,test,72,persistence,BENGKULU,0.0
215,4.110697674418605,5.245339016245645,-0.14325581395348838,0.5020299412905933,0.009004146392715517,test,72,persistence,INDRAPURI2,0.0
233,15.303862660944205,20.97544650831481,-0.7879828326180257,0.3395069478112847,-0.26786846867708003,test,72,persistence,JAMBI3,0.0
220,14.135000000000003,21.36485750862,-0.46681818181818185,0.2585062486290346,-0.4170676845474326,test,72,persistence,JAMBI4,0.0
239,17.401673640167363,23.669111980061402,-0.45774058577405846,0.5108075136905897,0.010113272978613974,test,72,persistence,KEMAYORAN3,0.0
224,5.7977678571428575,8.380176971366927,-0.14776785714285726,0.449092230905765,-0.10084679358977966,test,72,persistence,KOTABARU,0.0
202,6.6683168316831685,9.005174530059465,-0.1336633663366337,-0.031050472030799203,-1.005951973302453,test,72,persistence,KOTOTABANG2,0.0
227,11.896475770925111,15.374816355767255,-0.48149779735682824,0.38777225920064656,-0.24237888131844665,test,72,persistence,MALANG,0.0
235,7.588510638297872,10.209497038896384,-0.3348936170212767,0.6271108326522079,0.2751597554270261,test,72,persistence,MAROS,0.0
231,20.281818181818178,26.576964116411446,-0.13982683982683977,0.11070596786329011,-0.7931484729015623,test,72,persistence,MEDAN2,0.0
237,17.64008438818565,22.800854044260696,-0.30506329113924024,0.39191552875587377,-0.2049228376819936,test,72,persistence,MLATI,0.0
209,12.499521531100479,28.30493050528637,-1.8325358851674645,0.5167734309665434,0.1312728780085899,test,72,persistence,PALANGKARAYA2,0.0
227,18.762555066079297,24.31929220944314,-0.9176211453744494,0.40525392950637523,-0.15192072126925638,test,72,persistence,PALEMBANG3,0.0
237,15.978059071729957,22.57313290427193,-0.8075949367088604,0.5982991251230257,0.2100629730063619,test,72,persistence,PALEMBANG4,0.0
70,4.868571428571428,5.964945215890204,-0.877142857142857,0.6792164456560988,0.36729033341400763,test,72,persistence,PALU,0.0
219,12.69771689497717,24.749709651910692,-2.1662100456621007,0.35654354452944936,0.05360763391401291,test,72,persistence,PANGKALANBUN2,0.0
229,20.324890829694326,33.929415558990584,-0.7886462882096066,0.2184190726229046,-0.5334841891569415,test,72,persistence,PEKANBARU2,0.0
207,17.920772946859902,24.472522302085803,-0.13816425120772965,0.4646454745093016,-0.07766583539397853,test,72,persistence,PESAWARAN,0.0
225,32.27511111111111,65.29975769905701,-3.9835555555555553,0.5087398336705568,0.09812903210848545,test,72,persistence,PONTIANAK2,0.0
216,4.58425925925926,6.148396358220392,-0.575,0.5699466936634889,0.22098489436040591,test,72,persistence,SAMARINDA2,0.0
237,14.20886075949367,19.000691748455665,0.027426160337552564,0.3110045041164292,-0.3770894070929838,test,72,persistence,SEMARANG,0.0
166,16.971686746987952,48.12508738843575,-6.1969879518072295,0.7598816836240773,0.5702911237125443,test,72,persistence,SINTANG,0.0
229,4.468995633187773,6.1586450049457495,-0.17379912663755473,0.6541162628226399,0.3106500376835518,test,72,persistence,SORONG,0.0
233,36.288841201716735,62.249100515762144,-6.070815450643777,0.7105711076436545,0.47205294250406304,test,72,persistence,SUPADIO,0.0
183,5.540983606557377,8.269471144242809,-0.9191256830601093,0.6716349561140864,0.42253223312225663,test,72,persistence,TANJUNGHARAPAN2,0.0
239,18.635983263598327,52.742471353917686,-12.19330543933054,0.45550730663429495,0.038030369199371084,test,72,climatology,BANJARBARU2,24.331487207366365
220,6.333636363636363,14.57107970043276,-2.543636363636364,0.2033225388187192,0.000365312106517357,test,72,climatology,BATAM2,28.130802558283463
223,18.57130044843049,28.138746167419036,-4.60403587443946,0.36572286483006944,0.08814369855219151,test,72,climatology,BENGKULU,24.43114428042261
215,4.350232558139535,5.5123012541296275,-1.1744186046511624,0.08282856872968507,-0.0944365805191667,test,72,climatology,INDRAPURI2,-5.827110205928943
233,12.53648068669528,19.09968934425925,-7.0592274678111595,0.30417911844002776,-0.05124605561895401,test,72,climatology,JAMBI3,18.082898648269662
220,11.17159090909091,17.5111441789092,-6.061136363636363,0.45058391931705916,0.0480379389028005,test,72,climatology,JAMBI4,20.965044859632776
239,17.094142259414227,22.051607404480492,9.212552301255231,0.6837440205115064,0.1407845529912668,test,72,climatology,KEMAYORAN3,1.7672517432074986
224,5.713392857142857,7.201526685859246,0.3120535714285712,0.5141157215230525,0.18703911509936633,test,72,climatology,KOTABARU,1.455301455301461
202,4.660643564356436,6.6838572710525455,-2.092821782178218,0.12703359437501022,-0.10507205533530439,test,72,climatology,KOTOTABANG2,30.10764662212324
227,9.838766519823787,11.941813777628568,0.8938325991189426,0.56786328926297,0.2504945844725769,test,72,climatology,MALANG,17.29679688946493
235,7.039574468085108,9.065387764411899,-0.5868085106382975,0.6707490487420121,0.42851297581179815,test,72,climatology,MAROS,7.233780070655504
231,16.06926406926407,20.897049233484296,2.2129870129870137,0.06549212497372216,-0.10860145040824043,test,72,climatology,MEDAN2,20.77010095835733
237,13.266666666666666,17.859225653097898,-3.2257383966244713,0.5499102894015657,0.2607654506217767,test,72,climatology,MLATI,24.792498863826616
209,12.797607655502391,30.504369833638073,-8.87511961722488,0.4335821121408542,-0.008981747756873437,test,72,climatology,PALANGKARAYA2,-2.3847802786709504
227,15.8715859030837,22.71140939572197,-8.545154185022026,0.39992834491448953,-0.004636379113002187,test,72,climatology,PALEMBANG3,15.408184827780536
237,14.982278481012655,23.710200496725808,-12.424050632911388,0.6955698257837745,0.1284762093957802,test,72,climatology,PALEMBANG4,6.23217492341821
70,5.562142857142857,7.268068617491956,-4.149285714285713,0.8088411169617669,0.06064535189849962,test,72,climatology,PALU,-14.24589201877935
219,11.48447488584475,27.09991659492802,-8.970319634703197,-0.12651728237890503,-0.13466307014971313,test,72,climatology,PANGKALANBUN2,9.554804372842352
229,14.032314410480351,26.238708530099395,-5.293013100436681,0.44983370863353905,0.08291106137495607,test,72,climatology,PEKANBARU2,30.95995187349605
207,14.444927536231884,19.084061437916816,-2.879710144927535,0.6079749600094692,0.3446576094354016,test,72,climatology,PESAWARAN,19.395622169506144
225,34.730222222222224,74.82581862788628,-31.23422222222222,0.17896780665169945,-0.18419772126506917,test,72,climatology,PONTIANAK2,-7.606824660212896
216,5.468055555555555,7.21525518657569,1.46712962962963,-0.005399295695216692,-0.07281677835879385,test,72,climatology,SAMARINDA2,-19.27893354877801
237,10.645147679324893,13.835255826961362,2.5004219409282675,0.5437575717622347,0.2698741901192774,test,72,climatology,SEMARANG,25.08092056421678
166,24.86656626506024,75.54884929314325,-21.56234939759036,0.6458534343554839,-0.05897807897500451,test,72,climatology,SINTANG,-46.517942711106365
229,4.709170305676857,7.404589630644853,-2.677729257641921,0.479983783793984,0.0035135386749288733,test,72,climatology,SORONG,-5.374242720343969
233,49.51330472103004,95.5731847751694,-46.68326180257511,0.5594804568014875,-0.244504093222343,test,72,climatology,SUPADIO,-36.44223149976937
183,6.367213114754098,10.538604546729598,-2.116939890710382,0.628821176450861,0.06213896648037276,test,72,climatology,TANJUNGHARAPAN2,-14.911242603550278
239,22.114060099364632,55.807700684650094,-19.98691598050615,0.3167110399785111,-0.07703215548520648,test,72,raw_cams,BANJARBARU2,10.209296936085277
220,13.42753177797827,20.05304017233001,-12.950231609149744,0.0636257502507948,-0.8932950449478494,test,72,raw_cams,BATAM2,-52.365225456737164
223,23.894357847932703,35.58610275692983,-21.902874638735764,0.3760800994856505,-0.45840376544800865,test,72,raw_cams,BENGKULU,2.7709833387042138
215,8.478746995625897,10.60919546197602,7.234108352080578,0.3515818492067945,-3.0540547882568747,test,72,raw_cams,INDRAPURI2,-106.26053451681013
233,20.63648442817243,28.419273573829493,-16.320857149407132,0.1730569875675379,-1.327435839881514,test,72,raw_cams,JAMBI3,-34.844940034891934
220,17.429882889645427,25.198036585668195,-12.70433525810072,0.25482646766809164,-0.9711696207868097,test,72,raw_cams,JAMBI4,-23.31010180152404
239,41.54417282921663,49.31011832317859,40.08179588605279,0.619333544501706,-3.2962907226981946,test,72,raw_cams,KEMAYORAN3,-138.73665078583252
224,5.423864222213224,7.3252728499733895,-0.9256250755256359,0.4192286267400207,0.158860334825206,test,72,raw_cams,KOTABARU,6.449096344362671
202,15.71767225384019,18.68586191339509,15.403896261064762,0.31519545467918886,-7.636992301231702,test,72,raw_cams,KOTOTABANG2,-135.70674055499023
227,29.09634833232397,32.17775879883631,29.02947716071584,0.4786435296237194,-4.441840019579026,test,72,raw_cams,MALANG,-144.57956198620775
235,11.172096002397307,14.682718779624535,-10.723216551925404,0.6016612950198729,-0.49915509379009126,test,72,raw_cams,MAROS,-47.22383000972172
231,17.14246230308267,21.773948705936963,2.168065290263025,0.14569187714175663,-0.2035936882949505,test,72,raw_cams,MEDAN2,15.478670849883724
237,32.770599900229506,40.24802270341855,26.321717963013967,0.3126476832442733,-2.754448102238661,test,72,raw_cams,MLATI,-85.77348712785886
209,12.13455107594134,26.48394575357224,-0.35972845339105514,0.6274608525841248,0.23945559808211903,test,72,raw_cams,PALANGKARAYA2,2.919875406838923
227,23.927389899992928,31.015023939339496,-22.861956877768726,0.39176609919397737,-0.8735486291948802,test,72,raw_cams,PALEMBANG3,-27.52735336804475
237,24.401567379783977,32.93656510812032,-23.812207818769444,0.5019424953988977,-0.6817653675732525,test,72,raw_cams,PALEMBANG4,-52.71922121603472
70,9.018288558314879,10.4317963026978,-8.87535999453528,0.682386448591463,-0.9351282250413071,test,72,raw_cams,PALU,-85.23480020012957
219,11.358252479557885,23.35887246522214,-10.300186248711787,0.6247568580215184,0.156986047372642,test,72,raw_cams,PANGKALANBUN2,10.548860291168848
229,16.212612858860574,28.424165139373596,-10.199542849995009,0.28770117306547616,-0.07622228378910734,test,72,raw_cams,PEKANBARU2,20.232718617242373
207,19.15955327433558,24.116628474694142,4.690904426593015,0.37547132669250294,-0.046549645489862845,test,72,raw_cams,PESAWARAN,-6.912538488987097
225,33.37010431977481,70.25202816359148,-21.843009733187117,0.3156588436299413,-0.04385217566787003,test,72,raw_cams,PONTIANAK2,-3.392686100735798
216,4.504068546592311,6.270487864370305,-0.32878871452206176,0.45204541872274384,0.1897391989143068,test,72,raw_cams,SAMARINDA2,1.749262162801546
237,18.461499124831185,23.600089819182475,12.562905907370563,0.2827426697808805,-1.1244701067400276,test,72,raw_cams,SEMARANG,-29.929481591239536
166,17.352058818836998,57.867427128091485,-10.9511755735139,0.7287683289174738,0.37870249533989564,test,72,raw_cams,SINTANG,-2.2412154874149604
229,4.611236895639006,6.517259315768096,-4.148789505571167,0.7590176951244497,0.22803178942782631,test,72,raw_cams,SORONG,-3.182846306559739
233,41.439125159269935,78.37619444542548,-35.01939216563922,0.582906770190104,0.16306340466187308,test,72,raw_cams,SUPADIO,-14.192472911781916
183,5.958656224978651,8.785092809358666,-3.446433760651304,0.7357742231405197,0.3482740955780348,test,72,raw_cams,TANJUNGHARAPAN2,-7.5378786164786105
239,18.34113706874096,51.46572438089681,-10.718875237047916,0.41524542534511455,0.08403982789255793,test,72,obs_lgbm,BANJARBARU2,25.528664343224992
220,6.165844100548161,14.749674401628157,-2.462915481681005,0.11836022587798281,-0.024289491978014555,test,72,obs_lgbm,BATAM2,30.03477913551704
223,18.065602903266328,27.55903993292503,-6.175597947004574,0.4199464152993351,0.12532827371983923,test,72,obs_lgbm,BENGKULU,26.488888428947476
215,3.4328553773225194,4.375743077545327,-0.3951669622236366,0.562464327650001,0.3103506348665521,test,72,obs_lgbm,INDRAPURI2,16.489714174661497
233,11.515435176959965,17.104355438612345,-4.594033618588763,0.47152518895200246,0.15692696696519937,test,72,obs_lgbm,JAMBI3,24.75471433530563
220,10.891276751411723,16.506756758968375,-4.354013722952211,0.4648084732266282,0.15410959989262862,test,72,obs_lgbm,JAMBI4,22.948165890260196
239,14.310059486763569,18.674623039060442,-3.9473805166152682,0.6415225007914217,0.38379493975913015,test,72,obs_lgbm,KEMAYORAN3,17.766188570894613
224,4.668862787851582,6.1264595843265335,0.3874455383772264,0.6556066594681457,0.41164473072560115,test,72,obs_lgbm,KOTABARU,19.47137410651002
202,5.141306390520809,7.02526987356321,-1.2281369619336218,-0.038286456612287176,-0.2208499411086764,test,72,obs_lgbm,KOTOTABANG2,22.89948842723064
227,9.260489619676864,11.59620659416926,0.6833546425117415,0.5439790445997632,0.2932495815810683,test,72,obs_lgbm,MALANG,22.157706214899164
235,6.1457911077236815,8.160846543234756,-0.4549100207411343,0.7379968820422113,0.5368688140936407,test,72,obs_lgbm,MAROS,19.011893101830026
231,14.996517206629756,20.366605708648613,-4.744017461124048,0.15461716036742504,-0.05303503823408828,test,72,obs_lgbm,MEDAN2,26.05930557018048
237,13.037922185482891,17.484346665940155,-4.185562620741975,0.5832388974256381,0.2914739467192039,test,72,obs_lgbm,MLATI,26.089230082056925
209,9.854219167910136,24.178820092376352,-4.895091290333905,0.7121527915622896,0.36608737347272857,test,72,obs_lgbm,PALANGKARAYA2,21.163228981273217
227,14.564265633558458,19.670959509086448,-4.453208000168379,0.5341088261819625,0.2463463316133252,test,72,obs_lgbm,PALEMBANG3,22.375893995967
237,13.314798111836565,19.655440274129177,-7.420898791894668,0.7080170555082761,0.40107237286437136,test,72,obs_lgbm,PALEMBANG4,16.668238288125437
70,3.7082658040040704,4.679803246369841,-0.9974357345018549,0.7982637980872457,0.6105544553499416,test,72,obs_lgbm,PALU,23.832568579728598
219,9.835208262216701,23.833844953279648,-6.3212891879601845,0.5663097296766799,0.12235429627162953,test,72,obs_lgbm,PANGKALANBUN2,22.543490742755413
229,14.588207314839199,25.680174222415904,-3.154365441375008,0.36739431048995286,0.12153901822913937,test,72,obs_lgbm,PEKANBARU2,28.224916743335847
207,14.55511665098769,19.53896566368103,-3.0996636282979044,0.5790193433036143,0.31304262815538164,test,72,obs_lgbm,PESAWARAN,18.780754077138983
225,29.671456862917275,66.13351711749102,-23.813586696171008,0.5412057137456827,0.07495149158316039,test,72,obs_lgbm,PONTIANAK2,8.067065173626908
216,3.8240926718803476,5.035096375556499,0.4119145343858527,0.6959432984803616,0.4775584117017483,test,72,obs_lgbm,SAMARINDA2,16.582102895762972
237,10.28434588105951,13.59007471247242,-0.4335410129584415,0.5470283712942983,0.2955227035168859,test,72,obs_lgbm,SEMARANG,27.620193799224822
166,19.22199712331259,61.370823537641435,-14.898629595158022,0.7991300946651185,0.30119634989657185,test,72,obs_lgbm,SINTANG,-13.25920287047493
229,3.5231114200919453,5.112185877577853,-0.589012751006115,0.7330543465989563,0.5250119472569108,test,72,obs_lgbm,SORONG,21.165476333686193
233,40.703672073767464,78.9445243244193,-33.70758330726915,0.7440680015825257,0.1508816282554778,test,72,obs_lgbm,SUPADIO,-12.165808347283003
183,4.872800003328539,7.239452324698866,-0.3334445336766185,0.7722255506912398,0.5574282381899321,test,72,obs_lgbm,TANJUNGHARAPAN2,12.058934851171344
239,18.14027839720945,51.58052022350707,-11.014592788959105,0.45571569393946887,0.07994911744891497,test,72,cams_lgbm,BANJARBARU2,26.344219752419907
220,6.075520447479605,14.641747510537567,-1.5759218159592634,0.14180536021324458,-0.009354392667661804,test,72,cams_lgbm,BATAM2,31.059701957627738
223,18.162218586188335,27.61183987826828,-7.033936120866869,0.4586302954021268,0.12197352262964956,test,72,cams_lgbm,BENGKULU,26.095747591920173
215,4.14752713833184,5.166909036073132,2.0822394100914403,0.5389061530970825,0.03841795911715229,test,72,cams_lgbm,INDRAPURI2,-0.8959419259273238
233,11.54073121522212,17.070026258764567,-5.401360136921162,0.49967012249079945,0.16030773883375016,test,72,cams_lgbm,JAMBI3,24.589422481722078
220,10.50348159446956,16.06929445280832,-4.516064500982574,0.5143411285040365,0.19835108225815812,test,72,cams_lgbm,JAMBI4,25.691676020731812
239,13.664399401841989,17.792435265596996,0.07490740865378122,0.6638991183282635,0.44063877057775824,test,72,cams_lgbm,KEMAYORAN3,21.476521831203765
224,4.707555332502452,6.038232681128227,0.9602242733513925,0.6704734565862952,0.428468475222896,test,72,cams_lgbm,KOTABARU,18.80400442900213
202,5.605215457571498,7.318664775823147,0.5449228609329773,-0.009697171830748832,-0.3249514738353039,test,72,cams_lgbm,KOTOTABANG2,15.94257442988548
227,9.86316227821247,12.223682023526317,3.8089708276749654,0.5543115822711587,0.21469515964910568,test,72,cams_lgbm,MALANG,17.0917297850683
235,5.882924308347983,7.8494714338816935,-0.05887401998894182,0.7626833707066552,0.5715359093419577,test,72,cams_lgbm,MAROS,22.475903523704588
231,15.071512613091503,19.95056090984938,-3.46771480134186,0.18832125473809314,-0.010452101318831009,test,72,cams_lgbm,MEDAN2,25.689538886595
237,12.740748322286983,16.379377448692654,-0.24714804554247088,0.6163665009980296,0.37819846647465283,test,72,cams_lgbm,MLATI,27.773881111248933
209,9.486194915004413,22.585774731744802,-3.347796899397827,0.7528836516023347,0.44686749696180794,test,72,cams_lgbm,PALANGKARAYA2,24.107535705254858
227,14.490760147202957,20.07278214633948,-7.013202241999203,0.5677333742924003,0.21524178471097222,test,72,cams_lgbm,PALEMBANG3,22.767660928011292
237,13.456054737212924,20.66535434106521,-9.333984064168565,0.7234236732843381,0.33794433400266877,test,72,cams_lgbm,PALEMBANG4,15.784172052406698
70,3.775950234212839,4.971697097083259,-1.0326911960637826,0.7750808536873054,0.5604575005723376,test,72,cams_lgbm,PALU,22.442336738586054
219,9.264553771145568,22.95236007921484,-5.786573119454228,0.605418070943178,0.1860725251674834,test,72,cams_lgbm,PANGKALANBUN2,27.037641114755495
229,14.05357668818363,25.39289175941906,-3.535687552394605,0.3976508502533276,0.14108365439499415,test,72,cams_lgbm,PEKANBARU2,30.855339859185914
207,14.2251942271546,18.343747627758017,0.13863077494967876,0.6342857890151121,0.3945158450109083,test,72,cams_lgbm,PESAWARAN,20.621759623112943
225,28.970190467312584,65.71066410983116,-21.92545724860361,0.49140125353519176,0.08674306226772799,test,72,cams_lgbm,PONTIANAK2,10.239842807731703
216,4.028490751782356,5.1376242099098235,1.3908598479026022,0.7050568337845003,0.45606521240786724,test,72,cams_lgbm,SAMARINDA2,12.12340917138065
237,10.840034130589359,14.018784350306477,2.396889711686596,0.5414875029366947,0.2503750670267595,test,72,cams_lgbm,SEMARANG,23.709336631041477
166,18.701759295717025,60.78306718108047,-13.73582419039471,0.7757584567971714,0.31451732146727285,test,72,cams_lgbm,SINTANG,-10.193875096334292
229,3.2826577317698886,4.61674454858583,0.07082013918025308,0.7832195414912941,0.6126165134076399,test,72,cams_lgbm,SORONG,26.54596242179944
233,39.728191702942325,78.019226458281,-33.04651830110728,0.7530074549555333,0.17066977587701393,test,72,cams_lgbm,SUPADIO,-9.477708263285312
183,4.439339683433986,6.435370089803856,0.44115537955070266,0.8126977987240465,0.6502809170239635,test,72,cams_lgbm,TANJUNGHARAPAN2,19.88173944098428
239,17.97987475854084,51.60006840421171,-10.312034573415334,0.4427809404351159,0.07925161657439461,test,72,cams_xgboost,BANJARBARU2,26.995513790029868
220,6.005908454548229,14.750596877970004,-1.4969160998951303,0.10319894097465612,-0.024417618517668993,test,72,cams_xgboost,BATAM2,31.84960491022226
223,18.112359099110147,27.521603628167444,-6.3825375834922635,0.4629607426974705,0.12770297452771928,test,72,cams_xgboost,BENGKULU,26.29863184311876
215,4.2144721745335785,5.25141111961099,2.5649025575504742,0.5584645294693046,0.006708427399575778,test,72,cams_xgboost,INDRAPURI2,-2.5244984753020283
233,11.581620511885875,17.134075567282697,-4.9245887101464,0.48087471810609833,0.1539946135446607,test,72,cams_xgboost,JAMBI3,24.322239630113607
220,10.527558429024436,16.051281360497732,-3.851391716003418,0.4992836684550048,0.20014731326797208,test,72,cams_xgboost,JAMBI4,25.5213411459184
239,14.094515847561249,18.105979983215985,-0.5860587243754487,0.6577903345794918,0.4207505312386637,test,72,cams_xgboost,KEMAYORAN3,19.004825978188546
224,5.32661019393376,6.462492379994412,1.943150462423052,0.6605163387558043,0.34533278927804734,test,72,cams_xgboost,KOTABARU,8.126535501566012
202,5.519918544929806,7.089377360952904,1.2185639284624912,0.06639057336257402,-0.2432327736839519,test,72,cams_xgboost,KOTOTABANG2,17.221711501423854
227,10.122676253633879,12.463364742804288,4.641483227061805,0.5514015376126763,0.18359661615105283,test,72,cams_xgboost,MALANG,14.910294035367889
235,6.07041695128096,8.029701709195484,0.11076306444533354,0.7539834826613178,0.5516342525021782,test,72,cams_xgboost,MAROS,20.005159897323743
231,14.94252613282307,19.829212774478385,-2.96725942438299,0.19923170170804716,0.0018025490744493222,test,72,cams_xgboost,MEDAN2,26.32550987850569
237,12.8370604841015,16.903583101131233,-2.1297050202446144,0.6085877677683602,0.3377613055227098,test,72,cams_xgboost,MLATI,27.22789641131733
209,9.885824579485297,23.606793823963876,-3.474950220938505,0.7159899276384459,0.39572697340659246,test,72,cams_xgboost,PALANGKARAYA2,20.910376010089305
227,14.277174611028594,19.804113396839465,-6.0504532146033725,0.5738907403018497,0.23610874661456593,test,72,cams_xgboost,PALEMBANG3,23.906021537332055
237,13.893060879767694,21.504125387820313,-9.357058908164753,0.7086283838582108,0.28311026583157517,test,72,cams_xgboost,PALEMBANG4,13.04913308057084
70,3.7285861601148333,4.828771373379121,-1.163127295630319,0.7809783677099651,0.5853660700793513,test,72,cams_xgboost,PALU,23.41519037322819
219,9.258116820958106,23.02787859327411,-5.4103660291732725,0.5967083358995398,0.18070769882160265,test,72,cams_xgboost,PANGKALANBUN2,27.088334875222053
229,13.97248912711331,25.30693588497855,-3.6686329462642764,0.40718154453468974,0.14688873949305326,test,72,cams_xgboost,PEKANBARU2,31.25429679209033
207,14.178162181319824,18.387315798178953,-0.8051906788406739,0.6496371464748106,0.39163626285392295,test,72,cams_xgboost,PESAWARAN,20.88420391596928
225,29.414883650037975,66.22045205496174,-22.327285988701714,0.5018664540795477,0.07251787260654163,test,72,cams_xgboost,PONTIANAK2,8.862022043011542
216,4.100633362929027,5.20993484042609,1.4726798397523386,0.6997173397529524,0.4406459987053386,test,72,cams_xgboost,SAMARINDA2,10.549706484278964
237,10.276364491458683,13.588033950188787,0.9101364184029493,0.5467790189356498,0.29573426420104443,test,72,cams_xgboost,SEMARANG,27.676365717128192
166,18.714932119702716,60.186406944176596,-13.487730487283454,0.8012483704440571,0.3279089733550796,test,72,cams_xgboost,SINTANG,-10.27149156535161
229,3.335734208286069,4.612282616857828,0.32426538592342735,0.7861924265084829,0.6133649383606183,test,72,cams_xgboost,SORONG,25.358302355138772
233,40.25643586539403,78.7915927193428,-33.22899122729322,0.7362518765447941,0.1541682718030145,test,72,cams_xgboost,SUPADIO,-10.933373820406246
183,4.5338604588326215,6.513065398296405,0.7230492336502494,0.8112955495721442,0.6417855065345487,test,72,cams_xgboost,TANJUNGHARAPAN2,18.17589112757696
239,18.14027839720945,51.58052022350707,-11.014592788959105,0.45571569393946887,0.07994911744891497,test,72,champion,BANJARBARU2,26.344219752419907
220,6.075520447479605,14.641747510537567,-1.5759218159592634,0.14180536021324458,-0.009354392667661804,test,72,champion,BATAM2,31.059701957627738
223,18.162218586188335,27.61183987826828,-7.033936120866869,0.4586302954021268,0.12197352262964956,test,72,champion,BENGKULU,26.095747591920173
215,4.14752713833184,5.166909036073132,2.0822394100914403,0.5389061530970825,0.03841795911715229,test,72,champion,INDRAPURI2,-0.8959419259273238
233,11.54073121522212,17.070026258764567,-5.401360136921162,0.49967012249079945,0.16030773883375016,test,72,champion,JAMBI3,24.589422481722078
220,10.50348159446956,16.06929445280832,-4.516064500982574,0.5143411285040365,0.19835108225815812,test,72,champion,JAMBI4,25.691676020731812
239,13.664399401841989,17.792435265596996,0.07490740865378122,0.6638991183282635,0.44063877057775824,test,72,champion,KEMAYORAN3,21.476521831203765
224,4.707555332502452,6.038232681128227,0.9602242733513925,0.6704734565862952,0.428468475222896,test,72,champion,KOTABARU,18.80400442900213
202,5.605215457571498,7.318664775823147,0.5449228609329773,-0.009697171830748832,-0.3249514738353039,test,72,champion,KOTOTABANG2,15.94257442988548
227,9.86316227821247,12.223682023526317,3.8089708276749654,0.5543115822711587,0.21469515964910568,test,72,champion,MALANG,17.0917297850683
235,5.882924308347983,7.8494714338816935,-0.05887401998894182,0.7626833707066552,0.5715359093419577,test,72,champion,MAROS,22.475903523704588
231,15.071512613091503,19.95056090984938,-3.46771480134186,0.18832125473809314,-0.010452101318831009,test,72,champion,MEDAN2,25.689538886595
237,12.740748322286983,16.379377448692654,-0.24714804554247088,0.6163665009980296,0.37819846647465283,test,72,champion,MLATI,27.773881111248933
209,9.486194915004413,22.585774731744802,-3.347796899397827,0.7528836516023347,0.44686749696180794,test,72,champion,PALANGKARAYA2,24.107535705254858
227,14.490760147202957,20.07278214633948,-7.013202241999203,0.5677333742924003,0.21524178471097222,test,72,champion,PALEMBANG3,22.767660928011292
237,13.456054737212924,20.66535434106521,-9.333984064168565,0.7234236732843381,0.33794433400266877,test,72,champion,PALEMBANG4,15.784172052406698
70,3.775950234212839,4.971697097083259,-1.0326911960637826,0.7750808536873054,0.5604575005723376,test,72,champion,PALU,22.442336738586054
219,9.264553771145568,22.95236007921484,-5.786573119454228,0.605418070943178,0.1860725251674834,test,72,champion,PANGKALANBUN2,27.037641114755495
229,14.05357668818363,25.39289175941906,-3.535687552394605,0.3976508502533276,0.14108365439499415,test,72,champion,PEKANBARU2,30.855339859185914
207,14.2251942271546,18.343747627758017,0.13863077494967876,0.6342857890151121,0.3945158450109083,test,72,champion,PESAWARAN,20.621759623112943
225,28.970190467312584,65.71066410983116,-21.92545724860361,0.49140125353519176,0.08674306226772799,test,72,champion,PONTIANAK2,10.239842807731703
216,4.028490751782356,5.1376242099098235,1.3908598479026022,0.7050568337845003,0.45606521240786724,test,72,champion,SAMARINDA2,12.12340917138065
237,10.840034130589359,14.018784350306477,2.396889711686596,0.5414875029366947,0.2503750670267595,test,72,champion,SEMARANG,23.709336631041477
166,18.701759295717025,60.78306718108047,-13.73582419039471,0.7757584567971714,0.31451732146727285,test,72,champion,SINTANG,-10.193875096334292
229,3.2826577317698886,4.61674454858583,0.07082013918025308,0.7832195414912941,0.6126165134076399,test,72,champion,SORONG,26.54596242179944
233,39.728191702942325,78.019226458281,-33.04651830110728,0.7530074549555333,0.17066977587701393,test,72,champion,SUPADIO,-9.477708263285312
183,4.439339683433986,6.435370089803856,0.44115537955070266,0.8126977987240465,0.6502809170239635,test,72,champion,TANJUNGHARAPAN2,19.88173944098428
239,18.153633398000792,51.600287134055556,-11.167426894538869,0.4431375038793094,0.07924381055462737,test,72,prediction_q50,BANJARBARU2,26.289993847946214
220,6.004217614583279,14.711043079653738,-1.6889154827369448,0.12305003625159516,-0.01893102276225478,test,72,prediction_q50,BATAM2,31.868791251891803
223,18.221131687492637,27.665168538994678,-7.310893627555063,0.4600821656677628,0.11857866060503719,test,72,prediction_q50,BENGKULU,25.856023095252844
215,4.158469033723688,5.231601695258905,2.083822705537341,0.537951101467397,0.014188101647973794,test,72,prediction_q50,INDRAPURI2,-1.1621229068333294
233,11.519024031940205,17.07091705500759,-5.668087520290845,0.5086643248686696,0.16022009816850613,test,72,prediction_q50,JAMBI3,24.731263687193117
220,10.512754562642874,16.079510935063645,-4.756511969655717,0.5216317202628299,0.19733141888927508,test,72,prediction_q50,JAMBI4,25.626073133053616
239,13.54350012517366,17.75233500202789,-0.12808266405575805,0.6657748078540878,0.44315728539987487,test,72,prediction_q50,KEMAYORAN3,22.17127843432304
224,4.7083105264754375,6.040424122551878,0.9142907993423803,0.6682001270991776,0.4280535507892488,test,72,prediction_q50,KOTABARU,18.790978830330484
202,5.589373999400579,7.350778626639013,0.4852319989448933,-0.012053106891456883,-0.3366045955774277,test,72,prediction_q50,KOTOTABANG2,16.1801374997092
227,9.95698058568339,12.376119712970981,4.278563171223039,0.5625187591052946,0.19498645185652574,test,72,prediction_q50,MALANG,16.303107093126112
235,5.9640344717512255,7.883292539521245,-0.061270063190028895,0.7627316238747379,0.5678356988396656,test,72,prediction_q50,MAROS,21.40704868157135
231,15.006113893655291,19.864685220163707,-3.486377041682095,0.19864564672427248,-0.001771992827129809,test,72,prediction_q50,MEDAN2,26.01198887036834
237,12.692619651466709,16.398389073803376,-0.9407889031027863,0.6179006947001098,0.37675417247774845,test,72,prediction_q50,MLATI,28.046718075977452
209,9.643155453979219,23.081568738642567,-3.462733127603065,0.728478773162809,0.4223166648569847,test,72,prediction_q50,PALANGKARAYA2,22.85180332714528
227,14.423758033599798,19.97376665936287,-7.201411971966365,0.5786703249373361,0.22296483656918742,test,72,prediction_q50,PALEMBANG3,23.124766414802334
237,13.456964776742703,20.66467500487687,-9.438612506893028,0.7304399014435382,0.3379878610550182,test,72,prediction_q50,PALEMBANG4,15.77847649498202
70,3.709954664921201,4.862510736417835,-0.9112283003330055,0.7841012945636441,0.5795516063421948,test,72,prediction_q50,PALU,23.79787953506922
219,9.301673119138183,22.98296277687699,-5.719744859524259,0.5937690088565827,0.18390063681388547,test,72,prediction_q50,PANGKALANBUN2,26.74531023118304
229,14.00856006060921,25.43782308307425,-3.9978456691688327,0.40006352918491433,0.13804135483240898,test,72,prediction_q50,PEKANBARU2,31.076825071340906
207,14.179882675386951,18.21247373977734,0.1616845732285109,0.6450794837235646,0.4031509236218943,test,72,prediction_q50,PESAWARAN,20.874603358715248
225,29.086368676145007,65.79822880505745,-22.340133124350054,0.5007426048316026,0.08430746527368305,test,72,prediction_q50,PONTIANAK2,9.879880580390433
216,3.9958088274453796,5.158260837594146,1.1613769944174064,0.6924469521830862,0.45168672021467704,test,72,prediction_q50,SAMARINDA2,12.836325315269448
237,10.766016714414404,13.810457423801937,2.352369052481752,0.5568767924416866,0.2724892089958829,test,72,prediction_q50,SEMARANG,24.2302609854131
166,18.77540778922201,61.30682826559683,-13.973163238567349,0.7707748572251476,0.3026529643218594,test,72,prediction_q50,SINTANG,-10.62782426475184
229,3.2946244565436094,4.599272103784497,0.028793754803761357,0.7849500462761277,0.6155431334434893,test,72,prediction_q50,SORONG,26.278190292311265
233,40.02112401065175,79.00066863899909,-33.646894819126175,0.7507467110528306,0.14967343499180674,test,72,prediction_q50,SUPADIO,-10.284932462264585
183,4.363858672456902,6.326428632932495,0.35726393142347085,0.8186019192643843,0.662021167026164,test,72,prediction_q50,TANJUNGHARAPAN2,21.24397070418017
359,8.930362116991644,12.091236265534196,6.968802228412256,0.31465521655725964,-3.445345488639374,validation,3,persistence,BANJARBARU2,0.0
355,5.064225352112676,6.779496844514992,1.9769014084507042,0.4653968934395481,-0.40673443178429136,validation,3,persistence,BATAM2,0.0
344,13.800872093023257,20.769141493381305,11.16656976744186,0.3043658671638394,-5.277225261049472,validation,3,persistence,BENGKULU,0.0
323,3.836532507739938,5.379073084145822,-1.3207430340557273,0.5883518109006073,0.25722616589562897,validation,3,persistence,INDRAPURI2,0.0
346,12.576878612716762,34.5503251952607,1.4121387283236995,0.034979640861506435,-0.1791249653280702,validation,3,persistence,JAMBI3,0.0
334,7.523053892215568,10.437167291839502,2.845808383233533,0.5977720733492616,-0.37141881160631374,validation,3,persistence,JAMBI4,0.0
356,15.508426966292134,20.790314836751172,7.9196629213483165,0.6606250701230213,-0.33080933683176883,validation,3,persistence,KEMAYORAN3,0.0
329,5.265349544072948,7.552633953479962,4.329787234042553,0.3986324082200792,-2.1251066146817856,validation,3,persistence,KOTABARU,0.0
243,2.3353909465020575,3.082507396885181,-0.29588477366255145,0.7418003239603786,0.5044970913708755,validation,3,persistence,KOTOTABANG2,0.0
346,8.56936416184971,11.244919212359221,2.701156069364162,0.541519517441166,0.10046622366613622,validation,3,persistence,MALANG,0.0
305,5.336065573770492,7.620793384108946,2.765573770491803,0.5665148025439493,-0.6675296921775438,validation,3,persistence,MAROS,0.0
352,15.414488636363636,21.114651176805687,4.077556818181818,0.3460381478995289,-0.507353994381706,validation,3,persistence,MEDAN2,0.0
346,18.44624277456647,32.68766626744039,14.255491329479767,0.28237704735231284,-0.22446180472750799,validation,3,persistence,MLATI,0.0
318,4.411320754716981,5.825167689977019,2.540251572327044,0.5089228017048278,-0.9549702651385896,validation,3,persistence,PALANGKARAYA2,0.0
360,12.4375,17.92392643616038,6.600833333333332,0.3115721360474826,-2.2449502409678397,validation,3,persistence,PALEMBANG3,0.0
335,10.733432835820896,16.83012136244498,8.805671641791044,0.45678519096011566,-4.084903612644048,validation,3,persistence,PALEMBANG4,0.0
347,4.786743515850144,6.588011992801095,3.15850144092219,0.5052111088851413,-0.9070246955406411,validation,3,persistence,PANGKALANBUN2,0.0
343,10.908454810495627,26.015547044923874,0.3387755102040814,0.2063462757317924,-0.11287338873446262,validation,3,persistence,PEKANBARU2,0.0
346,9.770231213872833,14.708077486626221,3.865606936416185,0.5065610582689064,-0.8524980683417624,validation,3,persistence,PESAWARAN,0.0
352,8.932386363636363,18.715624549363223,5.148295454545455,0.5639033379023388,-1.5858946034806145,validation,3,persistence,PONTIANAK2,0.0
338,4.153846153846154,5.552876540120669,0.0005917159763313693,0.441089955822937,-0.005954182118330875,validation,3,persistence,SAMARINDA2,0.0
341,10.826099706744868,13.437273629000979,7.650146627565982,0.6378671144315853,-0.1106423790663047,validation,3,persistence,SEMARANG,0.0
264,3.7352272727272724,5.862299295524156,1.927651515151515,0.8363838370531989,0.2991160526174911,validation,3,persistence,SINTANG,0.0
284,2.625352112676056,3.878752158859748,1.0718309859154929,0.44990252389136287,-0.732975461662553,validation,3,persistence,SORONG,0.0
344,10.206686046511628,19.421745933779462,5.640988372093023,0.35497667069820027,-1.3234427425707231,validation,3,persistence,SUPADIO,0.0
270,3.5296296296296297,6.851066421449373,-0.23481481481481467,0.4678530385207513,0.16500133170426245,validation,3,persistence,TANJUNGHARAPAN2,0.0
359,4.788022284122563,6.199239552609713,1.048746518105849,0.05262443976925374,-0.1685328942039297,validation,3,climatology,BANJARBARU2,46.384903306300686
355,5.3240845070422536,6.607615644621156,1.9235211267605634,-0.12195553708845097,-0.336308519544118,validation,3,climatology,BATAM2,-5.131271554121697
344,10.322238372093024,12.398380251018162,8.119331395348837,0.17508327319637285,-1.2369718925422588,validation,3,climatology,BENGKULU,25.205897840968937
323,4.947213622291022,6.502434052476899,-0.2930340557275539,0.08757494119351107,-0.08540950136884273,validation,3,climatology,INDRAPURI2,-28.950129115558433
346,9.458959537572253,32.26162558751702,-2.3514450867052017,-0.040758878400646466,-0.028082695469656915,validation,3,climatology,JAMBI3,24.790881514845108
334,7.98308383233533,10.597810402594552,1.4354790419161674,0.129984746986137,-0.4139599369711009,validation,3,climatology,JAMBI4,-6.1149361244876355
356,19.9936797752809,24.302303001562944,9.213904494382023,0.24240507193775793,-0.8183964284195233,validation,3,climatology,KEMAYORAN3,-28.92139105234559
329,4.165653495440729,5.373321466897932,2.327051671732522,0.02527155287608351,-0.5818074334768726,validation,3,climatology,KOTABARU,20.88552791086994
243,3.7833333333333328,4.7722351571419575,0.39197530864197533,-0.00847688746203949,-0.18763127309102012,validation,3,climatology,KOTOTABANG2,-61.999999999999986
346,10.039017341040463,12.545905303500145,4.238728323699422,0.371564155400381,-0.11971837757177384,validation,3,climatology,MALANG,-17.150084317032043
305,5.576065573770492,7.017163968722294,3.5403278688524598,0.2822129460795902,-0.4138275851240494,validation,3,climatology,MAROS,-4.497695852534567
352,13.360511363636363,17.565317632275466,1.660511363636364,0.10504339045325387,-0.04318047289082738,validation,3,climatology,MEDAN2,13.32497834460643
346,11.797398843930635,29.638194483711985,0.791907514450866,0.11040393738750656,-0.0066555655293143445,validation,3,climatology,MLATI,36.04443469541238
318,4.331603773584905,5.512905813012286,1.9073899371069178,0.12092350990413099,-0.750993111947782,validation,3,climatology,PALANGKARAYA2,1.8071000855432229
360,11.117777777777777,13.929223377090658,7.398888888888887,-0.007752201429580543,-0.9597268462846558,validation,3,climatology,PALEMBANG3,10.610831937465115
335,8.396567164179105,10.718406890422509,6.241940298507463,0.3026702081813972,-1.0623800971893447,validation,3,climatology,PALEMBANG4,21.7718385849765
347,3.8698847262247837,5.30906394219952,-1.6857348703170028,-0.003018710809688344,-0.23846422816056445,validation,3,climatology,PANGKALANBUN2,19.154124021673702
343,10.732069970845481,25.4160858478459,-0.6198250728862971,-0.022507078547823207,-0.06217767730121926,validation,3,climatology,PEKANBARU2,1.61695531323498
346,10.935982658959539,13.788046940713045,6.763728323699422,0.213347565666471,-0.6279889468664477,validation,3,climatology,PESAWARAN,-11.931666913178528
352,6.954403409090909,11.65370874686759,0.26122159090909136,0.22945251434885494,-0.002606442474032855,validation,3,climatology,PONTIANAK2,22.14394758603142
338,4.44423076923077,5.81481287889542,0.8409763313609471,0.2022071667331098,-0.10309687034393789,validation,3,climatology,SAMARINDA2,-6.990740740740753
341,9.84457478005865,12.224082643738074,2.748387096774194,0.3776885167238193,0.08085405881432217,validation,3,climatology,SEMARANG,9.066283825879683
264,4.702083333333333,6.422416500984751,-0.677840909090909,0.41354386806947235,0.15878487627029325,validation,3,climatology,SINTANG,-25.884798701957212
284,3.3269366197183095,3.989174391267404,1.9991197183098592,-0.18993629022492603,-0.8330503634745137,validation,3,climatology,SORONG,-26.723444206008583
344,7.125726744186046,12.63127607070713,0.07427325581395357,0.2017438485937211,0.01723452350562127,validation,3,climatology,SUPADIO,30.185696790179716
270,4.215,7.2179104650502195,-0.6061111111111113,0.2915540547187694,0.07318637901210379,validation,3,climatology,TANJUNGHARAPAN2,-19.41762854144806
359,6.258631858147893,8.077879588958366,-5.234422136567234,0.16039710828242695,-0.9840785184592382,validation,3,raw_cams,BANJARBARU2,29.91737875623539
355,6.44330134277567,7.799148003784143,-5.30940437822201,0.44172570240754333,-0.8617077886592985,validation,3,raw_cams,BATAM2,-27.231726370306085
344,5.948526251306628,8.808432776390777,-4.462053101170079,0.40225179680883905,-0.12908831327105408,validation,3,raw_cams,BENGKULU,56.897461180632334
323,4.7038213111338365,6.66291643660115,-1.9972766948452305,0.27228129771651505,-0.13964723069326257,validation,3,raw_cams,INDRAPURI2,-22.606059029715063
346,11.966017059573991,33.737894197135105,-10.724897518656,0.061501808583405135,-0.12432404778684703,validation,3,raw_cams,JAMBI3,4.857020346249619
334,9.370378183563677,11.687126643248858,-7.686169271023039,0.34026455713646364,-0.7195717964250188,validation,3,raw_cams,JAMBI4,-24.55551053887326
356,13.007878015031675,16.578389315267295,3.928510950247566,0.5371145679560039,0.15378956761057305,validation,3,raw_cams,KEMAYORAN3,16.123807763968912
329,3.7257936571909864,4.893165642976743,1.7583341297702464,0.2683862894080141,-0.31174011524892187,validation,3,raw_cams,KOTABARU,29.239386179308745
243,4.77056574598072,5.810772444962456,4.067236387856847,0.5367544523262082,-0.7607824064905087,validation,3,raw_cams,KOTOTABANG2,-104.27268304375596
346,9.184518394398221,11.451125552363504,0.6824328122826149,0.3233624556930291,0.06717291254649249,validation,3,raw_cams,MALANG,-7.178528312370469
305,5.5089782806111005,6.901356285796483,-4.084160032795299,0.44541062643988527,-0.36754648864439887,validation,3,raw_cams,MAROS,-3.2404531850313667
352,12.134320155055038,18.034143078106073,-6.453277125208178,0.23261354089038688,-0.09960943055667615,validation,3,raw_cams,MEDAN2,21.279774883809633
346,9.865144885578626,28.520469979702273,-2.3906945476194617,0.27281741162170997,0.06783934605493969,validation,3,raw_cams,MLATI,46.519489057247974
318,4.190691259719171,5.336941628450136,1.229447855283034,0.2392153239676756,-0.6409985523510142,validation,3,raw_cams,PALANGKARAYA2,5.001438509360123
360,9.991623850390695,13.000279465541098,-8.093737890072477,0.23294995594875895,-0.7070534229547192,validation,3,raw_cams,PALEMBANG3,19.665335876255718
335,6.687909939128224,8.726668475064546,-4.604649496272658,0.3626418593955545,-0.36711542877254066,validation,3,raw_cams,PALEMBANG4,37.69085770203423
347,4.217808443705825,5.559804768516481,-2.595291327441864,0.3061704969706056,-0.35820910742693535,validation,3,raw_cams,PANGKALANBUN2,11.885639375922874
343,10.745524189752537,25.886360366289477,-7.4327122792057425,0.11241564235376861,-0.10184833070725863,validation,3,raw_cams,PEKANBARU2,1.4936177815608298
346,8.31698212458459,11.010887887914746,-1.0435271297648159,0.32115399087428625,-0.038222954896550254,validation,3,raw_cams,PESAWARAN,14.87425484081445
352,6.386728731433888,11.09953719180114,-2.4522371698139054,0.36914049961929174,0.09048071365704635,validation,3,raw_cams,PONTIANAK2,28.499188554648914
338,4.909676196683799,6.272257289637304,0.3201815098892219,0.10630653399718243,-0.283482332726795,validation,3,raw_cams,SAMARINDA2,-18.19590843868404
341,10.554991785641718,13.796513486704532,2.687033891321221,0.2999786137196544,-0.17082131064349304,validation,3,raw_cams,SEMARANG,2.504206763717909
264,4.9715891078031715,6.548040608070684,1.4833374663361225,0.5631032407187941,0.12555425899881267,validation,3,raw_cams,SINTANG,-33.10004304431979
284,2.5401751360176195,3.2283526826763254,0.5774437861111528,0.25459029397365035,-0.20052248715170506,validation,3,raw_cams,SORONG,3.24440200791255
344,6.40914639055593,12.705112199426583,-2.570392205435267,0.23969537195223792,0.0057114306548951,validation,3,raw_cams,SUPADIO,37.20639234566831
270,4.868008772637309,7.954999519165468,-2.038363201730391,0.24268966318312685,-0.12577018404834828,validation,3,raw_cams,TANJUNGHARAPAN2,-37.91840174313468
359,4.128732964585354,5.3932553591136525,-0.28526460693064,0.3525545386237677,0.11556469172632744,validation,3,obs_lgbm,BANJARBARU2,53.76746306031996
355,3.7610623170405586,4.833461209150914,0.32619487965987864,0.5399264431622337,0.28495451829004803,validation,3,obs_lgbm,BATAM2,25.73272207423527
344,5.328366247001619,7.3830009660337454,0.7279129405203643,0.4780084627788898,0.2067748523938423,validation,3,obs_lgbm,BENGKULU,61.391090279756575
323,3.2096010105218182,4.5111635893143625,-0.5319942471937087,0.6972350557567061,0.4775811257674323,validation,3,obs_lgbm,INDRAPURI2,16.341096965901613
346,8.563799122293789,32.296128747965334,-3.5415408156538493,0.03898849357031634,-0.030282898955993565,validation,3,obs_lgbm,JAMBI3,31.908390102177332
334,5.095231101258589,6.662272312451027,-0.9106207600546832,0.6720969225277147,0.4412087806836068,validation,3,obs_lgbm,JAMBI4,32.271771886004345
356,9.955858475347442,13.882075175726948,-2.452926803014303,0.659714903865567,0.40666155264427506,validation,3,obs_lgbm,KEMAYORAN3,35.80355701460442
329,2.512935929954195,3.696672741973551,0.2695683717813181,0.5063888175093956,0.2513307855486123,validation,3,obs_lgbm,KOTABARU,52.274091037641846
243,2.2443265616054533,2.9646430707304523,0.4028820382671702,0.7450694396903464,0.5416652551357548,validation,3,obs_lgbm,KOTOTABANG2,3.899320798215822
346,6.961234427349929,9.339122606179918,-0.5613492495852922,0.6179069146470978,0.379535483569558,validation,3,obs_lgbm,MALANG,18.766033326709085
305,3.483676008442433,4.394096161136333,0.6203489454188759,0.6766678665373939,0.4456139224493735,validation,3,obs_lgbm,MAROS,34.714520271892965
352,10.709227922023215,16.072874741081165,-4.513631106013307,0.4446378350867135,0.1265570287740273,validation,3,obs_lgbm,MEDAN2,30.524922528019836
346,8.49245694719039,28.012186532656564,-2.0850531718068925,0.3447566543613538,0.10076866679379448,validation,3,obs_lgbm,MLATI,53.96104750990418
318,2.6392305732985464,3.367426014803259,0.25689457773027263,0.5990543100954193,0.3466898318465226,validation,3,obs_lgbm,PALANGKARAYA2,40.1714198525137
360,6.891581143119139,9.25040866848212,-0.4970665635718905,0.3840071757564722,0.13570186633610504,validation,3,obs_lgbm,PALEMBANG3,44.590302366881296
335,4.8528790822102765,6.257783378124519,1.2594144899217368,0.5732306560753462,0.29700978452472737,validation,3,obs_lgbm,PALEMBANG4,54.78725998997574
347,2.674229194971515,3.7144257516973753,-0.736997527280248,0.6466862758608454,0.3937790816913209,validation,3,obs_lgbm,PANGKALANBUN2,44.13259899728382
343,8.10401187305314,24.048846136966173,-3.59644481845742,0.2664967069662891,0.04902670769474882,validation,3,obs_lgbm,PEKANBARU2,25.708892654018946
346,5.926225306929381,8.266642219784293,-1.1769910820321634,0.6562413237257877,0.4148001192592735,validation,3,obs_lgbm,PESAWARAN,39.34406282509789
352,4.650906514903028,9.083677374953327,-1.0834606170684251,0.6375421445143535,0.3908481420498826,validation,3,obs_lgbm,PONTIANAK2,47.93209422918816
338,3.6727145651690285,4.931030424744469,-1.0092247188726033,0.49001687252327675,0.20673639471783867,validation,3,obs_lgbm,SAMARINDA2,11.582797505190056
341,7.262407334604946,9.504211380732555,-1.108845087689702,0.6731615900743972,0.44437203924256774,validation,3,obs_lgbm,SEMARANG,32.9176016171334
264,2.5505906729626977,3.563327935249009,-0.10863269937570552,0.8662089468239639,0.7410465366013912,validation,3,obs_lgbm,SINTANG,31.715248183535927
284,1.8382885072137505,2.5017753723361524,0.27362206159645164,0.5433552319888449,0.27905027812989847,validation,3,obs_lgbm,SORONG,29.979354070720866
344,5.22377378356682,11.811161546068352,-0.47340175887737346,0.42193504150749095,0.14070822177291553,validation,3,obs_lgbm,SUPADIO,48.82007970302794
270,3.0247506081235858,6.4213712209825955,-0.850181704734579,0.5326415603638605,0.266458006210913,validation,3,obs_lgbm,TANJUNGHARAPAN2,14.30402264497711
359,4.015143374199711,5.313516570537126,-0.11795422996421345,0.38622720266925387,0.14152395062253764,validation,3,cams_lgbm,BANJARBARU2,55.03941137437005
355,3.689553822043788,4.697639045802658,0.7682425503662279,0.5871140539367707,0.3245760146307711,validation,3,cams_lgbm,BATAM2,27.144754320528165
344,5.226512732702427,7.283764728627747,0.5651267863477842,0.4946871187495873,0.22795530650400475,validation,3,cams_lgbm,BENGKULU,62.129112584525856
323,3.165565364200857,4.515272540867559,-0.47511295155792616,0.6950154435300026,0.4766290115712899,validation,3,cams_lgbm,INDRAPURI2,17.48889504221459
346,8.465687302289936,32.30242464963802,-3.648504394015565,0.046447044146406415,-0.030684630824971526,validation,3,cams_lgbm,JAMBI3,32.688486841798
334,5.138168629955238,6.724585803422617,-1.074287714661863,0.668374545487038,0.4307069368502,validation,3,cams_lgbm,JAMBI4,31.70102589226531
356,9.737042506183029,13.506991319699775,-1.9609271548932459,0.6759351211564997,0.4382915612074014,validation,3,cams_lgbm,KEMAYORAN3,37.214505846745915
329,2.4486398673355745,3.623262864477985,0.34320000138946916,0.5377251762270587,0.2807702377616865,validation,3,cams_lgbm,KOTABARU,53.49520773807054
243,2.267539885530134,2.9719996575605467,0.6632098207188086,0.7605010631371072,0.5393877716727966,validation,3,cams_lgbm,KOTOTABANG2,2.905340584348448
346,6.892290195733329,9.178747410298831,0.01855059373821658,0.6330591666373288,0.40066224980888854,validation,3,cams_lgbm,MALANG,19.570576468002297
305,3.4181865314686086,4.292183374191151,0.6062753779774118,0.6944293776460739,0.4710315891759459,validation,3,cams_lgbm,MAROS,35.94181922593391
352,10.532751315960494,15.716098445870964,-3.4677618627208093,0.4551023699253331,0.16490301619168424,validation,3,cams_lgbm,MEDAN2,31.669797393647247
346,8.156259125873866,27.587605027339738,-0.6670621225767698,0.3768685702430945,0.1278214310409339,validation,3,cams_lgbm,MLATI,55.783629080716366
318,2.6454118253621166,3.3628868302370587,0.35656261271003414,0.6066176913340644,0.34844992796849694,validation,3,cams_lgbm,PALANGKARAYA2,40.031297372030714
360,6.8359102120766595,9.174513206372996,-0.39435819748937856,0.40470535979990874,0.14982604493871976,validation,3,cams_lgbm,PALEMBANG3,45.03790784259972
335,4.77482874427206,6.193656672227939,1.3148784738398038,0.5930952407933959,0.3113437628336294,validation,3,cams_lgbm,PALEMBANG4,55.514430310339016
347,2.6488286575312916,3.6669605422775966,-0.8501624590813579,0.6645042954622229,0.40917341517564776,validation,3,cams_lgbm,PANGKALANBUN2,44.66324237427103
343,8.190655340201126,24.088332220251132,-3.271344694274611,0.2520741827338485,0.04590131552633425,validation,3,cams_lgbm,PEKANBARU2,24.914614558237492
346,5.838581238942376,8.018472062423037,-0.1188606308267761,0.6766664880018374,0.4494089010059825,validation,3,cams_lgbm,PESAWARAN,40.241114963050975
352,4.632285085710083,8.868984535337084,-0.9180579826500946,0.6558655878762492,0.4193024864416367,validation,3,cams_lgbm,PONTIANAK2,48.14056516220503
338,3.650739983828472,4.877864008231683,-0.8295743166646709,0.4962243775203401,0.2237501277903272,validation,3,cams_lgbm,SAMARINDA2,12.111815204129384
341,7.1443923273467895,9.384419833817997,-0.0541775594111961,0.6769856377447173,0.45829009524279396,validation,3,cams_lgbm,SEMARANG,34.00769879390917
264,2.45549294168258,3.3612531853077807,0.09694666139338558,0.8773720220195401,0.7695840215958283,validation,3,cams_lgbm,SINTANG,34.261217259486756
284,1.7919072695022658,2.460316717435105,0.24916995513910578,0.5625892375067532,0.3027470059449,validation,3,cams_lgbm,SORONG,31.746021386984502
344,5.245983980591178,11.83433745622363,-0.5449933040381488,0.4125455609497622,0.137332701509152,validation,3,cams_lgbm,SUPADIO,48.60247531191464
270,2.978932578483086,6.425210344202443,-0.7441051801907903,0.5264919179148725,0.26558062353125,validation,3,cams_lgbm,TANJUNGHARAPAN2,15.60212002199023
359,3.994531294628771,5.296685708808429,-0.11306276029198944,0.39323081031979923,0.14695387924159786,validation,3,cams_xgboost,BANJARBARU2,55.27022037518001
355,3.7136265537100774,4.705184140673742,0.8975514076125454,0.5910998230486221,0.3224046129673641,validation,3,cams_xgboost,BATAM2,26.669405575309966
344,5.311478205891543,7.261677887818846,1.0783898090207302,0.5066545303502014,0.2326304093156355,validation,3,cams_xgboost,BENGKULU,61.5134596560992
323,3.133999627588703,4.458216470641803,-0.18156814368516663,0.7017147949817544,0.4897723260017217,validation,3,cams_xgboost,INDRAPURI2,18.311662386124027
346,8.479876626847107,32.258625864175634,-3.3854925690358773,0.051716126100364405,-0.02789151971660342,validation,3,cams_xgboost,JAMBI3,32.575666125353905
334,5.2527244782019515,6.813496810930962,-0.7364618515540027,0.6521746070285743,0.41555327804185427,validation,3,cams_xgboost,JAMBI4,30.17829523144617
356,9.932114903310712,13.646440005835705,-1.7385809239376795,0.6638947082352613,0.42663332495219164,validation,3,cams_xgboost,KEMAYORAN3,35.956658113048114
329,2.473857280476115,3.6080047269496194,0.4523356773933016,0.551281706717961,0.28681506541019175,validation,3,cams_xgboost,KOTABARU,53.01627632184716
243,2.325866138591688,3.0281168206234255,0.8068307682319924,0.756568972291296,0.5218290319082705,validation,3,cams_xgboost,KOTOTABANG2,0.40784640039115416
346,6.910040844658206,9.220776442057627,0.23287163965963917,0.6290076097991748,0.3951610076147215,validation,3,cams_xgboost,MALANG,19.363435674477593
305,3.4419601840660228,4.326217325114695,0.8975647735595702,0.6980875003986223,0.4626096470672233,validation,3,cams_xgboost,MAROS,35.496291481404796
352,10.596358299797231,15.583409458034923,-2.80482454679229,0.4568752077825969,0.17894472054509647,validation,3,cams_xgboost,MEDAN2,31.257153255153515
346,8.157353734143207,27.449661535721088,-0.3816971817457609,0.38576783366214273,0.13652175618228635,validation,3,cams_xgboost,MLATI,55.77769503613765
318,2.6555377187968796,3.377505915395449,0.3511737120226495,0.6033031300801955,0.34277279990958487,validation,3,cams_xgboost,PALANGKARAYA2,39.80175402214088
360,6.884621201886071,9.140271974461394,0.18575565364625715,0.4081629980864394,0.15616026206450817,validation,3,cams_xgboost,PALEMBANG3,44.64626169337833
335,4.818466769545825,6.2149576860002735,1.725086601598939,0.6078408426739766,0.30659881119552335,validation,3,cams_xgboost,PALEMBANG4,55.107868626474634
347,2.6328233993706167,3.6154924914411755,-0.6043766700568733,0.6645993666222213,0.42564225359644337,validation,3,cams_xgboost,PANGKALANBUN2,44.99760869466562
343,8.119410015751251,24.096835799716455,-3.1331881228410814,0.24798029941028865,0.045227571411268874,validation,3,cams_xgboost,PEKANBARU2,25.567734781839878
346,5.779209033326607,7.874567183220676,0.13709962933049724,0.6892703530231572,0.46899411948018754,validation,3,cams_xgboost,PESAWARAN,40.84879971805928
352,4.721509914777496,9.036879952270807,-0.6818372864614832,0.6375148940073971,0.39710844943141854,validation,3,cams_xgboost,PONTIANAK2,47.14167387565426
338,3.671999864465386,4.877037470911971,-0.8057682737090883,0.4951967618114212,0.22401317125742826,validation,3,cams_xgboost,SAMARINDA2,11.60000326287035
341,7.006303308995937,9.119268957532869,0.3838798931267255,0.6999558455428707,0.48846898796447347,validation,3,cams_xgboost,SEMARANG,35.283218344729676
264,2.5815101908011875,3.482013615420348,0.34442479474978016,0.8697846832851177,0.7527302050523821,validation,3,cams_xgboost,SINTANG,30.887466750683135
284,1.8434314250946042,2.490721843046254,0.3661727495596443,0.5599840536249285,0.28540691130825013,validation,3,cams_xgboost,SORONG,29.783459666460878
344,5.207417525247086,11.761122841105461,-0.4330087068469025,0.4113450603005589,0.14797368268469502,validation,3,cams_xgboost,SUPADIO,48.98033013343404
270,3.00641888777415,6.389099702228043,-0.556641111197295,0.53185004005993,0.27381251931896955,validation,3,cams_xgboost,TANJUNGHARAPAN2,14.823389328539305
359,4.015143374199711,5.313516570537126,-0.11795422996421345,0.38622720266925387,0.14152395062253764,validation,3,champion,BANJARBARU2,55.03941137437005
355,3.689553822043788,4.697639045802658,0.7682425503662279,0.5871140539367707,0.3245760146307711,validation,3,champion,BATAM2,27.144754320528165
344,5.226512732702427,7.283764728627747,0.5651267863477842,0.4946871187495873,0.22795530650400475,validation,3,champion,BENGKULU,62.129112584525856
323,3.165565364200857,4.515272540867559,-0.47511295155792616,0.6950154435300026,0.4766290115712899,validation,3,champion,INDRAPURI2,17.48889504221459
346,8.465687302289936,32.30242464963802,-3.648504394015565,0.046447044146406415,-0.030684630824971526,validation,3,champion,JAMBI3,32.688486841798
334,5.138168629955238,6.724585803422617,-1.074287714661863,0.668374545487038,0.4307069368502,validation,3,champion,JAMBI4,31.70102589226531
356,9.737042506183029,13.506991319699775,-1.9609271548932459,0.6759351211564997,0.4382915612074014,validation,3,champion,KEMAYORAN3,37.214505846745915
329,2.4486398673355745,3.623262864477985,0.34320000138946916,0.5377251762270587,0.2807702377616865,validation,3,champion,KOTABARU,53.49520773807054
243,2.267539885530134,2.9719996575605467,0.6632098207188086,0.7605010631371072,0.5393877716727966,validation,3,champion,KOTOTABANG2,2.905340584348448
346,6.892290195733329,9.178747410298831,0.01855059373821658,0.6330591666373288,0.40066224980888854,validation,3,champion,MALANG,19.570576468002297
305,3.4181865314686086,4.292183374191151,0.6062753779774118,0.6944293776460739,0.4710315891759459,validation,3,champion,MAROS,35.94181922593391
352,10.532751315960494,15.716098445870964,-3.4677618627208093,0.4551023699253331,0.16490301619168424,validation,3,champion,MEDAN2,31.669797393647247
346,8.156259125873866,27.587605027339738,-0.6670621225767698,0.3768685702430945,0.1278214310409339,validation,3,champion,MLATI,55.783629080716366
318,2.6454118253621166,3.3628868302370587,0.35656261271003414,0.6066176913340644,0.34844992796849694,validation,3,champion,PALANGKARAYA2,40.031297372030714
360,6.8359102120766595,9.174513206372996,-0.39435819748937856,0.40470535979990874,0.14982604493871976,validation,3,champion,PALEMBANG3,45.03790784259972
335,4.77482874427206,6.193656672227939,1.3148784738398038,0.5930952407933959,0.3113437628336294,validation,3,champion,PALEMBANG4,55.514430310339016
347,2.6488286575312916,3.6669605422775966,-0.8501624590813579,0.6645042954622229,0.40917341517564776,validation,3,champion,PANGKALANBUN2,44.66324237427103
343,8.190655340201126,24.088332220251132,-3.271344694274611,0.2520741827338485,0.04590131552633425,validation,3,champion,PEKANBARU2,24.914614558237492
346,5.838581238942376,8.018472062423037,-0.1188606308267761,0.6766664880018374,0.4494089010059825,validation,3,champion,PESAWARAN,40.241114963050975
352,4.632285085710083,8.868984535337084,-0.9180579826500946,0.6558655878762492,0.4193024864416367,validation,3,champion,PONTIANAK2,48.14056516220503
338,3.650739983828472,4.877864008231683,-0.8295743166646709,0.4962243775203401,0.2237501277903272,validation,3,champion,SAMARINDA2,12.111815204129384
341,7.1443923273467895,9.384419833817997,-0.0541775594111961,0.6769856377447173,0.45829009524279396,validation,3,champion,SEMARANG,34.00769879390917
264,2.45549294168258,3.3612531853077807,0.09694666139338558,0.8773720220195401,0.7695840215958283,validation,3,champion,SINTANG,34.261217259486756
284,1.7919072695022658,2.460316717435105,0.24916995513910578,0.5625892375067532,0.3027470059449,validation,3,champion,SORONG,31.746021386984502
344,5.245983980591178,11.83433745622363,-0.5449933040381488,0.4125455609497622,0.137332701509152,validation,3,champion,SUPADIO,48.60247531191464
270,2.978932578483086,6.425210344202443,-0.7441051801907903,0.5264919179148725,0.26558062353125,validation,3,champion,TANJUNGHARAPAN2,15.60212002199023
359,4.031373968823585,5.336344950276392,-0.13753902934939521,0.37752378747640625,0.1341315898525146,validation,3,prediction_q50,BANJARBARU2,54.857665165075886
355,3.674182614477282,4.701852615556599,0.7047660641305649,0.5839032948314764,0.3233638217012881,validation,3,prediction_q50,BATAM2,27.44827966740265
344,5.176693197321911,7.230657817862581,0.577919420629107,0.5023742081546227,0.23917242803099392,validation,3,prediction_q50,BENGKULU,62.49010089776225
323,3.174747942324,4.524479827842392,-0.48227459829696284,0.6935885596480773,0.4744923786305447,validation,3,prediction_q50,INDRAPURI2,17.24954927609328
346,8.539712657870968,32.30785846732957,-3.5911047161641463,0.04589224253036157,-0.03103141738952564,validation,3,prediction_q50,JAMBI3,32.09990395203246
334,5.20661079552408,6.800748642905179,-1.0971837397010769,0.6588136889456008,0.41773825151358246,validation,3,prediction_q50,JAMBI4,30.791260170134006
356,9.663700954586965,13.459595645981775,-1.8559557484619262,0.6773929086122322,0.4422266849296982,validation,3,prediction_q50,KEMAYORAN3,37.687420035628335
329,2.4573986006144164,3.633331841875254,0.33709574111041235,0.5341508205225874,0.27676723215481724,validation,3,prediction_q50,KOTABARU,53.32886107474785
243,2.2658657520144585,2.961630869183421,0.6518436583086499,0.7632972778474443,0.5425961565782647,validation,3,prediction_q50,KOTOTABANG2,2.977025948984413
346,6.870540576143688,9.158574412379274,-0.03367066740633777,0.6351270845677343,0.40329379690333,validation,3,prediction_q50,MALANG,19.824383158660495
305,3.395185277704389,4.2724046401514615,0.569031132796206,0.6968004875564591,0.47589541673167524,validation,3,prediction_q50,MAROS,36.372871907844015
352,10.542100432639815,15.739582192761883,-3.7335832170410552,0.4588162283195805,0.16240546779995968,validation,3,prediction_q50,MEDAN2,31.609145905947123
346,8.132827300695462,27.551838466010008,-0.6816321077070191,0.3820436702578647,0.13008147547997584,validation,3,prediction_q50,MLATI,55.91065671157198
318,2.644103350758088,3.367951044015603,0.31014068723997007,0.6028162477403685,0.3464860954251121,validation,3,prediction_q50,PALANGKARAYA2,40.06095911455147
360,6.828361334860481,9.203939640065713,-0.4040853718448615,0.39963498036043144,0.14436358436043673,validation,3,prediction_q50,PALEMBANG3,45.09860233278006
335,4.774767340645596,6.172450161632858,1.3333718309188505,0.5969152291955734,0.316051480807808,validation,3,prediction_q50,PALEMBANG4,55.51500238851199
347,2.64945541440744,3.668090313931331,-0.8164801627929147,0.6619185341511258,0.40880929783834263,validation,3,prediction_q50,PANGKALANBUN2,44.6501487778819
343,8.196992226202823,24.025488297443374,-3.1813617077454164,0.2598567916979105,0.050873107659930916,validation,3,prediction_q50,PEKANBARU2,24.856523049295266
346,5.839166435696189,8.01440752428642,-0.2008803906784588,0.6774338163196566,0.44996694530925696,validation,3,prediction_q50,PESAWARAN,40.235125373439395
352,4.6254201867698415,8.879198132627218,-0.9122640638873285,0.6550637066898892,0.41796424402435106,validation,3,prediction_q50,PONTIANAK2,48.217419192704526
338,3.619474762804048,4.846424710782658,-0.8346305868276768,0.5064095826582541,0.23372420768067004,validation,3,prediction_q50,SAMARINDA2,12.864496451013673
341,7.183208289237464,9.381502015883848,0.02117331012144076,0.6772284826526428,0.45862690139175943,validation,3,prediction_q50,SEMARANG,33.6491582027257
264,2.480440382234489,3.3593383349370076,0.13056131398539278,0.8776074577131079,0.7698464751640282,validation,3,prediction_q50,SINTANG,33.593321071909024
284,1.8125879266631626,2.4817647605915245,0.2892881307658879,0.5537114336355021,0.2905372796451259,validation,3,prediction_q50,SORONG,30.958292492980387
344,5.265925352350581,11.828122624955114,-0.5322350859766038,0.41305280402058875,0.13823852728310582,validation,3,prediction_q50,SUPADIO,48.40709973488081
270,2.980545541416112,6.444421256223384,-0.8521384481588162,0.5263011553707045,0.2611823369342535,validation,3,prediction_q50,TANJUNGHARAPAN2,15.556422226406053
358,11.186592178770951,14.897564571687472,10.084357541899442,0.1605016502962775,-4.603852114567372,validation,6,persistence,BANJARBARU2,0.0
352,5.592329545454546,7.61784873295485,2.2758522727272728,0.3477066486270958,-0.6214650860254303,validation,6,persistence,BATAM2,0.0
309,18.798381877022656,25.76562585554939,18.47087378640777,0.24422401333252872,-32.86801488123741,validation,6,persistence,BENGKULU,0.0
317,3.6476340694006315,4.9420394518070845,0.5889589905362775,0.5641999406129756,0.1754218421239413,validation,6,persistence,INDRAPURI2,0.0
347,11.649567723342939,16.155563990112405,6.371181556195966,0.2628455483856973,-2.450718617110166,validation,6,persistence,JAMBI3,0.0
332,8.498493975903614,12.025789306059497,5.596686746987952,0.5167308645120873,-1.7298273069634846,validation,6,persistence,JAMBI4,0.0
352,18.80028409090909,25.974288532560948,14.767329545454546,0.5554387354014585,-1.8004634473311736,validation,6,persistence,KEMAYORAN3,0.0
324,5.795061728395062,8.087095344504794,5.3049382716049385,0.3725383754775996,-5.783743572198749,validation,6,persistence,KOTABARU,0.0
228,3.8192982456140343,13.278071884970954,-0.24385964912280705,0.21072632998621765,0.03398116383277716,validation,6,persistence,KOTOTABANG2,0.0
349,9.391977077363897,12.095996164399569,3.2034383954154735,0.43942866852107426,-0.1780047250317629,validation,6,persistence,MALANG,0.0
306,6.09640522875817,8.46607416484795,3.7094771241830062,0.47506213039228257,-1.514440655275322,validation,6,persistence,MAROS,0.0
349,16.573638968481376,22.49758471595509,11.540401146131803,0.26503641604306655,-3.081614027477305,validation,6,persistence,MEDAN2,0.0
341,20.18973607038123,24.170237508797292,18.737536656891496,0.42818157214380853,-3.914807180617939,validation,6,persistence,MLATI,0.0
316,4.733227848101266,6.767277466145265,2.546518987341772,0.38410797304102484,-0.6458883337521828,validation,6,persistence,PALANGKARAYA2,0.0
356,13.931741573033708,20.194774187754167,11.312078651685395,0.2240815958552027,-7.128777856904232,validation,6,persistence,PALEMBANG3,0.0
333,12.872372372372372,18.98233492063184,11.04834834834835,0.3331821243989041,-6.996264325283967,validation,6,persistence,PALEMBANG4,0.0
337,5.835905044510385,7.612637860352898,5.216320474777448,0.5403713563434382,-2.069063615427795,validation,6,persistence,PANGKALANBUN2,0.0
341,12.021407624633431,18.311455799300504,6.414956011730205,0.19202752019320718,-1.3504295963291408,validation,6,persistence,PEKANBARU2,0.0
344,10.613372093023257,16.058738474592232,7.445348837209303,0.4867459790192176,-1.740340985376036,validation,6,persistence,PESAWARAN,0.0
350,9.909714285714285,20.725117955893865,7.620571428571429,0.49545737112241495,-6.960908963395324,validation,6,persistence,PONTIANAK2,0.0
337,4.341839762611276,5.722121164668343,0.44272997032640937,0.35633590818160205,-0.23197569237682392,validation,6,persistence,SAMARINDA2,0.0
334,13.967365269461078,16.757646391270175,12.702095808383234,0.6049173427402175,-1.1454802825162562,validation,6,persistence,SEMARANG,0.0
243,4.702057613168724,9.27074694785665,3.1176954732510285,0.7010219766438465,-1.2019579220331185,validation,6,persistence,SINTANG,0.0
264,4.536363636363637,13.699242403295242,-0.3871212121212122,0.1509535050660844,0.0014761771821076852,validation,6,persistence,SORONG,0.0
338,11.16834319526627,19.688310141122265,8.30680473372781,0.34242173790363073,-4.766792389271091,validation,6,persistence,SUPADIO,0.0
265,3.2875471698113206,4.367245148681174,1.0550943396226415,0.63678460445294,0.170765509419197,validation,6,persistence,TANJUNGHARAPAN2,0.0
358,4.290083798882681,6.901821980321189,1.7188547486033516,0.09371829735119845,-0.2027728584123467,validation,6,climatology,BANJARBARU2,61.649770275669205
352,5.1950284090909085,6.607977165207904,1.096164772727272,-0.04067397870306431,-0.22005660247994774,validation,6,climatology,BATAM2,7.104394208788434
309,7.317961165048544,8.792317457776258,6.457119741100324,0.17729811963634515,-2.943801707221936,validation,6,climatology,BENGKULU,61.07132404841015
317,3.9492113564668774,5.144356192072515,0.35993690851735005,0.3629408968315057,0.10652691751369436,validation,6,climatology,INDRAPURI2,-8.267750583758527
347,7.250432276657061,9.807853554905215,-0.5317002881844377,0.03764021859622501,-0.27178367071473586,validation,6,climatology,JAMBI3,37.762220463091225
332,6.373042168674698,8.520649527676513,1.2308734939759034,0.2052460714721174,-0.3704190810502752,validation,6,climatology,JAMBI4,25.00974658869396
352,17.024857954545453,21.170193219852983,10.344744318181819,0.30379061744016816,-0.8603396013618383,validation,6,climatology,KEMAYORAN3,9.443613339982182
324,3.6601851851851857,4.489767172054611,2.444444444444445,0.06039353298096559,-1.0908936166008156,validation,6,climatology,KOTABARU,36.839582445675326
228,4.666228070175439,13.586730820398444,-0.046052631578947116,0.055571248019291586,-0.011452532722313613,validation,6,climatology,KOTOTABANG2,-22.175011483693186
349,9.779226361031519,11.781712980080005,2.8634670487106013,0.17660940734179065,-0.1175851656152016,validation,6,climatology,MALANG,-4.123192385136365
306,5.172222222222222,6.632614011643598,3.0879084967320263,0.2192636897486395,-0.5432870102837188,validation,6,climatology,MAROS,15.159474671669804
349,9.153438395415474,11.595256724627905,3.1127507163323793,0.14341632009378816,-0.08422865059326168,validation,6,climatology,MEDAN2,44.771100584350464
341,8.612463343108503,11.474534152530781,2.3655425219941346,0.2447156842385033,-0.10768117230763341,validation,6,climatology,MLATI,57.342367859165975
316,4.7550632911392405,6.381461728904151,1.671518987341772,0.14076757729215716,-0.4635674364228406,validation,6,climatology,PALANGKARAYA2,-0.46132245771211
356,9.542977528089889,11.907236846802146,7.500561797752811,-0.027181617669796383,-1.8259809966190756,validation,6,climatology,PALEMBANG3,31.50190535717885
333,7.361561561561562,10.143122198215297,4.972372372372372,0.24544395169704405,-1.283132906703421,validation,6,climatology,PALEMBANG4,42.81115128893036
337,3.918842729970326,5.019618041434937,-0.7698813056379823,-0.017923710159014974,-0.3343719150023807,validation,6,climatology,PANGKALANBUN2,32.849443229775765
341,8.56217008797654,12.672796852260003,1.2958944281524933,0.007842337701623037,-0.12576164291122316,validation,6,climatology,PEKANBARU2,28.77564462225258
344,10.176162790697676,12.666128609543184,7.069767441860465,0.2646846562050367,-0.7047847125728934,validation,6,climatology,PESAWARAN,4.119419337167896
350,5.414285714285715,7.537750706562648,0.6431428571428569,0.22686120448625838,-0.053057718691813305,validation,6,climatology,PONTIANAK2,45.363856533271814
337,4.029821958456973,5.020924318181073,0.5173590504451039,0.3021495281915928,0.051460567373918464,validation,6,climatology,SAMARINDA2,7.186303991252041
334,7.749700598802396,9.878564315432266,2.2844311377245514,0.5427821918216293,0.2544339100858324,validation,6,climatology,SEMARANG,44.51565882832094
243,4.441563786008231,6.00668009480419,-1.0604938271604938,0.3510538515117,0.07562419921962649,validation,6,climatology,SINTANG,5.539996499212297
264,4.808333333333334,13.891049958134698,0.2378787878787875,-0.055716730957153224,-0.026680885094604534,validation,6,climatology,SORONG,-5.995323981295919
338,6.070562130177515,9.055356958451192,0.38949704142011804,0.020403814071887433,-0.21991222090625628,validation,6,climatology,SUPADIO,45.64491774616546
265,3.2399999999999998,4.310461166940042,-0.03886792452830193,0.441589476758462,0.19218913678204474,validation,6,climatology,TANJUNGHARAPAN2,1.446280991735538
358,4.429388323984646,7.204141539442236,-2.9635885549523224,0.16609703788092092,-0.3104503958275471,validation,6,raw_cams,BANJARBARU2,60.40448911340135
352,6.813189803560164,9.555931434229919,-2.1253797256758618,0.21044789567656783,-1.5514611639692957,validation,6,raw_cams,BATAM2,-21.83097845329831
309,2.9228372854134834,3.83050428908826,1.0895184096425363,0.5796180165551009,0.2514509635073465,validation,6,raw_cams,BENGKULU,84.45165491086188
317,3.2523933523372763,4.352138786785243,-1.05107818610194,0.6307340370766813,0.3605230672801021,validation,6,raw_cams,INDRAPURI2,10.835536392725375
347,7.955463228007127,10.661290471278049,-6.038381981237959,0.3082119670631614,-0.5027434766428818,validation,6,raw_cams,JAMBI3,31.710228079396565
332,6.299638203349291,8.079460467279375,-5.130185427650036,0.5472543279406232,-0.23217590800065557,validation,6,raw_cams,JAMBI4,25.873475686267422
352,12.342605062648909,15.520205704542628,8.136563343724925,0.603310140984304,0.00014382389760014824,validation,6,raw_cams,KEMAYORAN3,34.348837480508095
324,3.604252763905682,4.589875748212512,2.66491966104248,0.24403994994550868,-1.1851746534456296,validation,6,raw_cams,KOTABARU,37.80475631095862
228,4.638404063989198,13.598137946199959,1.7990711043997085,0.1430736408100766,-0.013151633096836202,validation,6,raw_cams,KOTOTABANG2,-21.446500527048396
349,8.927190715568958,11.090148315315005,2.009442661751587,0.330614057482744,0.009764572207975442,validation,6,raw_cams,MALANG,4.9487595419621
306,4.5299276078584905,5.695862020678818,-2.015763393645635,0.5024072025007139,-0.1381412740849819,validation,6,raw_cams,MAROS,25.69510329645145
349,8.239619369320497,11.420167975412623,-3.8214432619522025,0.30863674742713837,-0.05173209167779258,validation,6,raw_cams,MEDAN2,50.284790292644566
341,7.7787284284493134,10.764907836203552,0.6831249477927468,0.34291679865514857,0.02508830546673302,validation,6,raw_cams,MLATI,61.47186668843645
316,4.129101290971573,5.7255757703827275,1.0335829292233594,0.2828999522805936,-0.1781775221052826,validation,6,raw_cams,PALANGKARAYA2,12.763521565352864
356,6.245842314596654,8.244945320094601,-4.275398689029743,0.381268547231032,-0.35494857372290745,validation,6,raw_cams,PALEMBANG3,55.16825888669861
333,5.26466578684719,7.060032387542918,-3.194528963511965,0.4596308650911738,-0.10611750411103738,validation,6,raw_cams,PALEMBANG4,59.10104497795137
337,3.381305249779122,4.299919387553469,-0.7294288574284639,0.4131888497952439,0.02083433337157925,validation,6,raw_cams,PANGKALANBUN2,42.06031071462021
341,7.286259209097479,12.49877253827233,-3.3142848917318615,0.2035212758499568,-0.09505575040959768,validation,6,raw_cams,PEKANBARU2,39.389300848870775
344,5.97702915202702,7.882789619210405,-0.2179032608536745,0.6121143222187163,0.339699498198724,validation,6,raw_cams,PESAWARAN,43.68397621754876
350,4.481814613533625,6.7807693989311435,-0.5662584788326519,0.5035335565488217,0.1478293236707009,validation,6,raw_cams,PONTIANAK2,54.77352339012891
337,4.314620778295332,5.472582382876694,0.2392820692464077,0.21577642532923644,-0.12686698683385234,validation,6,raw_cams,SAMARINDA2,0.6268997891247352
334,12.913437621398984,16.067102718105705,10.121691916586574,0.3549719991141726,-0.9723029485301995,validation,6,raw_cams,SEMARANG,7.545643918731426
243,5.035902703693938,7.410075240759618,2.0187910571181535,0.5064344896420844,-0.4067755042685752,validation,6,raw_cams,SINTANG,-7.099978732507184
264,4.088890493477742,13.826161216944834,-1.2865879685878479,0.05060556681803479,-0.017111496083370037,validation,6,raw_cams,SORONG,9.864137418326335
338,5.0345691534091905,7.966410928902354,-0.654298712228454,0.3517485330095206,0.05584598981793132,validation,6,raw_cams,SUPADIO,54.921074098590516
265,3.917749516767845,5.086326297225314,-0.9241577340172658,0.3243183109695419,-0.12478793808467215,validation,6,raw_cams,TANJUNGHARAPAN2,-19.16937809268584
358,3.1599677505146895,6.093595209826596,-0.04866664964722046,0.2641339140953042,0.06243083629221957,validation,6,obs_lgbm,BANJARBARU2,71.75218600968192
352,3.9667208086071537,5.312138205567744,-0.919539669972083,0.4850140699170238,0.21153640936525853,validation,6,obs_lgbm,BATAM2,29.06854332589698
309,3.202198678405984,4.07382214452805,1.6255270021141255,0.5712754408358393,0.15333330010616886,validation,6,obs_lgbm,BENGKULU,82.96556214596296
317,2.7962764728435463,3.901179140447565,-0.22840363950848047,0.7005552773541184,0.486179772122061,validation,6,obs_lgbm,INDRAPURI2,23.33999464746138
347,6.0149987105297305,8.639294324681016,-2.287258013302341,0.3377617405238097,0.013216590936126038,validation,6,obs_lgbm,JAMBI3,48.36719393049138
332,4.437586418265793,5.850540641459052,-1.1429021829300539,0.6164910042771483,0.3538996242701451,validation,6,obs_lgbm,JAMBI4,47.78384934027137
352,9.007821849115794,12.415730432130626,-1.1762704316534038,0.6112880505684235,0.36013679530717846,validation,6,obs_lgbm,KEMAYORAN3,52.08677802123458
324,2.193254643743838,2.7077689190703156,0.5308905324862521,0.5250446549094779,0.2394855079279926,validation,6,obs_lgbm,KOTABARU,62.15304087276292
228,3.3333195496454047,13.071914023273694,-0.6857241420348539,0.26087503696651104,0.06374547608346959,validation,6,obs_lgbm,KOTOTABANG2,12.724292912361923
349,7.822292687963516,10.20817376574978,-1.9923964690228932,0.44663826422892994,0.16100405903307102,validation,6,obs_lgbm,MALANG,16.713034715380225
306,3.3579648859277555,4.344327616101455,0.8519866396314596,0.6055666451992531,0.3379018251681083,validation,6,obs_lgbm,MAROS,44.91893566904888
349,7.8608664733733775,10.483898513055072,-1.0037275211447645,0.3636662456801021,0.11364896015121428,validation,6,obs_lgbm,MEDAN2,52.57006328952476
341,6.356775202001997,9.055280038143028,-0.4328601198695583,0.5583958363010291,0.31015992669226,validation,6,obs_lgbm,MLATI,68.51481772796663
316,2.747724871093256,4.486650945779661,-0.42280391529270217,0.5324609280708316,0.27653593052717074,validation,6,obs_lgbm,PALANGKARAYA2,41.94818083402628
356,5.237068397773957,6.905908194984459,0.22808063413131582,0.3101281358911921,0.04941960310491933,validation,6,obs_lgbm,PALEMBANG3,62.409090275469715
333,4.329366062440855,5.932816278193151,-0.1845736968271449,0.4776423495467705,0.21889453249725044,validation,6,obs_lgbm,PALEMBANG4,66.36699174634772
337,2.3690701074468126,2.9134586994591927,0.1259878117368211,0.7430375522332913,0.5504755881073415,validation,6,obs_lgbm,PANGKALANBUN2,59.405266374659284
341,6.57003606402912,11.534037820442819,-1.4980160658695483,0.2969873728215294,0.06746692698550161,validation,6,obs_lgbm,PEKANBARU2,45.347198354989146
344,5.521316885943989,7.276617627403782,0.13155667770902257,0.6620699126723629,0.437346708721459,validation,6,obs_lgbm,PESAWARAN,47.97773188812019
350,3.6210099465310868,5.352209723231944,-0.6149334340955839,0.6915565829828688,0.4690729153554307,validation,6,obs_lgbm,PONTIANAK2,63.459996503117274
337,3.5592830726308073,4.795505393476911,-1.481539017141706,0.46629976421813607,0.1347197177423417,validation,6,obs_lgbm,SAMARINDA2,18.023619773333643
334,5.99552195742243,8.178584903249588,-0.7157506968507974,0.7150367086275896,0.4889600915155755,validation,6,obs_lgbm,SEMARANG,57.07478223877105
243,2.6395466759513546,3.906709718432503,-0.3328604690131902,0.7822058323196562,0.6089774102337915,validation,6,obs_lgbm,SINTANG,43.86400820443031
264,3.6655731762133947,13.693156423734145,-1.6405551396867843,0.13561509400365918,0.002363181809841408,validation,6,obs_lgbm,SORONG,19.195781686678682
338,4.684204994915502,7.673158185631855,0.08015841036079924,0.43018912274081,0.12407739254367667,validation,6,obs_lgbm,SUPADIO,58.05819258042757
265,2.4474038924501764,3.3019706187198046,-0.5331406919715147,0.7337124899446406,0.525966947419429,validation,6,obs_lgbm,TANJUNGHARAPAN2,25.555322371522404
358,3.164248537979994,6.072687159785983,0.2515307231720793,0.2842884086801033,0.0688536826823255,validation,6,cams_lgbm,BANJARBARU2,71.71391888242016
352,3.8767233769080964,5.256623397890209,-0.32816191584038373,0.4815381840417102,0.22793006672568739,validation,6,cams_lgbm,BATAM2,30.677844619169427
309,2.884131232163733,3.6427725979691883,1.2921792275504382,0.6484048935600497,0.3230252480360877,validation,6,cams_lgbm,BENGKULU,84.65755589480274
317,2.7364518390926293,3.7602800904265155,-0.4490878646022732,0.7341245275481416,0.5226248573797377,validation,6,cams_lgbm,INDRAPURI2,24.980088818441292
347,6.023287695128984,8.591074198698227,-2.1212739932696754,0.36022685452843134,0.024201291080879317,validation,6,cams_lgbm,JAMBI3,48.29604120795177
332,4.112408069701222,5.461917922801883,-1.116299572917366,0.6813848396454699,0.4368833977750194,validation,6,cams_lgbm,JAMBI4,51.61015491260657
352,8.51626502064755,11.8981516885379,-0.7719745771461759,0.6521541590100456,0.41237320581890036,validation,6,cams_lgbm,KEMAYORAN3,54.70140249228679
324,2.2042821620261437,2.705015741854908,0.6744776131168457,0.5479747435015551,0.24103125777750356,validation,6,cams_lgbm,KOTABARU,61.96274922792552
228,3.2764205278832974,13.052676647172065,-0.6626854136835086,0.2656747927490498,0.06649913974795085,validation,6,cams_lgbm,KOTOTABANG2,14.214069779812588
349,7.4774248348134,9.735167813471303,-1.3142824430134321,0.5030847121569878,0.23695414768741296,validation,6,cams_lgbm,MALANG,20.384975674236482
306,3.3215433173201583,4.320463130485599,0.8182914245220149,0.620915039179176,0.3451559898332408,validation,6,cams_lgbm,MAROS,45.51636263200384
349,7.652830293634211,10.292907026323311,-0.9321463109909036,0.40160475006468765,0.1456491773854538,validation,6,cams_lgbm,MEDAN2,53.82528660007711
341,5.99699252199812,8.568610968698229,0.43624098885546975,0.6196198625194755,0.38231721295792875,validation,6,cams_lgbm,MLATI,70.29682556972186
316,2.7287945707279566,4.3664374491524285,-0.18603504776345847,0.5623914747091457,0.31478496090575236,validation,6,cams_lgbm,PALANGKARAYA2,42.348125670252436
356,5.014181435730742,6.589721369751516,0.4633591075193101,0.40451926041727687,0.13447153279684554,validation,6,cams_lgbm,PALEMBANG3,64.00894023589846
333,4.088836041969982,5.6091435768437234,-0.16780178147401525,0.5572774477800351,0.30179815548171307,validation,6,cams_lgbm,PALEMBANG4,68.23556743319715
337,2.260930531348174,2.7627064815098623,-0.006516548495201407,0.7725375940984409,0.595791871622229,validation,6,cams_lgbm,PANGKALANBUN2,61.25827075485154
341,6.456007967594721,11.404369460346404,-1.435248976576732,0.33117873353421984,0.08831657746924348,validation,6,cams_lgbm,PEKANBARU2,46.29574032274291
344,4.9827043541012745,6.445323163890693,0.8308475668496265,0.752392406489316,0.5585605416769017,validation,6,cams_lgbm,PESAWARAN,53.05258017499759
350,3.496888467584153,5.204078935929784,-0.49920970545233134,0.7107190192372752,0.498054706611031,validation,6,cams_lgbm,PONTIANAK2,64.71251978853496
337,3.489200334725165,4.713972511783007,-1.250162338650632,0.4732659219473098,0.1638924768385257,validation,6,cams_lgbm,SAMARINDA2,19.63774516112762
334,5.75126233276792,7.8056100831526205,-0.28366523633747376,0.7385555906558589,0.5345080342048104,validation,6,cams_lgbm,SEMARANG,58.8235703598104
243,2.824212840324877,4.330179794101546,0.027907957224364347,0.7548388264369226,0.5196128075168296,validation,6,cams_lgbm,SINTANG,39.9366602311443
264,3.626350462308797,13.688636367924943,-1.7059943228988024,0.14042971968863438,0.003021704898733102,validation,6,cams_lgbm,SORONG,20.0604106505075
338,4.525564040993555,7.549194079217842,-0.06117705232719051,0.45171939877912254,0.15215080165579253,validation,6,cams_lgbm,SUPADIO,59.47864457718557
265,2.3882629432179687,3.2984255845811243,-0.5432985896886725,0.7347800799542402,0.5269842558486548,validation,6,cams_lgbm,TANJUNGHARAPAN2,27.35426079513754
358,3.1862420798679976,6.063284242790344,0.3673212453639708,0.29289504915564946,0.07173501439717156,validation,6,cams_xgboost,BANJARBARU2,71.51731261004937
352,3.8300306054678828,5.207042944728796,-0.22551316510547295,0.4945536653387197,0.24242570313046274,validation,6,cams_xgboost,BATAM2,31.51278775084101
309,2.9475343248219166,3.668876857419287,1.367457775699282,0.6595144744198504,0.3132880256531475,validation,6,cams_xgboost,BENGKULU,84.32027637216638
317,2.724874838067906,3.724811021600255,-0.12265406331805397,0.7353598759954191,0.5315881234579249,validation,6,cams_xgboost,INDRAPURI2,25.297472656963937
347,6.037173027676189,8.524380946081854,-1.8740662148775216,0.37169258634329416,0.03929290374901162,validation,6,cams_xgboost,JAMBI3,48.17684938146552
332,4.13363051902817,5.465087634811362,-1.0750192748494896,0.6798307560169321,0.4362296217929712,validation,6,cams_xgboost,JAMBI4,51.36043479293452
352,8.430023350227962,11.861078399580517,-0.6620891492475164,0.6492932806869152,0.41602945736363917,validation,6,cams_xgboost,KEMAYORAN3,55.16012784985354
324,2.2064239974375126,2.7003858314360336,0.6652425281795454,0.5470936758368645,0.24362713918749923,validation,6,cams_xgboost,KOTABARU,61.92578956275276
228,3.2848159539072137,13.065399022317127,-0.4610548059145609,0.2584803732005344,0.06467849615575494,validation,6,cams_xgboost,KOTOTABANG2,13.994253848088556
349,7.357697492069364,9.464005471193104,-0.7712672135208258,0.5329149491211899,0.2788697447309336,validation,6,cams_xgboost,MALANG,21.65975884031338
306,3.2992535478928513,4.2559719533993094,1.0753030770744372,0.6426283982766886,0.36455968133275274,validation,6,cams_xgboost,MAROS,45.881984151422536
349,7.704914635710183,10.307080625028858,-0.48698308392718737,0.39361002517115107,0.14329463108658658,validation,6,cams_xgboost,MEDAN2,53.51102645373857
341,6.02448183518351,8.57918368266183,0.713475970998188,0.6211340952614232,0.3807919686776813,validation,6,cams_xgboost,MLATI,70.16067067849613
316,2.74067475924009,4.41683367516536,-0.21247894107540943,0.5482284303589781,0.2988765535220209,validation,6,cams_xgboost,PALANGKARAYA2,42.09713017852052
356,5.070756922143229,6.631727617778196,0.7766794946756255,0.4037156441417366,0.1234017219859247,validation,6,cams_xgboost,PALEMBANG3,63.60284968278344
333,4.155813827170982,5.665984189559139,0.0678777746252112,0.5452571989408055,0.2875759122769066,validation,6,cams_xgboost,PALEMBANG4,67.7152454345518
337,2.287844973360395,2.8285641861483883,0.02954459239891809,0.7593446888776081,0.5762910613916121,validation,6,cams_xgboost,PANGKALANBUN2,60.79708364150845
341,6.554930601092028,11.40842875437321,-0.9339233350893617,0.320372466792702,0.08766744912983504,validation,6,cams_xgboost,PEKANBARU2,45.47285304875511
344,5.114899551313976,6.568261159651888,1.2733263561891954,0.7481526475062134,0.5415599195485772,validation,6,cams_xgboost,PESAWARAN,51.80702696105155
350,3.482353299685887,5.166472237863369,-0.4210863117490494,0.714655055201217,0.5052829984347332,validation,6,cams_xgboost,PONTIANAK2,64.85919574183887
337,3.4332025362405294,4.6311980208621355,-1.1015780232426675,0.48871097763146537,0.19299775733218738,validation,6,cams_xgboost,SAMARINDA2,20.927470290250238
334,5.766618385143623,7.798376160046352,-0.24069068617449557,0.73749336712607,0.5353704325817137,validation,6,cams_xgboost,SEMARANG,58.713627990011574
243,2.8421799411498965,4.306589325143836,0.19652317531805463,0.7565847456154077,0.5248327707779155,validation,6,cams_xgboost,SINTANG,39.554548774774645
264,3.707318971825368,13.674553360341045,-1.450143017823046,0.13303835498159097,0.005072052359753165,validation,6,cams_xgboost,SORONG,18.27553368721635
338,4.569959043468949,7.554228557654201,0.1527804287227655,0.4524195242729302,0.15101958108752034,validation,6,cams_xgboost,SUPADIO,59.08113707137924
265,2.4340675677893295,3.3255165927701125,-0.4687790312856997,0.7271924615124852,0.5191822923230938,validation,6,cams_xgboost,TANJUNGHARAPAN2,25.960984221284168
358,3.164248537979994,6.072687159785983,0.2515307231720793,0.2842884086801033,0.0688536826823255,validation,6,champion,BANJARBARU2,71.71391888242016
352,3.8767233769080964,5.256623397890209,-0.32816191584038373,0.4815381840417102,0.22793006672568739,validation,6,champion,BATAM2,30.677844619169427
309,2.884131232163733,3.6427725979691883,1.2921792275504382,0.6484048935600497,0.3230252480360877,validation,6,champion,BENGKULU,84.65755589480274
317,2.7364518390926293,3.7602800904265155,-0.4490878646022732,0.7341245275481416,0.5226248573797377,validation,6,champion,INDRAPURI2,24.980088818441292
347,6.023287695128984,8.591074198698227,-2.1212739932696754,0.36022685452843134,0.024201291080879317,validation,6,champion,JAMBI3,48.29604120795177
332,4.112408069701222,5.461917922801883,-1.116299572917366,0.6813848396454699,0.4368833977750194,validation,6,champion,JAMBI4,51.61015491260657
352,8.51626502064755,11.8981516885379,-0.7719745771461759,0.6521541590100456,0.41237320581890036,validation,6,champion,KEMAYORAN3,54.70140249228679
324,2.2042821620261437,2.705015741854908,0.6744776131168457,0.5479747435015551,0.24103125777750356,validation,6,champion,KOTABARU,61.96274922792552
228,3.2764205278832974,13.052676647172065,-0.6626854136835086,0.2656747927490498,0.06649913974795085,validation,6,champion,KOTOTABANG2,14.214069779812588
349,7.4774248348134,9.735167813471303,-1.3142824430134321,0.5030847121569878,0.23695414768741296,validation,6,champion,MALANG,20.384975674236482
306,3.3215433173201583,4.320463130485599,0.8182914245220149,0.620915039179176,0.3451559898332408,validation,6,champion,MAROS,45.51636263200384
349,7.652830293634211,10.292907026323311,-0.9321463109909036,0.40160475006468765,0.1456491773854538,validation,6,champion,MEDAN2,53.82528660007711
341,5.99699252199812,8.568610968698229,0.43624098885546975,0.6196198625194755,0.38231721295792875,validation,6,champion,MLATI,70.29682556972186
316,2.7287945707279566,4.3664374491524285,-0.18603504776345847,0.5623914747091457,0.31478496090575236,validation,6,champion,PALANGKARAYA2,42.348125670252436
356,5.014181435730742,6.589721369751516,0.4633591075193101,0.40451926041727687,0.13447153279684554,validation,6,champion,PALEMBANG3,64.00894023589846
333,4.088836041969982,5.6091435768437234,-0.16780178147401525,0.5572774477800351,0.30179815548171307,validation,6,champion,PALEMBANG4,68.23556743319715
337,2.260930531348174,2.7627064815098623,-0.006516548495201407,0.7725375940984409,0.595791871622229,validation,6,champion,PANGKALANBUN2,61.25827075485154
341,6.456007967594721,11.404369460346404,-1.435248976576732,0.33117873353421984,0.08831657746924348,validation,6,champion,PEKANBARU2,46.29574032274291
344,4.9827043541012745,6.445323163890693,0.8308475668496265,0.752392406489316,0.5585605416769017,validation,6,champion,PESAWARAN,53.05258017499759
350,3.496888467584153,5.204078935929784,-0.49920970545233134,0.7107190192372752,0.498054706611031,validation,6,champion,PONTIANAK2,64.71251978853496
337,3.489200334725165,4.713972511783007,-1.250162338650632,0.4732659219473098,0.1638924768385257,validation,6,champion,SAMARINDA2,19.63774516112762
334,5.75126233276792,7.8056100831526205,-0.28366523633747376,0.7385555906558589,0.5345080342048104,validation,6,champion,SEMARANG,58.8235703598104
243,2.824212840324877,4.330179794101546,0.027907957224364347,0.7548388264369226,0.5196128075168296,validation,6,champion,SINTANG,39.9366602311443
264,3.626350462308797,13.688636367924943,-1.7059943228988024,0.14042971968863438,0.003021704898733102,validation,6,champion,SORONG,20.0604106505075
338,4.525564040993555,7.549194079217842,-0.06117705232719051,0.45171939877912254,0.15215080165579253,validation,6,champion,SUPADIO,59.47864457718557
265,2.3882629432179687,3.2984255845811243,-0.5432985896886725,0.7347800799542402,0.5269842558486548,validation,6,champion,TANJUNGHARAPAN2,27.35426079513754
358,3.167853091994566,6.055738567703732,0.18898410734074,0.28754894474924353,0.07404400314439707,validation,6,prediction_q50,BANJARBARU2,71.68169679050004
352,3.9172903525919995,5.2667631157926955,-0.2914671381246913,0.4804491184258719,0.2249486388551798,validation,6,prediction_q50,BATAM2,29.952440735972374
309,2.8597101753969936,3.6190899712992897,1.2856648569731046,0.6550054574118908,0.33179901801301404,validation,6,prediction_q50,BENGKULU,84.78746631436171
317,2.717197942749273,3.7516545384901114,-0.43095118061015597,0.735525892459586,0.5248124079677756,validation,6,prediction_q50,INDRAPURI2,25.507934977815495
347,6.026723713179757,8.59577209830271,-2.150391174255072,0.3610471805798105,0.023133797618662966,validation,6,prediction_q50,JAMBI3,48.26654639636415
332,4.141599895199738,5.510999415469101,-1.1890902352471324,0.6765646775455155,0.42671745028666397,validation,6,prediction_q50,JAMBI4,51.26666081140128
352,8.553434710999817,11.940140077446992,-0.7188520140964086,0.6496689195424177,0.4082184363699829,validation,6,prediction_q50,KEMAYORAN3,54.50369436100253
324,2.1856358519525134,2.6862681883675172,0.62797595243341,0.5503588813267025,0.25151511510572777,validation,6,prediction_q50,KOTABARU,62.28451128927278
228,3.311256002126872,13.090648407011393,-0.6570879304452273,0.2531971341034308,0.06105991365116181,validation,6,prediction_q50,KOTOTABANG2,13.301978814317062
349,7.5163861250908965,9.7649320081046,-1.3065568174520872,0.49886862186773845,0.23228115908377844,validation,6,prediction_q50,MALANG,19.97013979935558
306,3.333380224524734,4.322541100940786,1.0484277356776859,0.6331197343292874,0.34452593064876214,validation,6,prediction_q50,MAROS,45.32220055188589
349,7.597719809592452,10.240567809697923,-0.87127330119933,0.41137150581632803,0.15431579850016353,validation,6,prediction_q50,MEDAN2,54.15780551246905
341,6.034297474366007,8.580297337838077,0.3878926280346664,0.6180701960406673,0.38063120070443757,validation,6,prediction_q50,MLATI,70.11205370228465
316,2.7209756709450565,4.369383528746197,-0.22205390850675005,0.5621692652422594,0.31386000591187113,validation,6,prediction_q50,PALANGKARAYA2,42.51331737523315
356,4.96758284032269,6.518427307952195,0.58481764056325,0.4219830292968516,0.15309849226269556,validation,6,prediction_q50,PALEMBANG3,64.34341812700612
333,4.148322179920468,5.6402977140804875,-0.15118435532267596,0.5521889311552918,0.2940207532478242,validation,6,prediction_q50,PALEMBANG4,67.77344486379293
337,2.273620270028273,2.7711348900624393,0.018715935377553207,0.7713858051890502,0.5933218097356725,validation,6,prediction_q50,PANGKALANBUN2,61.04082824022332
341,6.531299045807141,11.526629115491149,-1.4742892231556262,0.31067103555354364,0.0686645376756101,validation,6,prediction_q50,PEKANBARU2,45.6694319854552
344,5.054380458746117,6.540662944176204,0.8381569728606079,0.7447472039465965,0.5454043304978913,validation,6,prediction_q50,PESAWARAN,52.377242459362805
350,3.522447680853166,5.222330038974945,-0.4258344204147918,0.7060382419713811,0.4945278117861893,validation,6,prediction_q50,PONTIANAK2,64.45459899957882
337,3.4545144627153177,4.691683385025924,-1.2933587375209066,0.4856289614956243,0.17178053637582857,validation,6,prediction_q50,SAMARINDA2,20.436620152059724
334,5.761365865109655,7.857513310623525,-0.2176074955030969,0.7336603075895742,0.528296895653243,validation,6,prediction_q50,SEMARANG,58.75123365101231
243,2.84207770204171,4.366838365068416,0.045083884992497034,0.7493063269987394,0.5114446243119517,validation,6,prediction_q50,SINTANG,39.556723123040825
264,3.6548263473548817,13.683559686337249,-1.6858239546006932,0.14208825856890644,0.0037610631039586284,validation,6,prediction_q50,SORONG,19.432685729651922
338,4.631543347233486,7.65483537481143,0.07792114655675554,0.4493953192170766,0.12825564656207067,validation,6,prediction_q50,SUPADIO,58.52971863188645
265,2.407422081171484,3.314889897601086,-0.5432473917076116,0.7316596928892948,0.5222502905453182,validation,6,prediction_q50,TANJUNGHARAPAN2,26.771481690720467
358,10.85418994413408,16.226734957295065,-0.253631284916201,0.06526933477706222,-0.4669125118052462,validation,12,persistence,BANJARBARU2,0.0
351,6.006267806267806,7.669089175053892,-1.9709401709401708,0.3727098806229599,-0.3856869778843186,validation,12,persistence,BATAM2,0.0
340,17.14735294117647,23.684319086438503,3.5467647058823526,0.21205505145461365,-0.5720448151463493,validation,12,persistence,BENGKULU,0.0
322,6.604658385093167,10.482432805199752,-4.3897515527950315,0.325490945522496,-0.11360776846356302,validation,12,persistence,INDRAPURI2,0.0
347,22.927089337175794,30.24410343368116,-16.90806916426513,0.2695302204370453,-0.4968170889799113,validation,12,persistence,JAMBI3,0.0
322,26.048447204968944,38.599518067341926,-22.84472049689441,0.3105565151811373,-0.39860441530079127,validation,12,persistence,JAMBI4,0.0
354,21.018644067796608,28.10987622247629,13.626553672316382,0.3829886072013471,-2.0275760629263297,validation,12,persistence,KEMAYORAN3,0.0
350,6.310857142857143,9.038419583723062,-2.017714285714286,0.24621501780714405,-0.34002037610030067,validation,12,persistence,KOTABARU,0.0
250,3.7908000000000004,6.528733414683127,-1.7948000000000002,0.4501233517086863,0.11408526978973388,validation,12,persistence,KOTOTABANG2,0.0
345,11.19159420289855,15.870613624292988,-2.3736231884057966,0.2966718228794713,-0.11842280214256373,validation,12,persistence,MALANG,0.0
306,10.847712418300652,14.805082151624147,-8.395424836601308,0.412937473654193,-0.31085996333262655,validation,12,persistence,MAROS,0.0
349,19.2487106017192,25.18347573026276,-9.221203438395415,0.35348622071892555,-0.3078171395336944,validation,12,persistence,MEDAN2,0.0
346,15.21849710982659,19.544216949905444,9.255491329479769,0.3338912663027316,-1.353321524772114,validation,12,persistence,MLATI,0.0
336,10.248511904761905,15.155276662413184,-7.452678571428573,0.27566141591008275,-0.255050490779525,validation,12,persistence,PALANGKARAYA2,0.0
356,19.505898876404494,26.672286568393734,-10.280056179775281,0.06876785543786022,-0.949189103232231,validation,12,persistence,PALEMBANG3,0.0
335,13.366268656716418,18.11200063947048,-1.5101492537313435,0.26002407505900427,-0.8875205375031199,validation,12,persistence,PALEMBANG4,0.0
342,7.214035087719298,10.313410335506777,-2.6023391812865495,0.3071979388439336,-0.09797708097474689,validation,12,persistence,PANGKALANBUN2,0.0
339,24.1070796460177,36.67502063589151,-18.23156342182891,0.14348551132799145,-0.4521089841746697,validation,12,persistence,PEKANBARU2,0.0
344,21.840406976744188,29.85821290544658,-14.706686046511626,0.29315043316475076,-0.35748655788558126,validation,12,persistence,PESAWARAN,0.0
354,10.873728813559321,22.145542587554164,3.083333333333334,0.2457692441971358,-2.749029366155122,validation,12,persistence,PONTIANAK2,0.0
337,5.140949554896142,7.11054510090805,-1.6821958456973296,0.27103334039879384,-0.2494279285894312,validation,12,persistence,SAMARINDA2,0.0
340,12.173529411764706,15.25876026110517,2.825882352941176,0.46660427271614746,0.038115946751694496,validation,12,persistence,SEMARANG,0.0
288,6.158680555555556,9.8527262865553,-3.599652777777778,0.6469833871560351,0.2872704755405707,validation,12,persistence,SINTANG,0.0
292,4.258904109589041,6.536080053499454,-1.7979452054794525,0.19532733111857564,-0.3058989389686435,validation,12,persistence,SORONG,0.0
347,16.6014409221902,26.60148475845788,-9.109798270893373,0.4145081732554095,-0.04824259447350654,validation,12,persistence,SUPADIO,0.0
266,8.956015037593986,12.545692427930817,-8.144736842105264,0.4202776415312319,-0.4320061910676667,validation,12,persistence,TANJUNGHARAPAN2,0.0
358,8.420810055865923,13.75887194731348,-2.018575418994413,0.05347267062375967,-0.054648125609256804,validation,12,climatology,BANJARBARU2,22.41880693808225
351,5.415954415954416,7.148930547795802,0.014529914529914919,0.005360560927747458,-0.20409212499515483,validation,12,climatology,BATAM2,9.828289536097135
340,17.16308823529412,20.30605730404832,7.941029411764705,0.22355795795059527,-0.15556486992464857,validation,12,climatology,BENGKULU,-0.09176514982589534
322,6.648602484472048,9.973923687632068,-0.015372670807453734,0.1448755707796118,-0.0081848328748102,validation,12,climatology,INDRAPURI2,-0.6653500728828643
347,19.247118155619596,25.28139287397779,0.7791066282420757,0.19224682255903322,-0.045897918728282194,validation,12,climatology,JAMBI3,16.05075606169163
322,21.836024844720498,32.366651900984486,-5.2142857142857135,0.28652421945578815,0.016607969533637967,validation,12,climatology,JAMBI4,16.17149124898659
354,13.459604519774011,16.591600727153047,5.027966101694915,0.39862626555105773,-0.05476029334260768,validation,12,climatology,KEMAYORAN3,35.96349756740047
350,7.071999999999999,8.917752759844504,1.966285714285715,-0.07242133342085362,-0.3044795063000567,validation,12,climatology,KOTABARU,-12.060847519014818
250,4.477799999999999,7.243839451561582,-1.387,-0.004444749617717226,-0.09061554661270321,validation,12,climatology,KOTOTABANG2,-18.122823678379206
345,10.88072463768116,14.987853777961845,1.2894202898550733,0.166177310454938,0.002535448883743019,validation,12,climatology,MALANG,2.7777058351246886
306,9.170588235294117,12.674709778683543,-0.7372549019607848,0.26102128509739425,0.039249312895108246,validation,12,climatology,MAROS,15.460625414231489
349,19.978510028653297,23.86315000930854,6.722636103151864,0.0447004432222066,-0.17427882090082836,validation,12,climatology,MEDAN2,-3.791419810056862
346,10.594075144508672,13.451250291071963,0.8333815028901741,0.173969828016615,-0.1147308619966303,validation,12,climatology,MLATI,30.386850501367356
336,10.80297619047619,14.908201242460951,-1.5422619047619048,0.029666096347700094,-0.2144620635609542,validation,12,climatology,PALANGKARAYA2,-5.410193117467688
356,15.782584269662923,20.785797265862286,3.2070224719101126,0.11196396182295781,-0.1837686978118791,validation,12,climatology,PALEMBANG3,19.088146772079885
335,11.49358208955224,15.212376393002772,3.158955223880597,0.1902059662084105,-0.3315361477845846,validation,12,climatology,PALEMBANG4,14.010541126024522
342,7.078070175438596,10.365201284143916,-3.2195906432748536,0.10509283007975648,-0.10903221272850483,validation,12,climatology,PANGKALANBUN2,1.8847276264591373
339,22.179056047197637,31.87734559592263,2.485545722713864,0.11409875557477633,-0.09704080154198236,validation,12,climatology,PEKANBARU2,7.997748491856649
344,21.060755813953488,26.58599473931848,4.099418604651164,0.18480251989547483,-0.0762514407103021,validation,12,climatology,PESAWARAN,3.569764810797149
354,7.077966101694915,11.421906298986386,-0.8327683615819208,0.150746043159215,0.0027056064541723934,validation,12,climatology,PONTIANAK2,34.907645545943424
337,5.341097922848665,6.573673439758139,1.8547477744807124,0.19190140844503367,-0.0678780761144584,validation,12,climatology,SAMARINDA2,-3.893217893217882
340,11.016764705882352,14.686773761769865,-0.7879411764705897,0.3340639987274199,0.10887826721987492,validation,12,climatology,SEMARANG,9.502295240396242
288,6.8545138888888895,10.349147844683209,-1.2788194444444447,0.47863700742926335,0.2136405760300576,validation,12,climatology,SINTANG,-11.298415741106172
292,4.623972602739725,6.371025486797604,1.323287671232877,-0.01369921891312502,-0.2407764112065156,validation,12,climatology,SORONG,-8.571888066902522
347,15.237175792507205,24.628694810508417,-2.85878962536023,0.3402023261873636,0.10146946085891595,validation,12,climatology,SUPADIO,8.217751314944355
266,6.799812030075187,9.897282132435276,0.348684210526316,0.34223663314831837,0.10877466389063528,validation,12,climatology,TANJUNGHARAPAN2,24.07547328212234
358,8.897328745781932,13.89771834895921,-1.287952495848048,0.17753013836907358,-0.0760412980984917,validation,12,raw_cams,BANJARBARU2,18.0286249680907
351,9.900710672507504,11.647467970063147,-8.295405284398269,0.29790743238894213,-2.1962490349676655,validation,12,raw_cams,BATAM2,-64.83964737928727
340,13.446707750307116,20.687691104975055,-10.588856564832108,0.41512861652377214,-0.19940860852263587,validation,12,raw_cams,BENGKULU,21.581437109064694
322,6.158258101333431,10.157385709758119,-3.3622169779667535,0.2927993618330728,-0.04561538877898519,validation,12,raw_cams,INDRAPURI2,6.758870144855167
347,26.843970879858333,35.22877739782444,-25.54151210216123,0.2510940814272333,-1.0308715059834057,validation,12,raw_cams,JAMBI3,-17.084076766479896
322,30.70460956099941,43.42711621981142,-30.070524899673902,0.2839024078331324,-0.770325447681093,validation,12,raw_cams,JAMBI4,-17.875009283249188
354,45.84365226014245,51.84482226066458,45.32884880489158,0.3345124296695592,-9.298832058361883,validation,12,raw_cams,KEMAYORAN3,-118.10946563570717
350,6.00016122308404,8.366158437412118,-2.2035176052834835,0.13083108180137126,-0.14809698203581045,validation,12,raw_cams,KOTABARU,4.9231968453724235
250,9.575983057056145,11.183176170036784,8.600286966204889,0.3740661896818799,-1.599347748171564,validation,12,raw_cams,KOTOTABANG2,-152.61113899588858
345,25.409915556422973,28.206842090231078,23.85769561622373,0.36748294616206434,-2.532868803826865,validation,12,raw_cams,MALANG,-127.04464704270615
306,8.892711670385797,12.734026975672474,-5.116817159705569,0.44148634128312664,0.03023571146199744,validation,12,raw_cams,MAROS,18.022239828340837
349,19.141527289004358,25.50192131995549,-12.485445255231607,0.14891526629505974,-0.34110100645344366,validation,12,raw_cams,MEDAN2,0.5568337273732404
346,26.77496571613652,33.31859362003256,24.791008044137783,0.1650642082346575,-5.839400573275525,validation,12,raw_cams,MLATI,-75.93698985458897
336,9.70269947224833,14.37887084281677,-6.187258744182951,0.2834841942097812,-0.12975175715703435,validation,12,raw_cams,PALANGKARAYA2,5.3257725373765386
356,22.541732564997172,28.783404066796546,-21.750177161232983,0.19880510884753133,-1.2699578160714342,validation,12,raw_cams,PALEMBANG3,-15.563669779222543
335,12.882146213941358,17.081270221896883,-11.881652057579165,0.3729676492551227,-0.6788007804136429,validation,12,raw_cams,PALEMBANG4,3.6219715105890393
342,8.269394149134936,11.873337253172235,-7.142584339500838,0.272604630326665,-0.4552388753654115,validation,12,raw_cams,PANGKALANBUN2,-14.62924768985685
339,23.554483641761,36.3891158415249,-21.297039982143634,0.24783507968098828,-0.42955703040117355,validation,12,raw_cams,PEKANBARU2,2.2922561022358567
344,19.860016590085383,25.813948677949153,-1.9040310869328423,0.2655290073749525,-0.014651265615113207,validation,12,raw_cams,PESAWARAN,9.067552581632466
354,8.631610204862428,13.276762669723757,1.0634773014472731,0.10784943961434909,-0.3475055902366839,validation,12,raw_cams,PONTIANAK2,20.61959284749696
337,7.3042669133185125,8.876043638564967,4.522712631174821,0.025122012673220395,-0.9469028291122863,validation,12,raw_cams,SAMARINDA2,-42.08011254189545
340,23.56825389456306,27.57539473397969,19.673559081340805,0.16995166171166293,-2.141432275513284,validation,12,raw_cams,SEMARANG,-93.60247219500944
288,6.479753519572303,10.54239699118964,-0.7996279063279934,0.5755609884976673,0.18399908448715485,validation,12,raw_cams,SINTANG,-5.213340115962306
292,3.956423985149542,6.044480670993048,-2.3856047329259282,0.2520653813760626,-0.11684480839825517,validation,12,raw_cams,SORONG,7.102299480245556
347,15.97974939026371,27.04918524533519,-11.389036474532844,0.33369176327077676,-0.08382315329343859,validation,12,raw_cams,SUPADIO,3.744804651839051
266,9.928436570313895,13.658937213627222,-8.782976344671422,0.18369596192985832,-0.6974204916608595,validation,12,raw_cams,TANJUNGHARAPAN2,-10.857747878247736
358,8.154879901152189,13.803723365889226,-3.0669986575305104,0.07618823906508732,-0.06153525464514953,validation,12,obs_lgbm,BANJARBARU2,24.868829980635056
351,4.664522119738445,6.124658009814405,-0.9418980283067079,0.37678136130810524,0.11622594627850213,validation,12,obs_lgbm,BATAM2,22.339091925424803
340,12.761819357979258,17.00569171540525,-0.3129043245650954,0.43619628417456147,0.18953975006682267,validation,12,obs_lgbm,BENGKULU,25.575571916211604
322,6.084476308630651,9.253985475695904,0.07677847103297408,0.365213839696419,0.1321079611029986,validation,12,obs_lgbm,INDRAPURI2,7.875987615598346
347,17.107078422410265,23.119258158087135,-4.311364719484862,0.3946764089606403,0.12534840494884802,validation,12,obs_lgbm,JAMBI3,25.38486603848359
322,20.05359632673414,32.055916086102144,-11.59121843567627,0.40425186589373474,0.03539942741735913,validation,12,obs_lgbm,JAMBI4,23.014235094563485
354,9.961714873052216,13.813580312753663,-1.0765848979520958,0.5235614312507746,0.2688782388724711,validation,12,obs_lgbm,KEMAYORAN3,52.60534009272795
350,5.442861794121922,7.423512447938248,-0.08540748511144979,0.3102304486271368,0.09604817136628996,validation,12,obs_lgbm,KOTABARU,13.754000908064445
250,3.2954095451675136,5.99572603460702,-0.6666194763461027,0.5119273605081075,0.2528331206943022,validation,12,obs_lgbm,KOTOTABANG2,13.068229788764551
345,9.1870469630575,13.967270181824977,-1.3601793233491009,0.37679594471149297,0.1337531991548655,validation,12,obs_lgbm,MALANG,17.911185873071467
306,8.228585597123256,11.806364842444045,-3.7039376589154576,0.510285659208633,0.16638205370010828,validation,12,obs_lgbm,MAROS,24.144508262947618
349,15.645457323913456,20.745009815063508,-1.6513874874776817,0.360706101246582,0.11255187796177768,validation,12,obs_lgbm,MEDAN2,18.71945270704999
346,8.752716201808079,11.570447278191448,-1.5825352516428446,0.4415997736259869,0.1752069116792916,validation,12,obs_lgbm,MLATI,42.486330032178756
336,9.05060131876199,13.353571692234967,-4.212057099624873,0.35807892446726697,0.025620036502158383,validation,12,obs_lgbm,PALANGKARAYA2,11.688629501843229
356,14.751330106240852,20.274258102636733,-6.036329966570937,0.10189144938764504,-0.12622047756615706,validation,12,obs_lgbm,PALEMBANG3,24.375030344872005
335,9.12153481969876,12.415283534838743,-1.7436142657287443,0.37239572462876236,0.11310517558355682,validation,12,obs_lgbm,PALEMBANG4,31.75705910179145
342,6.272721729862483,9.15127545583629,-1.6135962070001177,0.40426317019552027,0.13552599930828158,validation,12,obs_lgbm,PANGKALANBUN2,13.048361234882888
339,18.803232670527805,30.016430797967892,-6.54958505848698,0.2849432692417762,0.027305235772098757,validation,12,obs_lgbm,PEKANBARU2,22.001200698592484
344,18.120338001740564,24.342318264341337,-6.841336511503576,0.41997634984428545,0.0977398226997589,validation,12,obs_lgbm,PESAWARAN,17.03296545235983
354,6.859769270767598,11.138106884115773,-1.004503797945676,0.30110312185750077,0.05164933334772559,validation,12,obs_lgbm,PONTIANAK2,36.91428774448005
337,4.491038507635435,5.919498275338034,0.5884823390987971,0.3811032841252378,0.13408509457276274,validation,12,obs_lgbm,SAMARINDA2,12.641848365186636
340,10.249606373504362,13.62253605696375,-1.9963975063966426,0.5014044480861397,0.2333446729292824,validation,12,obs_lgbm,SEMARANG,15.804151558553203
288,5.367979503827615,8.567836163659905,-0.9257992063175817,0.6845688693450065,0.46104287218645235,validation,12,obs_lgbm,SINTANG,12.83880604936838
292,3.5765821153769224,5.526659836313545,-0.7129647253172178,0.2895973737962869,0.06631514785098824,validation,12,obs_lgbm,SORONG,16.021069661461784
347,12.613330191106101,20.757797137369643,-4.5680714797540665,0.6684390438910501,0.361718032885334,validation,12,obs_lgbm,SUPADIO,24.022678210741443
266,6.101570769460355,9.562052944164808,-0.7727473353545751,0.4343340203868384,0.16812530918520263,validation,12,obs_lgbm,TANJUNGHARAPAN2,31.871811918043313
358,8.140332742107248,13.598171673808737,-2.090612638275768,0.09826318228143419,-0.030155930722191693,validation,12,cams_lgbm,BANJARBARU2,25.00285342337757
351,4.6506820129734345,5.988225438798745,-0.3798084017694274,0.41697841861284424,0.15516121370293057,validation,12,cams_lgbm,BATAM2,22.569519658776414
340,12.188669440748786,16.579019722762418,-1.0253638178405244,0.48331689044578746,0.229698378615262,validation,12,cams_lgbm,BENGKULU,28.918069846922233
322,5.908202926430389,9.138425408683535,0.6079637684063253,0.4061335266925959,0.15364839876182734,validation,12,cams_lgbm,INDRAPURI2,10.544912667015316
347,16.689552996625867,22.651687656230685,-4.095433883021155,0.43352762561653835,0.1603690623911167,validation,12,cams_lgbm,JAMBI3,27.205966918948988
322,19.957692496688118,32.01900040573563,-12.146919231814726,0.4251284666781275,0.03761982147366261,validation,12,cams_lgbm,JAMBI4,23.382409939272573
354,10.175562915458457,13.637998092477515,0.13463279807097447,0.5375947709839304,0.28734645946537773,validation,12,cams_lgbm,KEMAYORAN3,51.587919360370215
350,5.4586529075669965,7.382772598873835,0.13782942055664663,0.32597053766421513,0.10594262749373429,validation,12,cams_lgbm,KOTABARU,13.503779534206418
250,3.268336289487354,5.879257298341545,-0.20178328995792266,0.5364452970685456,0.2815790546610807,validation,12,cams_lgbm,KOTOTABANG2,13.782412960658597
345,9.184473527372708,13.760340378200587,0.2789960425305679,0.3994836452290843,0.15923053820152233,validation,12,cams_lgbm,MALANG,17.934180235073306
306,7.9835651894751996,11.404598572210134,-2.7248342974928703,0.5272582251357502,0.22215213742911066,validation,12,cams_lgbm,MAROS,26.403237091660802
349,15.841250997891871,20.572526633911185,0.26517004140548756,0.3696082355244717,0.12724780062029983,validation,12,cams_lgbm,MEDAN2,17.702274580007405
346,8.6575805619333,11.351739588638841,-0.05546637498834263,0.46017034169693827,0.2060931358176784,validation,12,cams_lgbm,MLATI,43.11146166763671
336,8.85257238073315,13.045205475333967,-3.88828692445548,0.4075598941871881,0.070102011637587,validation,12,cams_lgbm,PALANGKARAYA2,13.620899668176612
356,14.386979121875704,19.98616044712496,-5.916772939448825,0.16417827507993898,-0.09444065359904275,validation,12,cams_lgbm,PALEMBANG3,26.24293187903759
335,8.727896944688826,11.932377816037544,-1.199860437874221,0.44384547720794115,0.18075683241102047,validation,12,cams_lgbm,PALEMBANG4,34.70206855147159
342,6.137217290968732,9.287420077042487,-2.448218130263158,0.4209144371493635,0.10961289987656608,validation,12,cams_lgbm,PANGKALANBUN2,14.926705840170772
339,18.317463183916015,29.59047197007754,-5.58532575722926,0.3115944985170956,0.05471609555289436,validation,12,cams_lgbm,PEKANBARU2,24.016249778550357
344,17.613749531654378,23.259784641775667,-3.0897343158115813,0.44655835610912264,0.17620472706882362,validation,12,cams_lgbm,PESAWARAN,19.35246650664698
354,6.772976341143082,10.992914286912429,-0.9873393352219776,0.32144343014918414,0.07621293914387584,validation,12,cams_lgbm,PONTIANAK2,37.712476949974
337,4.648229067074744,6.04889792819828,0.9293986426591105,0.36327384021995407,0.09581368238556331,validation,12,cams_lgbm,SAMARINDA2,9.584231133957367
340,10.267784888304483,13.464853318712652,-0.9398073191449505,0.5054661234668265,0.2509902363260713,validation,12,cams_lgbm,SEMARANG,15.654823338402412
288,5.207210857301845,8.270382227688469,-0.7503928263449562,0.7095071924018556,0.49781576293585494,validation,12,cams_lgbm,SINTANG,15.449245819308144
292,3.5742991815906975,5.498631382781214,-0.914234682173718,0.31847101190401667,0.07576149821276978,validation,12,cams_lgbm,SORONG,16.074673446085264
347,12.705364422128353,20.713954338145488,-4.06029711178582,0.6665308912928399,0.36441143191992065,validation,12,cams_lgbm,SUPADIO,23.46830325344943
266,6.189659309747316,9.644662726231193,-0.7561485390006275,0.41291120087639993,0.15368953077157055,validation,12,cams_lgbm,TANJUNGHARAPAN2,30.888243445712725
358,8.21489177256323,13.53807149279191,-1.5346948144156174,0.0961307231351642,-0.02107004165564441,validation,12,cams_xgboost,BANJARBARU2,24.315938685016302
351,4.5654594437688845,5.987610251462668,-0.18377684840449582,0.418607006860086,0.15533479014249185,validation,12,cams_xgboost,BATAM2,23.988413586809664
340,12.352082140585956,16.59813887924586,-0.2699366056217866,0.4780309805483912,0.22792070906975959,validation,12,cams_xgboost,BENGKULU,27.965079024386807
322,5.951619970724449,9.07131268550279,0.8269631874487267,0.4171412404148847,0.16603398701673255,validation,12,cams_xgboost,INDRAPURI2,9.887542644788972
347,16.818085499524383,22.760412078410088,-3.238821727741692,0.41188401567564764,0.15228953430965797,validation,12,cams_xgboost,JAMBI3,26.64535278687029
322,19.705059238102127,31.29233951546979,-10.468233829403514,0.4319096027323394,0.08080596481167535,validation,12,cams_xgboost,JAMBI4,24.35226912741565
354,10.278545630719028,13.79139074277655,0.2087981100136277,0.5246185311469966,0.2712252404330916,validation,12,cams_xgboost,KEMAYORAN3,51.097960469928005
350,5.515051913942609,7.399465125203829,0.5206019273485456,0.32823982390403106,0.10189511071667423,validation,12,cams_xgboost,KOTABARU,12.610097343357795
250,3.421415470504761,5.948937700413471,0.39017673377990725,0.5253587787208815,0.26444882540236836,validation,12,cams_xgboost,KOTOTABANG2,9.74423682323624
345,9.320036580735358,13.706448897616745,1.1408462485714237,0.41423676444985663,0.16580328021745538,validation,12,cams_xgboost,MALANG,16.72288673295955
306,7.851841225966908,11.129409129527584,-2.176878183651594,0.5539665409234132,0.25923769930125895,validation,12,cams_xgboost,MAROS,27.617538858050427
349,16.12387748215465,20.61580344359996,1.307458065437383,0.36933623330723575,0.12357205788529746,validation,12,cams_xgboost,MEDAN2,16.2339867029091
346,8.693603844174072,11.424311731598845,0.28548479466079996,0.4542542559003761,0.19590972891202008,validation,12,cams_xgboost,MLATI,42.8747544423384
336,8.777657525879997,12.873962633495854,-3.3953782660620555,0.4218240666475428,0.0943550941914828,validation,12,cams_xgboost,PALANGKARAYA2,14.35188242498392
356,14.177481904190577,19.441075306667226,-4.265140998497437,0.19620100747224983,-0.03555708119974388,validation,12,cams_xgboost,PALEMBANG3,27.316951687161108
335,8.79158663963204,12.003396287405428,-1.028266730237363,0.43456360584719433,0.17097595909903052,validation,12,cams_xgboost,PALEMBANG4,34.225572854886806
342,6.141061545812596,9.083129736108063,-1.7676253463789735,0.43451153150457,0.14835281529235367,validation,12,cams_xgboost,PANGKALANBUN2,14.873417288103607
339,18.132946707013787,29.014203592905144,-3.565990211126727,0.33257908132316083,0.09117600056921593,validation,12,cams_xgboost,PEKANBARU2,24.781653467473376
344,17.567685003613317,23.02206962145761,-1.7529218535090603,0.4553690280510523,0.19295705984123768,validation,12,cams_xgboost,PESAWARAN,19.56338074505889
354,6.933369453343968,10.979472952916408,-0.07002905721718297,0.3310282201574523,0.07847063693788037,validation,12,cams_xgboost,PONTIANAK2,36.23742533749604
337,4.6660039986630215,6.024268112772197,1.103081254364829,0.3743038904228221,0.1031619971241281,validation,12,cams_xgboost,SAMARINDA2,9.238479217925644
340,10.264027362711289,13.36677997924043,-0.7357492317872889,0.5153746034284443,0.2618615568146262,validation,12,cams_xgboost,SEMARANG,15.68568969988311
288,5.300402677721447,8.250736591895414,-0.3645603077279198,0.7080323841000884,0.5001987267998935,validation,12,cams_xgboost,SINTANG,13.93606747568491
292,3.6347381844912494,5.424217544064399,-0.2668224391871935,0.3206307757863488,0.10060795579706361,validation,12,cams_xgboost,SORONG,14.655552438770926
347,12.649831829565747,20.42188006432579,-3.3784227129361817,0.6699168675687445,0.3822091230159337,validation,12,cams_xgboost,SUPADIO,23.80280790773145
266,6.34650914758668,9.649661535437007,-0.33498859979156254,0.4089146543557962,0.15281202141203687,validation,12,cams_xgboost,TANJUNGHARAPAN2,29.13690831305643
358,8.140332742107248,13.598171673808737,-2.090612638275768,0.09826318228143419,-0.030155930722191693,validation,12,champion,BANJARBARU2,25.00285342337757
351,4.6506820129734345,5.988225438798745,-0.3798084017694274,0.41697841861284424,0.15516121370293057,validation,12,champion,BATAM2,22.569519658776414
340,12.188669440748786,16.579019722762418,-1.0253638178405244,0.48331689044578746,0.229698378615262,validation,12,champion,BENGKULU,28.918069846922233
322,5.908202926430389,9.138425408683535,0.6079637684063253,0.4061335266925959,0.15364839876182734,validation,12,champion,INDRAPURI2,10.544912667015316
347,16.689552996625867,22.651687656230685,-4.095433883021155,0.43352762561653835,0.1603690623911167,validation,12,champion,JAMBI3,27.205966918948988
322,19.957692496688118,32.01900040573563,-12.146919231814726,0.4251284666781275,0.03761982147366261,validation,12,champion,JAMBI4,23.382409939272573
354,10.175562915458457,13.637998092477515,0.13463279807097447,0.5375947709839304,0.28734645946537773,validation,12,champion,KEMAYORAN3,51.587919360370215
350,5.4586529075669965,7.382772598873835,0.13782942055664663,0.32597053766421513,0.10594262749373429,validation,12,champion,KOTABARU,13.503779534206418
250,3.268336289487354,5.879257298341545,-0.20178328995792266,0.5364452970685456,0.2815790546610807,validation,12,champion,KOTOTABANG2,13.782412960658597
345,9.184473527372708,13.760340378200587,0.2789960425305679,0.3994836452290843,0.15923053820152233,validation,12,champion,MALANG,17.934180235073306
306,7.9835651894751996,11.404598572210134,-2.7248342974928703,0.5272582251357502,0.22215213742911066,validation,12,champion,MAROS,26.403237091660802
349,15.841250997891871,20.572526633911185,0.26517004140548756,0.3696082355244717,0.12724780062029983,validation,12,champion,MEDAN2,17.702274580007405
346,8.6575805619333,11.351739588638841,-0.05546637498834263,0.46017034169693827,0.2060931358176784,validation,12,champion,MLATI,43.11146166763671
336,8.85257238073315,13.045205475333967,-3.88828692445548,0.4075598941871881,0.070102011637587,validation,12,champion,PALANGKARAYA2,13.620899668176612
356,14.386979121875704,19.98616044712496,-5.916772939448825,0.16417827507993898,-0.09444065359904275,validation,12,champion,PALEMBANG3,26.24293187903759
335,8.727896944688826,11.932377816037544,-1.199860437874221,0.44384547720794115,0.18075683241102047,validation,12,champion,PALEMBANG4,34.70206855147159
342,6.137217290968732,9.287420077042487,-2.448218130263158,0.4209144371493635,0.10961289987656608,validation,12,champion,PANGKALANBUN2,14.926705840170772
339,18.317463183916015,29.59047197007754,-5.58532575722926,0.3115944985170956,0.05471609555289436,validation,12,champion,PEKANBARU2,24.016249778550357
344,17.613749531654378,23.259784641775667,-3.0897343158115813,0.44655835610912264,0.17620472706882362,validation,12,champion,PESAWARAN,19.35246650664698
354,6.772976341143082,10.992914286912429,-0.9873393352219776,0.32144343014918414,0.07621293914387584,validation,12,champion,PONTIANAK2,37.712476949974
337,4.648229067074744,6.04889792819828,0.9293986426591105,0.36327384021995407,0.09581368238556331,validation,12,champion,SAMARINDA2,9.584231133957367
340,10.267784888304483,13.464853318712652,-0.9398073191449505,0.5054661234668265,0.2509902363260713,validation,12,champion,SEMARANG,15.654823338402412
288,5.207210857301845,8.270382227688469,-0.7503928263449562,0.7095071924018556,0.49781576293585494,validation,12,champion,SINTANG,15.449245819308144
292,3.5742991815906975,5.498631382781214,-0.914234682173718,0.31847101190401667,0.07576149821276978,validation,12,champion,SORONG,16.074673446085264
347,12.705364422128353,20.713954338145488,-4.06029711178582,0.6665308912928399,0.36441143191992065,validation,12,champion,SUPADIO,23.46830325344943
266,6.189659309747316,9.644662726231193,-0.7561485390006275,0.41291120087639993,0.15368953077157055,validation,12,champion,TANJUNGHARAPAN2,30.888243445712725
358,8.149039301961713,13.566183454936297,-2.0134032808983964,0.10461745631656458,-0.025314971926600593,validation,12,prediction_q50,BANJARBARU2,24.922639608258457
351,4.617272814752965,5.967044579801469,-0.3920170487597356,0.42488348257777564,0.16112717619678296,validation,12,prediction_q50,BATAM2,23.12575856283602
340,12.266540471711343,16.617575118844236,-0.9759843727716697,0.4797587243534804,0.2261114575248594,validation,12,prediction_q50,BENGKULU,28.46394126375438
322,5.840679577235428,9.091490025911199,0.553946879853086,0.41303347740320906,0.1623198761435547,validation,12,prediction_q50,INDRAPURI2,11.567272117844162
347,16.608583243738018,22.53698475389062,-4.090854900337591,0.4429904893349045,0.16885092616400854,validation,12,prediction_q50,JAMBI3,27.559128856328275
322,19.81996644550612,31.916232891615746,-12.079471428416579,0.43058683091948524,0.043787578203837385,validation,12,prediction_q50,JAMBI4,23.91114030887297
354,10.033560061103287,13.656150753911534,-0.3927199759033327,0.5354906384888507,0.28544806237462705,validation,12,prediction_q50,KEMAYORAN3,52.26352361865221
350,5.460395122905011,7.364041996854839,0.1981050129253302,0.3333560257751865,0.11047344282907434,validation,12,prediction_q50,KOTABARU,13.47617289855335
250,3.269912271659968,5.883701402240174,-0.15782360088917738,0.5335840971674138,0.2804925419096277,validation,12,prediction_q50,KOTOTABANG2,13.74083909306828
345,9.238874426015421,13.83239999603997,0.20490282397835022,0.3880619062626706,0.150401663274358,validation,12,prediction_q50,MALANG,17.448093108820785
306,7.995501301931179,11.388149306513515,-2.6647617667428305,0.5286333875381896,0.22439435555141074,validation,12,prediction_q50,MAROS,26.29320363948482
349,15.905421950390702,20.625349920767334,0.10014615999050808,0.3637976879834234,0.12276018202984529,validation,12,prediction_q50,MEDAN2,17.368896652380926
346,8.615229933974137,11.354964794781234,-0.4289443338697201,0.46071493724389734,0.20564194910471367,validation,12,prediction_q50,MLATI,43.38974557210857
336,8.910725048211528,13.124942979115879,-3.864529801962893,0.3865609784526981,0.05869945384546882,validation,12,prediction_q50,PALANGKARAYA2,13.053474191982772
356,14.451214268935463,19.976391766549554,-5.795714240698877,0.1625663728107971,-0.09337105062141826,validation,12,prediction_q50,PALEMBANG3,25.913620487305412
335,8.758700342853578,12.003725730963954,-1.2400626542970201,0.43630589836309597,0.17093045191563683,validation,12,prediction_q50,PALEMBANG4,34.47161232650806
342,6.102693352649439,9.165707033862873,-2.3180003489279333,0.4415820692785825,0.13279729527726514,validation,12,prediction_q50,PANGKALANBUN2,15.405272105783553
339,18.240506409189823,29.6260895474783,-5.547516791963749,0.3096679547276483,0.052439079767703456,validation,12,prediction_q50,PEKANBARU2,24.335478718165625
344,17.705026272139108,23.354901993778174,-2.918812637876749,0.44012928200880186,0.16945337995704401,validation,12,prediction_q50,PESAWARAN,18.934540501046804
354,6.811425087865274,11.016710253013233,-0.7103912716201649,0.3191969311937528,0.07220923325271222,validation,12,prediction_q50,PONTIANAK2,37.358883924237986
337,4.616129821192299,6.03334825677481,0.8915850573160259,0.3658114051937182,0.10045642187792203,validation,12,prediction_q50,SAMARINDA2,10.208614733517763
340,10.217634840529835,13.486514789742232,-1.2264428658350068,0.5063069815464026,0.2485783713691322,validation,12,prediction_q50,SEMARANG,16.066783141335016
288,5.227584312336392,8.36195137152703,-0.6819397309857474,0.700169532874863,0.4866338976884689,validation,12,prediction_q50,SINTANG,15.118437055145694
292,3.5453491856719004,5.4983549365351685,-0.8982253465209716,0.31710071257306494,0.07585442891633443,validation,12,prediction_q50,SORONG,16.75442568219726
347,12.617411210166837,20.634373369626513,-3.713984243595487,0.6665830478660011,0.3692857876195448,validation,12,prediction_q50,SUPADIO,23.99809589237605
266,6.21817033473436,9.624079975899175,-0.7417576386047626,0.41733427349896834,0.1572979119352229,validation,12,prediction_q50,TANJUNGHARAPAN2,30.56989845782061
357,9.131092436974791,12.157601856993232,0.07731092436974792,0.2701914866668836,-0.45407246795082656,validation,24,persistence,BANJARBARU2,0.0
352,6.694318181818181,8.820823760748302,-0.12499999999999986,0.1411273829440777,-0.7255733745461905,validation,24,persistence,BATAM2,0.0
344,15.415116279069766,23.32753263998933,-0.08837209302325608,0.19096597318862418,-0.6196730247187845,validation,24,persistence,BENGKULU,0.0
321,3.493146417445483,4.76072653425466,-0.10872274143302182,0.5337668711337427,0.1119212897066666,validation,24,persistence,INDRAPURI2,0.0
339,13.227433628318584,18.213403116862732,0.2256637168141591,0.20219153931658537,-0.5966727929365094,validation,24,persistence,JAMBI3,0.0
325,10.804307692307692,14.105850395655535,0.043692307692307725,0.34482774934299903,-0.322906909132626,validation,24,persistence,JAMBI4,0.0
356,20.1126404494382,27.119055554301728,-0.016011235955056227,0.4412703109370263,-0.11984471030956967,validation,24,persistence,KEMAYORAN3,0.0
348,5.216091954022988,7.729682303028187,-0.011494252873563295,0.29400931350113285,-0.4083014583497864,validation,24,persistence,KOTABARU,0.0
231,3.2532467532467533,4.200530784848371,-0.14848484848484847,0.5084099231300496,0.019397245581066813,validation,24,persistence,KOTOTABANG2,0.0
346,10.676589595375724,14.168440668706593,-0.2442196531791906,0.21008710752668383,-0.44157189040887457,validation,24,persistence,MALANG,0.0
300,6.555666666666666,9.055810289532351,0.01966666666666679,0.43855546544020735,-0.12729462128319757,validation,24,persistence,MAROS,0.0
346,18.776589595375725,24.926793973623404,-0.19393063583815034,0.1291316834234277,-0.7356168454651726,validation,24,persistence,MEDAN2,0.0
345,14.631304347826088,19.012371258461297,-0.1292753623188406,0.32468433672661756,-0.3737269886325496,validation,24,persistence,MLATI,0.0
326,5.28558282208589,6.807918972505204,-0.08742331288343558,0.33763639610418583,-0.32018395981625014,validation,24,persistence,PALANGKARAYA2,0.0
359,16.24289693593315,22.66035031333628,0.13481894150417803,0.09381346820707864,-0.8127307771174777,validation,24,persistence,PALEMBANG3,0.0
335,14.96,21.412515520029924,0.020298507462686792,0.12431253639219902,-0.7540953471584753,validation,24,persistence,PALEMBANG4,0.0
341,5.1454545454545455,6.7731746196412566,-0.026979472140762517,0.45064224519299045,-0.09102434344036969,validation,24,persistence,PANGKALANBUN2,0.0
339,11.79646017699115,17.35748884139224,0.2873156342182891,0.25338140159400663,-0.5939373157381782,validation,24,persistence,PEKANBARU2,0.0
342,12.984795321637428,18.594586711480314,0.20409356725146202,0.3454912041407115,-0.3106009261620877,validation,24,persistence,PESAWARAN,0.0
354,10.727401129943503,21.91379940858668,0.00762711864406797,0.4918143980262977,-0.016321562955305513,validation,24,persistence,PONTIANAK2,0.0
331,4.4836858006042295,5.931530271314193,0.1356495468277946,0.2726309315120397,-0.45382187035757937,validation,24,persistence,SAMARINDA2,0.0
348,10.540229885057471,13.177279296393943,0.09022988505747119,0.505794975454623,0.008981724956325654,validation,24,persistence,SEMARANG,0.0
271,4.839852398523985,8.465754761982945,0.1402214022140222,0.6289354549791958,0.24414170336913898,validation,24,persistence,SINTANG,0.0
282,3.173404255319149,4.7699524954144605,-0.0017730496453901119,0.27814024124483494,-0.43066648700894294,validation,24,persistence,SORONG,0.0
342,11.451754385964913,18.724934903344867,0.34941520467836235,0.4908545616903861,-0.07372480599071052,validation,24,persistence,SUPADIO,0.0
266,3.28984962406015,4.611969553010377,0.03571428571428574,0.604094734326019,0.20893847291220946,validation,24,persistence,TANJUNGHARAPAN2,0.0
357,8.423529411764706,11.028201688987972,2.5218487394957982,0.2572295012674618,-0.1964639509015822,validation,24,climatology,BANJARBARU2,7.748941652862151
352,6.0259943181818185,7.6651073533667065,1.330539772727272,-0.07292296344933426,-0.3030216283946583,validation,24,climatology,BATAM2,9.983449329485639
344,15.337645348837208,19.370350342307205,7.0960755813953496,0.21213634780931184,-0.11677244308015577,validation,24,climatology,BENGKULU,0.5025646828090813
321,4.0327102803738315,5.174491110771349,-0.3305295950155762,0.15806341700953452,-0.04915650691352913,validation,24,climatology,INDRAPURI2,-15.446356907161318
339,11.354719764011799,14.803845520096825,1.9119469026548679,0.22795912882807606,-0.05483082908951564,validation,24,climatology,JAMBI3,14.157802011551935
325,10.340153846153846,13.355624283424568,0.574307692307693,0.08370432306405524,-0.18593018713688325,validation,24,climatology,JAMBI4,4.296007290539383
356,23.39733146067416,28.9697227892009,9.106882022471911,0.375779978314947,-0.27790144236071446,validation,24,climatology,KEMAYORAN3,-16.331475817376884
348,5.906896551724138,7.8489603235663985,2.0433908045977,-0.051442982119813026,-0.45210027512531803,validation,24,climatology,KOTABARU,-13.24371970030851
231,3.2240259740259742,4.3144088096312085,-0.28463203463203446,0.12247188191773144,-0.03449251598374836,validation,24,climatology,KOTOTABANG2,0.8982035928143617
346,9.332947976878614,12.224904103788333,3.8361271676300577,0.286077326783533,-0.07320605839788463,validation,24,climatology,MALANG,12.584932730570364
300,8.415166666666668,11.14190924692293,5.2285,0.2925988341847983,-0.706483276270522,validation,24,climatology,MAROS,-28.36477347841564
346,16.841473988439304,21.20226549543063,3.3770231213872832,-0.03150512941175839,-0.25569899091213233,validation,24,climatology,MEDAN2,10.306001508458163
345,12.821449275362317,16.39251773466051,3.6924637681159416,0.2837141093123786,-0.021219696290391,validation,24,climatology,MLATI,12.36974523554818
326,7.124846625766871,9.314105504539512,2.4708588957055206,-0.00896519414241076,-1.471086804359805,validation,24,climatology,PALANGKARAYA2,-34.79774824444315
359,15.808913649025069,20.50971982359437,5.815877437325906,-0.030699993631950948,-0.4849763080000302,validation,24,climatology,PALEMBANG3,2.6718342708190623
335,13.090895522388061,18.4870222734034,4.60492537313433,0.32866648244732316,-0.30753024648548744,validation,24,climatology,PALEMBANG4,12.494013887780342
341,5.70425219941349,7.669314165255971,-1.2136363636363636,-0.06053441964392426,-0.398823608033831,validation,24,climatology,PANGKALANBUN2,-10.860025076940616
339,10.883923303834809,14.34455510156892,2.412536873156343,0.1609493804715938,-0.08860823358637959,validation,24,climatology,PEKANBARU2,7.735683920980241
342,16.171491228070174,19.95234179194152,9.584649122807017,0.24436857766178077,-0.5089858318031086,validation,24,climatology,PESAWARAN,-24.541749234372155
354,10.448305084745762,20.99508652499652,-2.031920903954802,0.27548076329642074,0.06710854809888422,validation,24,climatology,PONTIANAK2,2.601711652402905
331,4.432326283987915,5.412707438305604,2.1465256797583083,0.2200455721822676,-0.21061709698524544,validation,24,climatology,SAMARINDA2,1.1454753722795141
348,10.20905172413793,12.674807860884709,4.201867816091952,0.44801091525771514,0.0831190907081234,validation,24,climatology,SEMARANG,3.142039258451468
271,5.6802583025830256,9.091918373192593,-1.1647601476014755,0.38582026710402084,0.12819355904084906,validation,24,climatology,SINTANG,-17.36428789265021
282,4.046099290780142,5.189425964783738,2.145390070921986,-0.21532560868203166,-0.6933585979049899,validation,24,climatology,SORONG,-27.500279360822443
342,11.316812865497077,18.970643487438306,-2.9086257309941512,0.06807462796842717,-0.1020885197673791,validation,24,climatology,SUPADIO,1.1783480148091385
266,3.629135338345865,4.739655336284161,0.5148496240601506,0.4227370289923561,0.164529878915606,validation,24,climatology,TANJUNGHARAPAN2,-10.313107073477346
357,8.619483743214046,11.687918814825144,-4.801559950567836,0.30655630925343524,-0.3438926861614655,validation,24,raw_cams,BANJARBARU2,5.602929740247442
352,10.450038517540252,12.172324977460807,-10.146143973401719,0.3145593559943589,-2.2859595904872467,validation,24,raw_cams,BATAM2,-56.1031046585541
344,12.791932257453217,20.53192292176619,-10.655414588929046,0.2885456613595726,-0.2547262620327808,validation,24,raw_cams,BENGKULU,17.01695902987276
321,8.487337972575036,11.098109630588223,7.123075217004703,0.17825276355272543,-3.826174373479165,validation,24,raw_cams,INDRAPURI2,-142.97114859507593
339,13.228211611520688,17.834417740917303,-11.415985728724339,0.3413946981164172,-0.5309168222304652,validation,24,raw_cams,JAMBI3,-0.005881588401535076
325,11.428442907478574,15.152004505653872,-10.08625228441167,0.4054495006122339,-0.5264090043842453,validation,24,raw_cams,JAMBI4,-5.776725662998716
356,43.98919610307582,52.216844250820444,40.9228464190633,0.5302195721413635,-3.1517378594853325,validation,24,raw_cams,KEMAYORAN3,-118.71417735359833
348,5.225810298563746,7.228268379351807,-0.5617458395429863,0.11107896264742666,-0.23151832512881998,validation,24,raw_cams,KOTABARU,-0.18631467056984263
231,19.73769579220547,23.09079534407239,19.654666620493938,0.29037858016570073,-28.63210808909524,validation,24,raw_cams,KOTOTABANG2,-506.7076151695893
346,24.597507335966718,27.516963066466946,24.08587893113237,0.3768796837582354,-4.437423944936059,validation,24,raw_cams,MALANG,-130.38730782178294
300,6.739293095399602,9.136884182165133,-4.426384082456836,0.3983088603915335,-0.14756962089443926,validation,24,raw_cams,MAROS,-2.8010336411186554
346,17.713839957800428,21.913271017164295,7.785431694439598,0.19837565423259457,-0.34132935222491945,validation,24,raw_cams,MEDAN2,5.659971594825874
345,35.08444236594744,43.65039061838427,31.6801614947944,0.289894203365356,-6.241093028386915,validation,24,raw_cams,MLATI,-139.7902574636845
326,5.228699732700596,6.765313250853627,-1.3262839335935486,0.1841026579877884,-0.30371155902157687,validation,24,raw_cams,PALANGKARAYA2,1.0761933224772702
359,14.752433268302564,21.093432042456776,-12.282747423229,0.20397653589809808,-0.5707047809963481,validation,24,raw_cams,PALEMBANG3,9.176095086420977
335,13.373787397572716,19.028042757135676,-11.3097357040992,0.34695701920862654,-0.38517948964205506,validation,24,raw_cams,PALEMBANG4,10.603025417294687
341,6.524485058161419,8.417485945890379,-5.838131236089118,0.36781659656525806,-0.6850573876054131,validation,24,raw_cams,PANGKALANBUN2,-26.800946360027588
339,9.49251179706677,13.848962426964414,-4.933993169164677,0.3801915396577291,-0.01468659409617934,validation,24,raw_cams,PEKANBARU2,19.530845231166914
342,27.10743024155607,35.261121911181974,23.55944177305078,0.34789158363316897,-3.7129156054231505,validation,24,raw_cams,PESAWARAN,-108.76286125500303
354,10.917414705519306,22.015659671569765,-3.445714640444595,0.17445711049977503,-0.02579170351076776,validation,24,raw_cams,PONTIANAK2,-1.7712917907527048
331,4.790855423386723,6.281680948698779,1.4684955288645922,0.16447150815047812,-0.6305324430611075,validation,24,raw_cams,SAMARINDA2,-6.850828457718827
348,19.524976451016553,23.740309379036123,14.135831578951228,0.18157801869605691,-2.2166433442143116,validation,24,raw_cams,SEMARANG,-85.24241562033153
271,6.3688755983307095,10.593423358351133,1.6547462423661787,0.4641827093916689,-0.18353655193494323,validation,24,raw_cams,SINTANG,-31.592351871578405
282,2.8497843970070003,4.342987824053976,-1.3819576885028324,0.14963887093265715,-0.1860077306707193,validation,24,raw_cams,SORONG,10.19787686266912
342,11.014685265637967,18.347600537439494,-3.1519752793621207,0.2240924805209522,-0.030886626804013995,validation,24,raw_cams,SUPADIO,3.8166127703770036
266,4.3833838153085845,5.868774300658218,-2.9399847318782544,0.3919495160045421,-0.2809501120280442,validation,24,raw_cams,TANJUNGHARAPAN2,-33.23964059788409
357,6.665427683570387,9.0688146455695,-1.6459682606170203,0.4672896697910134,0.19092036664446366,validation,24,obs_lgbm,BANJARBARU2,27.002954689409542
352,5.061325159219417,6.590030387772517,-0.580254206371069,0.2494177363424852,0.03685876787065434,validation,24,obs_lgbm,BATAM2,24.393716854301683
344,11.991289374003848,17.79104968690564,-2.04969621716053,0.2789104938806899,0.057908939484497046,validation,24,obs_lgbm,BENGKULU,22.210840600110803
321,3.128390511733969,4.2799999833956415,0.018279903134497823,0.54358603398289,0.2822180669343026,validation,24,obs_lgbm,INDRAPURI2,10.442044567323283
339,10.008686533358146,13.660045179382065,-0.743333126937758,0.3269808974950171,0.101872495263856,validation,24,obs_lgbm,JAMBI3,24.33387447183579
325,8.590211786070048,11.130083987389325,-0.9907565218009922,0.4276746501211642,0.17637860292468122,validation,24,obs_lgbm,JAMBI4,20.492714288524073
356,16.342830550072453,22.397975597342285,-5.603982554928747,0.5355212967880167,0.23611810697138325,validation,24,obs_lgbm,KEMAYORAN3,18.743485763805058
348,4.168915925313343,6.005148775556413,-0.10397826861968121,0.39389637091740143,0.14999812642861854,validation,24,obs_lgbm,KOTABARU,20.07587362224308
231,2.7593452793952786,3.6303386793520134,-0.33156080666370974,0.5367719301493761,0.2675481998599111,validation,24,obs_lgbm,KOTOTABANG2,15.181801791043338
346,8.363995358466262,11.343079361996377,0.5004347517989224,0.31399347942426814,0.0760379477396197,validation,24,obs_lgbm,MALANG,21.660420832426674
300,5.435247598017335,7.32918382928195,1.3030107222170564,0.5375243044357141,0.2615960138189737,validation,24,obs_lgbm,MAROS,17.090848659927772
346,14.008878192326963,19.04670736604043,-3.413260109620715,0.22113752352115226,-0.013353162077218261,validation,24,obs_lgbm,MEDAN2,25.39178575976837
345,11.574227378004679,15.241107429670615,-1.9363145041075192,0.3946357234246928,0.11720288203017915,validation,24,obs_lgbm,MLATI,20.894083652054086
326,4.2214250534493365,5.377400389334245,-0.007547345642807555,0.44062994076743967,0.176335318341155,validation,24,obs_lgbm,PALANGKARAYA2,20.13321528498151
359,11.817665045028038,17.059337551590332,-2.6655747069301805,0.13990496175017825,-0.027364121200391,validation,24,obs_lgbm,PALEMBANG3,27.244104966986814
335,10.52278777340437,15.54277262140994,-2.384807907146769,0.31805633315286014,0.07578119167625286,validation,24,obs_lgbm,PALEMBANG4,29.660509536067046
341,4.244410894229553,5.7347473508373055,-0.31209202335166064,0.4803770525457772,0.2178708450467438,validation,24,obs_lgbm,PANGKALANBUN2,17.511449052075832
339,9.292033094718924,12.803317011174768,-0.06776972041207552,0.37858226842603643,0.1327537189789867,validation,24,obs_lgbm,PEKANBARU2,21.23032710403312
342,10.355551863654588,14.668972730077124,-0.13044749759769772,0.434160629030112,0.1843631985933638,validation,24,obs_lgbm,PESAWARAN,20.248632287653823
354,8.610236965340855,18.714529337879497,-3.6925873642697664,0.5457787177329196,0.2587689652173967,validation,24,obs_lgbm,PONTIANAK2,19.736039875426926
331,3.5664258372337105,4.547911835839701,0.25899206709216444,0.42210034920624473,0.14532348679207885,validation,24,obs_lgbm,SAMARINDA2,20.457721708486076
348,8.58606281902185,10.983766670034589,-0.7706402699440732,0.5669127334680196,0.311454319345823,validation,24,obs_lgbm,SEMARANG,18.540080124874493
271,4.03113422211787,7.1205962537198255,0.36409735613900246,0.6834270380580745,0.46526114695711596,validation,24,obs_lgbm,SINTANG,16.709562809244993
282,2.5347683289331018,3.765181841321535,-0.025709690892840406,0.3379071316488284,0.1085803415747274,validation,24,obs_lgbm,SORONG,20.124631941095693
342,8.754870669145646,14.70956693697607,-1.8691318647511506,0.590154644048468,0.3373989385266213,validation,24,obs_lgbm,SUPADIO,23.54996121925671
266,2.813476707603619,3.856152455789447,0.42460644440940626,0.6781395164075537,0.4469736919088091,validation,24,obs_lgbm,TANJUNGHARAPAN2,14.480081793787825
357,6.557273599152244,8.890546158296154,-0.8494066461103227,0.48027562036395327,0.22241638628106897,validation,24,cams_lgbm,BANJARBARU2,28.187414108308772
352,4.817466950955892,6.353827801436472,-0.3017663574600713,0.33710797362943046,0.10466405133915924,validation,24,cams_lgbm,BATAM2,28.03648078694304
344,11.63677542183925,17.577666973353512,-2.1104190311685898,0.31130694469695314,0.08037196617920128,validation,24,cams_lgbm,BENGKULU,24.510621839166056
321,3.410422843882449,4.654662987769549,1.4010311546342626,0.5632209313819199,0.1510512515654001,validation,24,cams_lgbm,INDRAPURI2,2.3681679402241973
339,9.596552796568123,13.23150082975122,-1.566693282328529,0.4112848056522183,0.15734084807205861,validation,24,cams_lgbm,JAMBI3,27.44962427161318
325,8.128610712732712,10.791981407860149,-1.4333994268602166,0.48960255376878226,0.22565746728020208,validation,24,cams_lgbm,JAMBI4,24.765094217744156
356,15.97908683939492,21.258176526113143,-1.4285344718519497,0.562152522640968,0.31188551566019307,validation,24,cams_lgbm,KEMAYORAN3,20.552018619508218
348,4.234012972901738,5.972232062605474,0.3404192832036875,0.40516435565165776,0.15929101349381014,validation,24,cams_lgbm,KOTABARU,18.827869404484087
231,3.0786781896266784,3.972238640176423,1.0234635433330905,0.5331916101641423,0.12308918072852637,validation,24,cams_lgbm,KOTOTABANG2,5.365979799898513
346,8.98497716610687,11.84746633474504,3.3440557940708904,0.34251281368689734,-0.007959680372575662,validation,24,cams_lgbm,MALANG,15.844127135893004
300,5.5258103629708115,7.3245822397279685,1.7000635221402218,0.5533215811541105,0.26252292887337647,validation,24,cams_lgbm,MAROS,15.709406168137308
346,13.879120517446395,18.558164773529526,-1.550653240865344,0.2505285008051051,0.03796458209924902,validation,24,cams_lgbm,MEDAN2,26.08284669083608
345,11.404919515840133,14.773621667738887,0.7100612683533969,0.43744883545958635,0.1705278587148783,validation,24,cams_lgbm,MLATI,22.051245434350697
326,4.138774235713549,5.320577750494284,0.09077837564462324,0.4551080734120489,0.19365056968588124,validation,24,cams_lgbm,PALANGKARAYA2,21.696918295942382
359,11.625758655586472,16.92651156898199,-3.0236580972016225,0.1836072044069474,-0.011428051085491608,validation,24,cams_lgbm,PALEMBANG3,28.42558380169532
335,9.973649004507456,15.094481712509705,-2.8295555986375183,0.3989513450312998,0.12832573098045585,validation,24,cams_lgbm,PALEMBANG4,33.331223231902044
341,4.131361714039408,5.537755763941441,-0.7270468551525479,0.5322221124348675,0.2706810604555461,validation,24,cams_lgbm,PANGKALANBUN2,19.708517925029167
339,9.01583821356936,12.263886482900107,0.1420634734537883,0.45487549404757216,0.20429205862328914,validation,24,cams_lgbm,PEKANBARU2,23.571664056013674
342,11.080495605986453,14.803839550007941,3.564397978708668,0.47733482278029177,0.16929629166137228,validation,24,cams_lgbm,PESAWARAN,14.66561211386762
354,8.462657022992206,18.547681156006988,-3.253987885979103,0.5716552180568534,0.27192684364617314,validation,24,cams_lgbm,PONTIANAK2,21.111768633594718
331,3.564161111056283,4.564284980530171,0.9145819251764866,0.4535461979430324,0.13915848954722965,validation,24,cams_lgbm,SAMARINDA2,20.50823207603061
348,8.650405802891598,11.037895712057356,1.763058242969114,0.5776477689965012,0.30465116064204834,validation,24,cams_lgbm,SEMARANG,17.929628696666413
271,4.17770087349657,7.123121011728744,0.7349566774513355,0.6878436355933972,0.4648818737882423,validation,24,cams_lgbm,SINTANG,13.681233858068731
282,2.553281306776308,3.72347496712882,0.32861833150786235,0.36871675261611936,0.12821945445711902,validation,24,cams_lgbm,SORONG,19.541252820324186
342,8.789931801214871,14.70727554505104,-1.4128364965749873,0.5934401089379296,0.3376053566316377,validation,24,cams_lgbm,SUPADIO,23.243797369705455
266,2.7738556731266004,3.884377569177046,0.5968340791508374,0.6799290094302392,0.43884830977035116,validation,24,cams_lgbm,TANJUNGHARAPAN2,15.684423602825303
357,6.647084902915633,8.909044698151625,-0.12497974310268534,0.4683993240413368,0.21917718685292453,validation,24,cams_xgboost,BANJARBARU2,27.20383734152768
352,4.919925822453066,6.422791710909882,0.18067418932914717,0.31494354213334563,0.0851227727706727,validation,24,cams_xgboost,BATAM2,26.50594595554747
344,11.762108243897902,17.440824762566084,-0.9686086909715517,0.3158557129927231,0.09463484710273196,validation,24,cams_xgboost,BENGKULU,23.697570417498703
321,3.383827468984966,4.647972991666792,1.4005493403223817,0.5616405500465845,0.15348983084765344,validation,24,cams_xgboost,INDRAPURI2,3.129526661538029
339,9.671120493953559,13.200104454240492,-0.8649899693716943,0.40618134350484375,0.16133511220084462,validation,24,cams_xgboost,JAMBI3,26.885889086990556
325,8.205469152010403,10.828488625536169,-1.0431143182607798,0.4771222016240365,0.22040969955272427,validation,24,cams_xgboost,JAMBI4,24.05372573892518
356,16.095626206880205,21.21218224791351,-1.6409551400816846,0.5647685264949536,0.31485990912972095,validation,24,cams_xgboost,KEMAYORAN3,19.972585164322375
348,4.4139966137107765,6.056380915583113,0.8857936963267711,0.3992613475027422,0.13543290042765055,validation,24,cams_xgboost,KOTABARU,15.377323624319617
231,3.1477254723057606,3.9753584722108553,1.3454887807111204,0.564233784528843,0.12171117246674035,validation,24,cams_xgboost,KOTOTABANG2,3.2435683163498763
346,9.196040066956098,11.914881980185468,3.721325451514624,0.3459041904324621,-0.019463504882908156,validation,24,cams_xgboost,MALANG,13.867251477577502
300,5.588352074305217,7.367269490029473,1.8933749599456788,0.5551128855948393,0.2539019313469788,validation,24,cams_xgboost,MAROS,14.755396232696139
346,14.065965163501012,18.65341524314276,-0.7103611626376994,0.23124055996094825,0.028063874270760625,validation,24,cams_xgboost,MEDAN2,25.087753065843433
345,11.2813688781296,14.782270737584895,0.4912429046630858,0.42862415605213483,0.16955636199353008,validation,24,cams_xgboost,MLATI,22.89567211548176
326,4.18372225220218,5.358024875256044,0.3092238617820974,0.4493461021062303,0.18226017956654506,validation,24,cams_xgboost,PALANGKARAYA2,20.846529265979296
359,11.615420885006367,16.75414085282981,-2.2089170354986587,0.19798696311718006,0.009066766206755617,validation,24,cams_xgboost,PALEMBANG3,28.489228671332057
335,9.874475514995519,14.894459653360865,-2.0194820364197685,0.40962778457912496,0.15127436521287807,validation,24,cams_xgboost,PALEMBANG4,33.99414762703531
341,4.108506677297553,5.520963692947526,-0.7125795781088013,0.5359955349548062,0.27509736484148184,validation,24,cams_xgboost,PANGKALANBUN2,20.15269708432317
339,9.120000734582412,12.277471802518555,0.7774595086201805,0.4565162516517688,0.2025281913401772,validation,24,cams_xgboost,PEKANBARU2,22.688665940899288
342,11.312564497942116,14.90297836025434,4.107178991998148,0.4815601728731154,0.15813287210233784,validation,24,cams_xgboost,PESAWARAN,12.878376457030182
354,8.511213417376501,18.295718030624702,-2.613996941086936,0.5746352368172775,0.29157367215631635,validation,24,cams_xgboost,PONTIANAK2,20.659129697135448
331,3.578287995617916,4.575586918541008,1.0151914270983002,0.4552062045942287,0.13489003436951508,validation,24,cams_xgboost,SAMARINDA2,20.19315904928709
348,8.686115588812992,11.099852918129962,1.850151138196047,0.5733795329663008,0.296823077345434,validation,24,cams_xgboost,SEMARANG,17.590833563061036
271,4.13651193076834,7.005788864187815,0.7334322637297572,0.6998128419131171,0.48236562797453864,validation,24,cams_xgboost,SINTANG,14.53227102483835
282,2.6071122527967954,3.771257900037793,0.458110152914169,0.344961108598432,0.10570096485238112,validation,24,cams_xgboost,SORONG,17.844937390915604
342,8.672337475436473,14.228800618752475,-0.9331621881116897,0.6259133965848388,0.3800039234525373,validation,24,cams_xgboost,SUPADIO,24.270664710857304
266,2.8074562051242458,3.898095537176967,0.6238996247599897,0.6777123231719392,0.43487781330019326,validation,24,cams_xgboost,TANJUNGHARAPAN2,14.663084154605254
357,6.557273599152244,8.890546158296154,-0.8494066461103227,0.48027562036395327,0.22241638628106897,validation,24,champion,BANJARBARU2,28.187414108308772
352,4.817466950955892,6.353827801436472,-0.3017663574600713,0.33710797362943046,0.10466405133915924,validation,24,champion,BATAM2,28.03648078694304
344,11.63677542183925,17.577666973353512,-2.1104190311685898,0.31130694469695314,0.08037196617920128,validation,24,champion,BENGKULU,24.510621839166056
321,3.410422843882449,4.654662987769549,1.4010311546342626,0.5632209313819199,0.1510512515654001,validation,24,champion,INDRAPURI2,2.3681679402241973
339,9.596552796568123,13.23150082975122,-1.566693282328529,0.4112848056522183,0.15734084807205861,validation,24,champion,JAMBI3,27.44962427161318
325,8.128610712732712,10.791981407860149,-1.4333994268602166,0.48960255376878226,0.22565746728020208,validation,24,champion,JAMBI4,24.765094217744156
356,15.97908683939492,21.258176526113143,-1.4285344718519497,0.562152522640968,0.31188551566019307,validation,24,champion,KEMAYORAN3,20.552018619508218
348,4.234012972901738,5.972232062605474,0.3404192832036875,0.40516435565165776,0.15929101349381014,validation,24,champion,KOTABARU,18.827869404484087
231,3.0786781896266784,3.972238640176423,1.0234635433330905,0.5331916101641423,0.12308918072852637,validation,24,champion,KOTOTABANG2,5.365979799898513
346,8.98497716610687,11.84746633474504,3.3440557940708904,0.34251281368689734,-0.007959680372575662,validation,24,champion,MALANG,15.844127135893004
300,5.5258103629708115,7.3245822397279685,1.7000635221402218,0.5533215811541105,0.26252292887337647,validation,24,champion,MAROS,15.709406168137308
346,13.879120517446395,18.558164773529526,-1.550653240865344,0.2505285008051051,0.03796458209924902,validation,24,champion,MEDAN2,26.08284669083608
345,11.404919515840133,14.773621667738887,0.7100612683533969,0.43744883545958635,0.1705278587148783,validation,24,champion,MLATI,22.051245434350697
326,4.138774235713549,5.320577750494284,0.09077837564462324,0.4551080734120489,0.19365056968588124,validation,24,champion,PALANGKARAYA2,21.696918295942382
359,11.625758655586472,16.92651156898199,-3.0236580972016225,0.1836072044069474,-0.011428051085491608,validation,24,champion,PALEMBANG3,28.42558380169532
335,9.973649004507456,15.094481712509705,-2.8295555986375183,0.3989513450312998,0.12832573098045585,validation,24,champion,PALEMBANG4,33.331223231902044
341,4.131361714039408,5.537755763941441,-0.7270468551525479,0.5322221124348675,0.2706810604555461,validation,24,champion,PANGKALANBUN2,19.708517925029167
339,9.01583821356936,12.263886482900107,0.1420634734537883,0.45487549404757216,0.20429205862328914,validation,24,champion,PEKANBARU2,23.571664056013674
342,11.080495605986453,14.803839550007941,3.564397978708668,0.47733482278029177,0.16929629166137228,validation,24,champion,PESAWARAN,14.66561211386762
354,8.462657022992206,18.547681156006988,-3.253987885979103,0.5716552180568534,0.27192684364617314,validation,24,champion,PONTIANAK2,21.111768633594718
331,3.564161111056283,4.564284980530171,0.9145819251764866,0.4535461979430324,0.13915848954722965,validation,24,champion,SAMARINDA2,20.50823207603061
348,8.650405802891598,11.037895712057356,1.763058242969114,0.5776477689965012,0.30465116064204834,validation,24,champion,SEMARANG,17.929628696666413
271,4.17770087349657,7.123121011728744,0.7349566774513355,0.6878436355933972,0.4648818737882423,validation,24,champion,SINTANG,13.681233858068731
282,2.553281306776308,3.72347496712882,0.32861833150786235,0.36871675261611936,0.12821945445711902,validation,24,champion,SORONG,19.541252820324186
342,8.789931801214871,14.70727554505104,-1.4128364965749873,0.5934401089379296,0.3376053566316377,validation,24,champion,SUPADIO,23.243797369705455
266,2.7738556731266004,3.884377569177046,0.5968340791508374,0.6799290094302392,0.43884830977035116,validation,24,champion,TANJUNGHARAPAN2,15.684423602825303
357,6.526386114985536,8.835818448437939,-0.9781691352479811,0.49233265384808095,0.231960094886015,validation,24,prediction_q50,BANJARBARU2,28.525681236583956
352,4.882805304674884,6.396608098911904,-0.10177213509856733,0.3223228881004804,0.09256687605593483,validation,24,prediction_q50,BATAM2,27.06045377501446
344,11.675049566667173,17.4907143234173,-1.4388809685298796,0.3149696869458448,0.08944783645071075,validation,24,prediction_q50,BENGKULU,24.262332146535638
321,3.4219188556420006,4.679831995811841,1.3709108996215726,0.5617229628813307,0.14184544353556172,validation,24,prediction_q50,INDRAPURI2,2.0390660250528714
339,9.614054756332719,13.203852095918672,-1.3241362169036077,0.4118072084581982,0.1608588339008954,validation,24,prediction_q50,JAMBI3,27.317308659557295
325,8.063823480685235,10.776900586690438,-1.6145414266602172,0.49546678227821056,0.2278201029515654,validation,24,prediction_q50,JAMBI4,25.364736822273127
356,15.936932704540238,21.144445312275376,-0.7518399267094371,0.5679476874947288,0.31922864311687693,validation,24,prediction_q50,KEMAYORAN3,20.761608876742986
348,4.200136484647353,5.920136126986496,0.12188950930193017,0.4207744263709151,0.17389409566468195,validation,24,prediction_q50,KOTABARU,19.477330505879298
231,3.0640581903883337,4.002713894573574,0.7571424576934552,0.5262289040710544,0.10958213993423693,validation,24,prediction_q50,KOTOTABANG2,5.815376982075171
346,9.044491195848,11.840932269034102,3.827693571404406,0.3759325604827337,-0.0068481754419671415,validation,24,prediction_q50,MALANG,15.286701665807435
300,5.545545082106802,7.3177775673420635,1.8290426344918758,0.5610370474041128,0.263892552055945,validation,24,prediction_q50,MAROS,15.4083731818762
346,13.878948962748897,18.595652500578762,-1.2354549293592607,0.2473864285068937,0.0340740091905104,validation,24,prediction_q50,MEDAN2,26.083760353546914
345,11.314819446119966,14.803445360273466,2.058300709732464,0.4514735501354585,0.16717554713697824,validation,24,prediction_q50,MLATI,22.667048834910496
326,4.079972684032172,5.256599509009681,-0.06638389795786373,0.4763146273136941,0.2129261639830492,validation,24,prediction_q50,PALANGKARAYA2,22.809407753787482
359,11.637706287063141,16.83957386262883,-2.8532189253682025,0.20445660552358047,-0.0010649684183550168,validation,24,prediction_q50,PALEMBANG3,28.352027763484923
335,9.896063593823913,15.011134037343535,-2.667117496932046,0.40764134736143576,0.1379254565915201,validation,24,prediction_q50,PALEMBANG4,33.84984228727331
341,4.169261264425467,5.627553982486909,-1.0284937504873182,0.5222036519301725,0.2468365509617424,validation,24,prediction_q50,PANGKALANBUN2,18.971954224946753
339,9.064075041028751,12.324019267348408,0.20204885163488615,0.44906360102139137,0.1964698336470283,validation,24,prediction_q50,PEKANBARU2,23.16275471596032
342,11.238676876050912,14.8813158727702,4.222004177174467,0.49320899714958905,0.1605785150296133,validation,24,prediction_q50,PESAWARAN,13.447408313605402
354,8.438483665839561,18.45179937828029,-3.384587113586268,0.5751218371134924,0.27943489925124476,validation,24,prediction_q50,PONTIANAK2,21.337110791120363
331,3.526588674303462,4.541279507103574,0.7329585303038898,0.4565238064183915,0.1478144595952755,validation,24,prediction_q50,SAMARINDA2,21.34621311269821
348,8.648642231386669,10.955086085403211,2.1999600634639496,0.5966866081120253,0.3150454571793828,validation,24,prediction_q50,SEMARANG,17.946360509199543
271,4.053324901797405,7.0818854687386,0.43965472698128827,0.6910664608176266,0.471059507741206,validation,24,prediction_q50,SINTANG,16.251063709431477
282,2.431533816414799,3.7116335146194435,-0.15183934377161598,0.36887421896404365,0.1337555373380387,validation,24,prediction_q50,SORONG,23.377747655718718
342,8.656651378318749,14.528796021912092,-1.4969322562473408,0.603308667843875,0.35358473082079345,validation,24,prediction_q50,SUPADIO,24.407640204646697
266,2.734494196960238,3.8659404810129216,0.4853339234428649,0.6883471039038661,0.44416264881015044,validation,24,prediction_q50,TANJUNGHARAPAN2,16.880875740895508
356,9.142696629213484,12.331468378078522,0.0966292134831461,0.25047479095840636,-0.501057272369454,validation,48,persistence,BANJARBARU2,0.0
351,6.532763532763533,8.864944245015671,-0.17037037037037028,0.09750618069221939,-0.7301220520082792,validation,48,persistence,BATAM2,0.0
341,16.69032258064516,24.0498955924109,-0.2873900293255134,0.1267861154696051,-0.7328287924195229,validation,48,persistence,BENGKULU,0.0
318,3.9405660377358487,5.301159835119507,-0.09591194968553458,0.43482005414472463,-0.11747959006267816,validation,48,persistence,INDRAPURI2,0.0
338,13.971893491124261,19.10980184688525,0.04763313609467484,0.14187549210046688,-0.7117086101753318,validation,48,persistence,JAMBI3,0.0
323,11.176780185758513,14.84696026471975,0.14705882352941205,0.2783198147089236,-0.467300743473114,validation,48,persistence,JAMBI4,0.0
354,21.70593220338983,28.832247620066994,0.0556497175141241,0.3741781564854196,-0.2549633732737615,validation,48,persistence,KEMAYORAN3,0.0
348,5.505459770114942,8.331954483627559,-0.038218390804597824,0.17587101588522297,-0.6571700535270038,validation,48,persistence,KOTABARU,0.0
229,3.8384279475982535,5.03250569171242,-0.04192139737991262,0.3122370647015685,-0.36206175306424915,validation,48,persistence,KOTOTABANG2,0.0
345,11.261159420289854,15.373478951508138,0.0055072463768114765,0.16087516898393997,-0.670959630515158,validation,48,persistence,MALANG,0.0
297,6.788215488215488,9.31117680360616,0.06969696969696966,0.38397113316196435,-0.2769207657059374,validation,48,persistence,MAROS,0.0
347,19.08559077809798,25.124738374481975,0.006051873198847328,0.12043011429414291,-0.7564553400449459,validation,48,persistence,MEDAN2,0.0
342,16.19269005847953,21.015899717491816,-0.026023391812865556,0.17680268999156643,-0.6885191101437353,validation,48,persistence,MLATI,0.0
325,5.556307692307693,7.272840943167628,-0.11938461538461534,0.2432036845105149,-0.4969838634831467,validation,48,persistence,PALANGKARAYA2,0.0
359,16.680779944289693,23.446167821529393,0.23899721448467962,0.02612264272277901,-0.96058591613791,validation,48,persistence,PALEMBANG3,0.0
333,15.645045045045046,21.932741852426137,-0.051651651651651594,0.08694929305935052,-0.8347345559932804,validation,48,persistence,PALEMBANG4,0.0
338,5.640828402366863,7.580128178023527,0.015976331360946703,0.3211903980660708,-0.34757607430390336,validation,48,persistence,PANGKALANBUN2,0.0
338,12.763017751479289,17.49474054524851,0.032840236686390537,0.30858014971161846,-0.38401963488345436,validation,48,persistence,PEKANBARU2,0.0
337,14.542136498516319,20.32488425259307,0.14213649851632024,0.22182273478132494,-0.5663394952020682,validation,48,persistence,PESAWARAN,0.0
352,10.94914772727273,20.370461708740745,-0.11051136363636381,0.561770757571668,0.12184496869777084,validation,48,persistence,PONTIANAK2,0.0
329,4.399088145896657,5.734153531021404,0.04346504559270519,0.30906109274558347,-0.3835366647827765,validation,48,persistence,SAMARINDA2,0.0
346,12.004046242774566,15.44458301504675,0.10924855491329474,0.3305235869732384,-0.3478785915340412,validation,48,persistence,SEMARANG,0.0
270,5.5744444444444445,10.502929044724548,0.4677777777777778,0.5363785190490447,-0.13646076967578735,validation,48,persistence,SINTANG,0.0
276,3.4670289855072465,5.189276149572476,0.051086956521739134,0.1542546868567867,-0.6434935726823212,validation,48,persistence,SORONG,0.0
341,12.590029325513198,22.885117908826246,-0.10498533724340184,0.2643861202053328,-0.4772987435102256,validation,48,persistence,SUPADIO,0.0
262,3.627862595419847,4.977349458656462,0.21946564885496178,0.5469220001018287,0.0517633186022084,validation,48,persistence,TANJUNGHARAPAN2,0.0
356,8.398314606741573,11.02169209464742,2.5660112359550555,0.2579122494315661,-0.19912435618253688,validation,48,climatology,BANJARBARU2,8.141821310065133
351,6.09131054131054,7.720803380691989,1.3870370370370362,-0.08163006161447915,-0.3123501045918682,validation,48,climatology,BATAM2,6.7575228957697515
341,15.28782991202346,19.338533888634807,7.21891495601173,0.21640300603671261,-0.12040840101129868,validation,48,climatology,BENGKULU,8.403029131672335
318,4.008490566037735,5.1560720142713485,-0.3430817610062892,0.15124925661279795,-0.05714789921449759,validation,48,climatology,INDRAPURI2,-1.723725161599221
338,11.524112426035503,15.047624839608723,1.6587278106508878,0.21367232165454633,-0.06133717843767483,validation,48,climatology,JAMBI3,17.51932239280043
323,10.247523219814243,13.298330570986428,0.5397832817337466,0.09345277873353854,-0.17716758348497352,validation,48,climatology,JAMBI4,8.31417412260047
354,23.55988700564972,29.194118961203536,9.280790960451979,0.37171700611673597,-0.28666296143023606,validation,48,climatology,KEMAYORAN3,-8.541235570478566
348,5.889511494252874,7.834628316778593,2.0268678160919533,-0.05538564086488777,-0.46524448301792876,validation,48,climatology,KOTABARU,-6.9758338117856145
229,3.2901746724890826,4.384260006872341,-0.14999999999999986,0.11426891020380982,-0.03376268660491055,validation,48,climatology,KOTOTABANG2,14.283276450511961
345,9.451304347826087,12.330986067273953,3.7455072463768118,0.2748600332063739,-0.07502176383183201,validation,48,climatology,MALANG,16.071658387171496
297,8.272053872053872,10.896794697530769,5.2488215488215495,0.30074034159391677,-0.7488491100401438,validation,48,climatology,MAROS,-21.859034770100692
347,16.86080691642651,21.192696936874583,3.227665706051874,-0.02820983152559776,-0.24970201708756834,validation,48,climatology,MEDAN2,11.656877104504204
342,12.924853801169588,16.353516888421375,3.783918128654971,0.2859993616567158,-0.02242705460046479,validation,48,climatology,MLATI,20.18093501146645
325,7.092461538461539,9.284864027006535,2.460461538461538,0.002177018416009507,-1.4398326329913838,validation,48,climatology,PALANGKARAYA2,-27.647026248753992
359,15.754874651810585,20.44131146684771,5.964345403899722,-0.025708777588738123,-0.49025178763176536,validation,48,climatology,PALEMBANG3,5.550731414067189
333,13.023873873873873,18.39459278004119,4.482132132132133,0.33193878193156173,-0.29052892315867274,validation,48,climatology,PALEMBANG4,16.75400207301625
338,5.685502958579881,7.668680058924993,-1.1582840236686394,-0.05338068041522492,-0.3792450404596093,validation,48,climatology,PANGKALANBUN2,-0.791985733766909
338,11.134911242603552,15.253858761001812,1.8378698224852075,0.16264879199505655,-0.05217185609897279,validation,48,climatology,PEKANBARU2,12.756438489533817
337,15.975519287833828,19.785441287563444,9.331899109792285,0.2499705639710179,-0.48429839849639733,validation,48,climatology,PESAWARAN,-9.8567551574265
352,10.442613636363637,21.01439644516457,-2.0943181818181817,0.2733969408635761,0.06544838809931763,validation,48,climatology,PONTIANAK2,4.626242183648587
329,4.415653495440729,5.387545442653503,2.1199088145896656,0.21095786747281828,-0.22133254967572324,validation,48,climatology,SAMARINDA2,-0.37656325571751026
346,10.287138728323697,12.754483797332457,4.255346820809247,0.44689494312452116,0.08077003389045212,validation,48,climatology,SEMARANG,14.302739923917763
270,5.683703703703704,9.241333277224706,-1.2837037037037036,0.379272806381079,0.12016172429023542,validation,48,climatology,SINTANG,-1.9600026576307217
276,4.1094202898550725,5.257803034882839,2.152173913043478,-0.22440065952790153,-0.6871864176905624,validation,48,climatology,SORONG,-18.528581878984205
341,11.637683284457479,19.745868382571025,-3.261143695014662,0.06609589726749224,-0.09980197563933513,validation,48,climatology,SUPADIO,7.564287710798478
262,3.6124045801526723,4.71379026923028,0.6116412213740459,0.4073413954943416,0.14952608963619607,validation,48,climatology,TANJUNGHARAPAN2,0.4260915307732538
356,9.087906910834029,12.185356935111088,-5.362519417548996,0.28263526020371155,-0.4656969563116744,validation,48,raw_cams,BANJARBARU2,0.5992730657209622
351,10.967782951342535,12.679887091130734,-10.629843121697888,0.29506307132565945,-2.5396106844286725,validation,48,raw_cams,BATAM2,-67.88887116970037
341,13.132553477620498,20.585584802822748,-10.41693393644719,0.2397823048999172,-0.2695671691548369,validation,48,raw_cams,BENGKULU,21.316359140658005
318,7.936553236169471,10.74034809889104,6.310498965342788,0.19694644848248047,-3.5870610117710076,validation,48,raw_cams,INDRAPURI2,-101.4064263907024
338,13.459874319010538,18.470506655340934,-12.105968742495588,0.31474354477479555,-0.599098016896926,validation,48,raw_cams,JAMBI3,3.6646369544613755
323,11.729008263007225,15.500614512812781,-10.625498914779998,0.3957412601204196,-0.5993439686100765,validation,48,raw_cams,JAMBI4,-4.940851193909701
354,47.09834888732635,56.179629784701305,44.55145921599255,0.49714613358213766,-3.7646587170738846,validation,48,raw_cams,KEMAYORAN3,-116.98376483443992
348,5.00867208339483,6.944119641720802,-1.1437748707586572,0.16641014996575978,-0.15108577933476286,validation,48,raw_cams,KOTABARU,9.02354585200682
229,20.983362242428132,24.336266169531143,20.983362242428132,0.3367569836281368,-30.85195855143703,validation,48,raw_cams,KOTOTABANG2,-446.66552372196156
345,25.61335186938179,28.741977559722088,25.00677244009337,0.30402586215451777,-4.840565980531679,validation,48,raw_cams,MALANG,-127.44862152677459
297,6.9551947521244815,9.172781795588799,-4.844560475471548,0.3905602219118861,-0.23924429488044852,validation,48,raw_cams,MAROS,-2.4598403541972624
347,17.516464506732074,21.63205489181434,7.791314522182689,0.2039899544157179,-0.30205571521834296,validation,48,raw_cams,MEDAN2,8.221523187883639
342,38.02362074771789,47.469662392532946,34.32890831518051,0.2371953690552999,-7.614742315105444,validation,48,raw_cams,MLATI,-134.8196662222055
325,5.096742948676541,6.677965478938241,-2.2209540030254122,0.26888420597364615,-0.2621102069674177,validation,48,raw_cams,PALANGKARAYA2,8.27104561303159
359,14.920283732076681,21.450989039445158,-12.195364661639825,0.10391825779902368,-0.6411065621102046,validation,48,raw_cams,PALEMBANG3,10.554040147359412
333,13.56444955399773,19.241538668755965,-11.501659213627482,0.32535788401231647,-0.4121049727223771,validation,48,raw_cams,PALEMBANG4,13.298750403446514
338,7.128195723400391,9.065499645738617,-6.629069163711044,0.33407476607800946,-0.9274524957406689,validation,48,raw_cams,PANGKALANBUN2,-26.367888099723725
338,9.821433286698538,15.120956259074733,-5.91630357215484,0.37151385509634804,-0.03391718393730092,validation,48,raw_cams,PEKANBARU2,23.047718980409705
337,28.02417610598836,36.302494270273385,23.857654587414597,0.27836153703085664,-3.9969231218998234,validation,48,raw_cams,PESAWARAN,-92.71017094941698
352,10.612667043239554,22.29619753756352,-4.852645852062799,0.1629776596006143,-0.0520371000953217,validation,48,raw_cams,PONTIANAK2,3.0731221499099015
329,4.3386897433733,5.819830788655579,0.25907554329582344,0.2281247197050593,-0.42518996052020364,validation,48,raw_cams,SAMARINDA2,1.372975501290985
346,19.757521370622992,24.22576984216287,14.691625485037832,0.18532603650476706,-2.316298194210593,validation,48,raw_cams,SEMARANG,-64.59051365713766
270,5.821340622250924,9.974304979143744,0.06293943572796828,0.46214681263318014,-0.024941013890271924,validation,48,raw_cams,SINTANG,-4.429072354511288
276,3.008680686498451,4.570599482225206,-2.1061667558461967,0.15938072562736133,-0.27497238169852367,validation,48,raw_cams,SORONG,13.220203838063282
341,11.05919083668361,19.681378562437715,-5.0581174176004975,0.16593858296564531,-0.0926298211061658,validation,48,raw_cams,SUPADIO,12.159133622726392
262,4.830183928614859,6.395546072848675,-3.769377660278391,0.3223362639116584,-0.5655817430680139,validation,48,raw_cams,TANJUNGHARAPAN2,-33.14131397128806
356,6.788210533177454,9.302122578837292,-1.2721575698398786,0.4029168593998301,0.1458546281573223,validation,48,obs_lgbm,BANJARBARU2,25.752643793438203
351,5.1528564610042835,6.710085088892886,-0.45173837781774756,0.19036279449024768,0.008755525574565381,validation,48,obs_lgbm,BATAM2,21.122868826319085
341,12.702294598906436,18.087916662258763,-1.0254331798381515,0.195424198894582,0.019818815300491233,validation,48,obs_lgbm,BENGKULU,23.8942534661578
318,3.4321128757326065,4.575221112143653,0.1836553042325283,0.4240993337389161,0.16761934710063775,validation,48,obs_lgbm,INDRAPURI2,12.903048880139734
338,10.587056052223863,14.279391780663513,-1.3121918071811929,0.24105670249164987,0.044266329525586734,validation,48,obs_lgbm,JAMBI3,24.226046677571933
323,8.822640198410163,11.53639915987084,-1.3059132030836638,0.3542435756465114,0.11410022039613876,validation,48,obs_lgbm,JAMBI4,21.062774325185373
354,16.9845876349439,22.659274826819647,-4.490259865730503,0.5101239047231182,0.22488513408967303,validation,48,obs_lgbm,KEMAYORAN3,21.751401986359255
348,4.3622638726729255,6.227992297047222,-0.009381357117808827,0.2745882538125364,0.07408859722933847,validation,48,obs_lgbm,KOTABARU,20.764767070819023
229,3.2308894041078626,4.237491345797946,0.18233076709854393,0.30905333799508466,0.03429184899155768,validation,48,obs_lgbm,KOTOTABANG2,15.82779595668936
345,8.649695921254324,11.611576753220934,0.8702538466084206,0.2580480941441555,0.04675609517291146,validation,48,obs_lgbm,MALANG,23.19000558974693
297,5.626342659139484,7.374779311857893,1.6598825365411822,0.5071357582339678,0.19896247632843478,validation,48,obs_lgbm,MAROS,17.116027490480302
347,14.282438028347656,19.161994241129065,-3.4245008521578724,0.17300442135624605,-0.021681256978915542,validation,48,obs_lgbm,MEDAN2,25.166382354075566
342,12.200494341624628,15.764091962057352,-1.355399964889987,0.30730643188307594,0.049946800722107554,validation,48,obs_lgbm,MLATI,24.654308224496233
325,4.431560083217464,5.756230123111094,0.12418137898975616,0.3290882492261816,0.06225396749688472,validation,48,obs_lgbm,PALANGKARAYA2,20.24271641124844
359,12.132362179506956,17.353702678334237,-1.9357696837752996,-0.006092607749790189,-0.07405481129098601,validation,48,obs_lgbm,PALEMBANG3,27.26741663143749
333,10.711465533386262,15.46653258908707,-2.401499255054065,0.33120137446280423,0.08762514289263768,validation,48,obs_lgbm,PALEMBANG4,31.534453863533628
338,4.450013045432162,6.091316830831047,-0.27954159582866833,0.3968729633236735,0.12979300255428894,validation,48,obs_lgbm,PANGKALANBUN2,21.110646734707284
338,10.03336149381789,14.0716182043508,-0.6713361690969735,0.32835787708125885,0.10460363771827152,validation,48,obs_lgbm,PEKANBARU2,21.387232320859372
337,11.0898989697123,15.459554178579998,0.16092835216411175,0.3247447033530435,0.09380081352445524,validation,48,obs_lgbm,PESAWARAN,23.739548374863894
352,9.064721875803196,19.321348757439804,-3.9042394431072425,0.5259179151705723,0.20996864486935995,validation,48,obs_lgbm,PONTIANAK2,17.210708069777002
329,3.5488543268507,4.5473088927436995,0.40653574583224,0.4017778178265359,0.1299164628800744,validation,48,obs_lgbm,SAMARINDA2,19.327501310448415
346,9.327651992150965,11.755515447716078,-0.7587327309450076,0.48420916429885696,0.21912457786187156,validation,48,obs_lgbm,SEMARANG,22.295767581156777
270,4.59599382550604,7.823451671339859,0.19797194497890397,0.6082439520742194,0.36943422679205873,validation,48,obs_lgbm,SINTANG,17.552432869136215
276,2.688774311865756,3.9386974927840637,0.3287905788574194,0.24897405311096,0.05319684111717149,validation,48,obs_lgbm,SORONG,22.44730796583252
341,9.643113190663284,17.16585541084765,-2.697781317054564,0.435148068741785,0.1688241427749041,validation,48,obs_lgbm,SUPADIO,23.406745597312508
262,2.865205489385964,3.8603261011092784,0.8119289506395164,0.6752817651832296,0.4296145074964073,validation,48,obs_lgbm,TANJUNGHARAPAN2,21.02221586332218
356,6.802585237992502,9.164370038099165,-0.4369082912067646,0.4181955905050756,0.17096491710919082,validation,48,cams_lgbm,BANJARBARU2,25.595417699234034
351,4.961516946315054,6.476968366151734,-0.029223978161811028,0.2965760878356594,0.0764332768907765,validation,48,cams_lgbm,BATAM2,24.05179031153144
341,12.154088907816536,17.640568758316117,-1.0298672711438204,0.26952424620216997,0.06770268914402588,validation,48,cams_lgbm,BENGKULU,27.17882563929016
318,3.7428525340239562,4.985711084324808,1.3880592785710035,0.4454222506089535,0.011556116539225392,validation,48,cams_lgbm,INDRAPURI2,5.017388411170842
338,10.023359390443487,13.781140524258513,-1.8510836922228748,0.35525152267803706,0.10979958992517569,validation,48,cams_lgbm,JAMBI3,28.260551107042918
323,8.548483148583657,11.292809490467567,-2.041152394260237,0.4231370877598618,0.15111658536911132,validation,48,cams_lgbm,JAMBI4,23.515690507395327
354,16.45364588340108,21.622059534117035,-1.8851352704877673,0.5473464434859289,0.2942219131486098,validation,48,cams_lgbm,KEMAYORAN3,24.197469478728472
348,4.37227195275239,6.073092456700115,0.4064984988768913,0.3515370489820743,0.11957354286384791,validation,48,cams_lgbm,KOTABARU,20.582982433434303
229,3.5350019980898044,4.621870828093687,1.1183403185416307,0.2772396839942927,-0.1488513948745327,validation,48,cams_lgbm,KOTOTABANG2,7.904953633382805
345,9.343150166381928,12.22304238992618,3.850765082770266,0.3013382863048529,-0.05628297114034497,validation,48,cams_lgbm,MALANG,17.03207620391327
297,5.73892296629533,7.378345758123174,2.2887018443848643,0.5346638096506577,0.1981875248478594,validation,48,cams_lgbm,MAROS,15.457560587782693
347,14.149899212922962,18.611418045243784,-1.3533578132302966,0.21948568029159074,0.036186635419017676,validation,48,cams_lgbm,MEDAN2,25.860826749146593
342,11.916337824017829,15.224260676539911,0.5989670618234377,0.3734896795777944,0.11390062877750451,validation,48,cams_lgbm,MLATI,26.409152642443935
325,4.255865595168414,5.504484337117937,0.49000393476130916,0.4049856543509752,0.1424840234955418,validation,48,cams_lgbm,PALANGKARAYA2,23.404789100136536
359,12.036714411182128,17.210999611011175,-2.042655134780432,0.0588006206095678,-0.056463092712419005,validation,48,cams_lgbm,PALEMBANG3,27.84081768728902
333,10.386647853300571,15.276542491646088,-2.6261427057962137,0.3691836007764823,0.10990260213752279,validation,48,cams_lgbm,PALEMBANG4,33.610623533550424
338,4.316847046806555,5.920040789899291,-1.0485570918899878,0.4515395688290657,0.17804206801899436,validation,48,cams_lgbm,PANGKALANBUN2,23.471399254137427
338,9.562386186378651,13.556737487831061,-0.6639369813719586,0.4144937660041667,0.1689299870082709,validation,48,cams_lgbm,PEKANBARU2,25.077388650734033
337,11.985821352903189,15.95329523150482,3.8408947623268497,0.3555963827566381,0.03499282730768227,validation,48,cams_lgbm,PESAWARAN,17.57867659868233
352,9.09194252679764,19.481142290680722,-3.377366352426185,0.5044184827979281,0.19684700072382555,validation,48,cams_lgbm,PONTIANAK2,16.962098299660923
329,3.596932259518945,4.61921099746579,1.2373053851456364,0.4545315216953279,0.10218338141978534,validation,48,cams_lgbm,SAMARINDA2,18.234594529003477
346,9.288101658859405,11.717514164512119,1.2355925589386698,0.5066299970550426,0.2241649872196939,validation,48,cams_lgbm,SEMARANG,22.625242597261174
270,4.420335816946417,7.479379226523265,0.5433133252222041,0.6534831284613593,0.4236786702942321,validation,48,cams_lgbm,SINTANG,20.703563180151985
276,2.7558076259790463,3.920621588229196,0.6324435089526917,0.29628221973541147,0.06186724654626097,validation,48,cams_lgbm,SORONG,20.513856748853932
341,9.76825636041852,17.364118369088384,-2.4977673744529034,0.4092109350394727,0.14951336125838322,validation,48,cams_lgbm,SUPADIO,22.412759272740256
262,2.868669258846202,3.939431351676036,0.9882996887442087,0.6703044369661979,0.405998477452416,validation,48,cams_lgbm,TANJUNGHARAPAN2,20.926738998663343
356,6.858009304625265,9.135806554322594,0.2215978027729506,0.4240247279198564,0.17612473212304192,validation,48,cams_xgboost,BANJARBARU2,24.98920632768238
351,5.004143780656689,6.529012630838797,0.4534704126863397,0.2836607870690675,0.06153140873327967,validation,48,cams_xgboost,BATAM2,23.399281857370358
341,12.479429048107518,17.56223719981974,0.45367355458547665,0.2775968427092041,0.07596389252410729,validation,48,cams_xgboost,BENGKULU,25.229551509212776
318,3.8402133188907457,5.111322119051609,1.6132584916720603,0.44175653737838905,-0.03887741495511454,validation,48,cams_xgboost,INDRAPURI2,2.546657456926238
338,9.984371713491585,13.75680269698824,-1.1203338927771211,0.3447405056674955,0.11294104441382191,validation,48,cams_xgboost,JAMBI3,28.539594723977647
323,8.489851169172825,11.140789792596246,-1.3636881482859515,0.43162602308111325,0.17381747453507201,validation,48,cams_xgboost,JAMBI4,24.04027789693298
354,16.50739832840397,21.46271729566459,-1.291772218477928,0.5550306571545107,0.30458594679360307,validation,48,cams_xgboost,KEMAYORAN3,23.94983005693716
348,4.620242843408694,6.19830439943989,1.2976114349803705,0.3557911507167233,0.08289491720408271,validation,48,cams_xgboost,KOTABARU,16.078891930360363
229,3.8423498395228495,4.96859556798239,2.1442179117660856,0.34144091052686515,-0.32768651366830404,validation,48,cams_xgboost,KOTOTABANG2,-0.10217443125510872
345,9.765838415726371,12.610281872644356,4.77027955925983,0.2916685819311493,-0.1242715765954292,validation,48,cams_xgboost,MALANG,13.278570604988326
297,5.943173181167757,7.5499776442613475,2.677349628101696,0.5323442131456433,0.16045083406218208,validation,48,cams_xgboost,MAROS,12.448666494379045
347,14.274045379154963,18.6891372432472,-0.4199982766802786,0.20367924596195086,0.02812027500022507,validation,48,cams_xgboost,MEDAN2,25.21035609997776
342,11.711256307189227,15.045091128692562,0.4768021243357519,0.3801070598652452,0.1346343533001605,validation,48,cams_xgboost,MLATI,27.67565941857535
325,4.208522374519935,5.488443175328248,0.4543317649547869,0.4104454080287604,0.14747468509711503,validation,48,cams_xgboost,PALANGKARAYA2,24.25685171563967
359,12.103078105788375,17.00261128881486,-1.0435114942885373,0.08565522794625001,-0.031034962300023006,validation,48,cams_xgboost,PALEMBANG3,27.442972413699373
333,10.34676495400277,15.066492506378808,-1.673459663620224,0.3809036527584996,0.13421171220601236,validation,48,cams_xgboost,PALEMBANG4,33.86554705203804
338,4.3019833006097015,5.8370895623323635,-0.6216937082053641,0.4588119857209849,0.20091513192157162,validation,48,cams_xgboost,PANGKALANBUN2,23.734902150105984
338,9.499512543198625,13.392767315378954,-0.33146093977978947,0.43615419194383187,0.18891216771417185,validation,48,cams_xgboost,PEKANBARU2,25.570012295112654
337,12.25865967011947,15.980264004663418,4.681333525456732,0.3690058576048166,0.0317274132827875,validation,48,cams_xgboost,PESAWARAN,15.702485179050708
352,9.061548135497354,18.981269136816753,-2.2617344455285506,0.5373151427130586,0.2375349471464896,validation,48,cams_xgboost,PONTIANAK2,17.23969425559617
329,3.6534711104395905,4.62955364736855,1.3745404794223404,0.4574163449404413,0.09815836560558466,validation,48,cams_xgboost,SAMARINDA2,16.949354291810604
346,9.16325354052417,11.458502226134717,1.3952920869595742,0.5226358910811523,0.25808507535855396,validation,48,cams_xgboost,SEMARANG,23.66529289205559
270,4.41452000812248,7.385738334583952,0.6142004424554333,0.6647963901661016,0.4380192753541974,validation,48,cams_xgboost,SINTANG,20.80789301753574
276,2.8121605810911756,3.957775861216266,0.7722364487855332,0.2850817444106456,0.04400232558728945,validation,48,cams_xgboost,SORONG,18.88846061436258
341,9.828904771664975,17.139399239020374,-1.651324537282815,0.42318104278170093,0.17138419997974697,validation,48,cams_xgboost,SUPADIO,21.931041480998882
262,2.973979066164439,4.08633798965226,0.9666826837845431,0.6384836355762156,0.3608702185508168,validation,48,cams_xgboost,TANJUNGHARAPAN2,18.02393315780293
356,6.802585237992502,9.164370038099165,-0.4369082912067646,0.4181955905050756,0.17096491710919082,validation,48,champion,BANJARBARU2,25.595417699234034
351,4.961516946315054,6.476968366151734,-0.029223978161811028,0.2965760878356594,0.0764332768907765,validation,48,champion,BATAM2,24.05179031153144
341,12.154088907816536,17.640568758316117,-1.0298672711438204,0.26952424620216997,0.06770268914402588,validation,48,champion,BENGKULU,27.17882563929016
318,3.7428525340239562,4.985711084324808,1.3880592785710035,0.4454222506089535,0.011556116539225392,validation,48,champion,INDRAPURI2,5.017388411170842
338,10.023359390443487,13.781140524258513,-1.8510836922228748,0.35525152267803706,0.10979958992517569,validation,48,champion,JAMBI3,28.260551107042918
323,8.548483148583657,11.292809490467567,-2.041152394260237,0.4231370877598618,0.15111658536911132,validation,48,champion,JAMBI4,23.515690507395327
354,16.45364588340108,21.622059534117035,-1.8851352704877673,0.5473464434859289,0.2942219131486098,validation,48,champion,KEMAYORAN3,24.197469478728472
348,4.37227195275239,6.073092456700115,0.4064984988768913,0.3515370489820743,0.11957354286384791,validation,48,champion,KOTABARU,20.582982433434303
229,3.5350019980898044,4.621870828093687,1.1183403185416307,0.2772396839942927,-0.1488513948745327,validation,48,champion,KOTOTABANG2,7.904953633382805
345,9.343150166381928,12.22304238992618,3.850765082770266,0.3013382863048529,-0.05628297114034497,validation,48,champion,MALANG,17.03207620391327
297,5.73892296629533,7.378345758123174,2.2887018443848643,0.5346638096506577,0.1981875248478594,validation,48,champion,MAROS,15.457560587782693
347,14.149899212922962,18.611418045243784,-1.3533578132302966,0.21948568029159074,0.036186635419017676,validation,48,champion,MEDAN2,25.860826749146593
342,11.916337824017829,15.224260676539911,0.5989670618234377,0.3734896795777944,0.11390062877750451,validation,48,champion,MLATI,26.409152642443935
325,4.255865595168414,5.504484337117937,0.49000393476130916,0.4049856543509752,0.1424840234955418,validation,48,champion,PALANGKARAYA2,23.404789100136536
359,12.036714411182128,17.210999611011175,-2.042655134780432,0.0588006206095678,-0.056463092712419005,validation,48,champion,PALEMBANG3,27.84081768728902
333,10.386647853300571,15.276542491646088,-2.6261427057962137,0.3691836007764823,0.10990260213752279,validation,48,champion,PALEMBANG4,33.610623533550424
338,4.316847046806555,5.920040789899291,-1.0485570918899878,0.4515395688290657,0.17804206801899436,validation,48,champion,PANGKALANBUN2,23.471399254137427
338,9.562386186378651,13.556737487831061,-0.6639369813719586,0.4144937660041667,0.1689299870082709,validation,48,champion,PEKANBARU2,25.077388650734033
337,11.985821352903189,15.95329523150482,3.8408947623268497,0.3555963827566381,0.03499282730768227,validation,48,champion,PESAWARAN,17.57867659868233
352,9.09194252679764,19.481142290680722,-3.377366352426185,0.5044184827979281,0.19684700072382555,validation,48,champion,PONTIANAK2,16.962098299660923
329,3.596932259518945,4.61921099746579,1.2373053851456364,0.4545315216953279,0.10218338141978534,validation,48,champion,SAMARINDA2,18.234594529003477
346,9.288101658859405,11.717514164512119,1.2355925589386698,0.5066299970550426,0.2241649872196939,validation,48,champion,SEMARANG,22.625242597261174
270,4.420335816946417,7.479379226523265,0.5433133252222041,0.6534831284613593,0.4236786702942321,validation,48,champion,SINTANG,20.703563180151985
276,2.7558076259790463,3.920621588229196,0.6324435089526917,0.29628221973541147,0.06186724654626097,validation,48,champion,SORONG,20.513856748853932
341,9.76825636041852,17.364118369088384,-2.4977673744529034,0.4092109350394727,0.14951336125838322,validation,48,champion,SUPADIO,22.412759272740256
262,2.868669258846202,3.939431351676036,0.9882996887442087,0.6703044369661979,0.405998477452416,validation,48,champion,TANJUNGHARAPAN2,20.926738998663343
356,6.7746503860565515,9.178321910150437,-0.4730761369600846,0.41601055867588344,0.16843874327161867,validation,48,prediction_q50,BANJARBARU2,25.900960506447944
351,4.987960150620622,6.506588166723119,0.04005674936112469,0.285638293667111,0.0679668428741449,validation,48,prediction_q50,BATAM2,23.647012086007923
341,12.187835897487467,17.60133705533821,-0.6777315865251111,0.27465677542965367,0.07184483904443772,validation,48,prediction_q50,BENGKULU,26.97663068764755
318,3.664868067165945,4.943737018663972,1.1863432107145593,0.4446589542071704,0.02812922413917318,validation,48,prediction_q50,INDRAPURI2,6.996405286188601
338,10.060217687494902,13.816249862260008,-1.80732000783222,0.3472709900289122,0.10525799782826795,validation,48,prediction_q50,JAMBI3,27.996747943392762
323,8.58339095386778,11.30424700457195,-1.7364597220409035,0.4118272259781689,0.14939619279546257,validation,48,prediction_q50,JAMBI4,23.20336616439175
354,16.40190766303328,21.55925527182261,-1.6727395506104825,0.5501616235388728,0.2983160186805558,validation,48,prediction_q50,KEMAYORAN3,24.43582929614152
348,4.357438389295675,6.039629284687304,0.3956863038357319,0.36496497699675207,0.12924923731778248,validation,48,prediction_q50,KOTABARU,20.85241612428127
229,3.4336609123030817,4.551691064497376,0.9072060156797858,0.30037562588636463,-0.11422732265784141,validation,48,prediction_q50,KOTOTABANG2,10.545125265369093
345,9.628098924092265,12.54181587004529,4.289632602438893,0.28149785494334245,-0.11209652453738661,validation,48,prediction_q50,MALANG,14.501708352118815
297,5.7391829948450495,7.408879396850207,2.1726077706607874,0.5234321613269406,0.19153754925204103,validation,48,prediction_q50,MAROS,15.453730000050603
347,14.049185492712873,18.532243317502157,-0.8896717554998713,0.23023520641312403,0.044369498895867165,validation,48,prediction_q50,MEDAN2,26.388521811778165
342,11.845503469565545,15.150163311011148,0.8095486862759508,0.3849677445259139,0.12250503337081675,validation,48,prediction_q50,MLATI,26.84659913340045
325,4.208285456724854,5.497327838237705,0.23131012630475903,0.40475139268173677,0.14471232407706502,validation,48,prediction_q50,PALANGKARAYA2,24.261115658678843
359,12.038008631089443,17.173062020436713,-1.7695502696240202,0.06512227272094309,-0.05181077825209446,validation,48,prediction_q50,PALEMBANG3,27.833058937928158
333,10.356551426296482,15.259409643205302,-2.481829697423942,0.3681815196318225,0.11189799505277809,validation,48,prediction_q50,PALEMBANG4,33.80299387775484
338,4.3116919879511,5.895287535848061,-1.080305439565687,0.4611429910772866,0.18490134414612414,validation,48,prediction_q50,PANGKALANBUN2,23.56278758378936
338,9.501528305516212,13.446319996530493,-0.5645194013608938,0.4292513384486066,0.18241272378581386,validation,48,prediction_q50,PEKANBARU2,25.554218520028748
337,11.968651426670815,15.881421174035262,4.248949687059417,0.3776113580702797,0.0436684945199014,validation,48,prediction_q50,PESAWARAN,17.69674677519405
352,9.04354352095835,19.29088462567918,-3.377460612459919,0.5248839132119821,0.21245797889997775,validation,48,prediction_q50,PONTIANAK2,17.40413275791135
329,3.566573301009834,4.579690041257262,1.126724045814488,0.45896451236351093,0.11748070416028134,validation,48,prediction_q50,SAMARINDA2,18.924713878792566
346,9.41848894653702,11.827488255227063,1.9391630749687774,0.5058007299206497,0.2095335320851116,validation,48,prediction_q50,SEMARANG,21.53904811716163
270,4.332258292360393,7.37207120089632,0.33838222162035764,0.6643632223767737,0.4400972149997945,validation,48,prediction_q50,SINTANG,22.28358654326582
276,2.663612787523156,3.8863575176587233,0.2799747474364078,0.2883179810348709,0.07819311970341258,validation,48,prediction_q50,SORONG,23.17304531754718
341,9.788065355402349,17.356240047290783,-2.5577024237356114,0.4108067064403315,0.15028493943494892,validation,48,prediction_q50,SUPADIO,22.2554205210053
262,2.832640394248442,3.9207453503079592,0.7889566195709221,0.6643497336796135,0.41162019692290897,validation,48,prediction_q50,TANJUNGHARAPAN2,21.919854466797283
356,9.29241573033708,12.315178585611562,0.13511235955056175,0.24927244910465418,-0.510060377924179,validation,72,persistence,BANJARBARU2,0.0
350,6.847428571428571,9.215099410362166,0.009142857142857192,0.06058778827003208,-0.8634490368786016,validation,72,persistence,BATAM2,0.0
340,16.75735294117647,23.287089960394994,-0.2091176470588236,0.18446443328952544,-0.6075334442271954,validation,72,persistence,BENGKULU,0.0
317,4.166876971608833,5.759964620466178,-0.09495268138801265,0.310645292987295,-0.3226231592521178,validation,72,persistence,INDRAPURI2,0.0
339,14.252212389380531,19.183863517785632,0.3283185840707967,0.1338558685113342,-0.754116164523311,validation,72,persistence,JAMBI3,0.0
322,11.811490683229815,15.605601996225468,0.11956521739130421,0.21412244072173903,-0.5706291398966055,validation,72,persistence,JAMBI4,0.0
354,22.164689265536722,29.10839133871337,0.06242937853107343,0.3597321689776651,-0.27815533835570094,validation,72,persistence,KEMAYORAN3,0.0
348,6.0551724137931044,8.822248520956393,-0.012068965517241388,0.07503030941592359,-0.8416058772584132,validation,72,persistence,KOTABARU,0.0
225,4.1,5.526272603562811,0.07155555555555557,0.15331819143370082,-0.7072318784807665,validation,72,persistence,KOTOTABANG2,0.0
345,11.646376811594203,15.60442337882138,0.09855072463768116,0.13326123835990122,-0.7516810663146152,validation,72,persistence,MALANG,0.0
295,7.2589830508474575,9.901713599341775,-0.04949152542372888,0.32896060486317674,-0.33055654097415466,validation,72,persistence,MAROS,0.0
346,19.395664739884392,25.64039724922892,0.05404624277456644,0.09409677913526908,-0.8285391309614978,validation,72,persistence,MEDAN2,0.0
341,17.335190615835774,22.567333592042846,-0.18856304985337244,0.052552491103640166,-0.889252625027946,validation,72,persistence,MLATI,0.0
322,5.322670807453417,7.007190184782648,0.01956521739130436,0.3005310554897471,-0.38564629812861284,validation,72,persistence,PALANGKARAYA2,0.0
359,16.23147632311978,23.040971742313378,0.06768802228412243,0.05103813334545344,-0.8971661245935538,validation,72,persistence,PALEMBANG3,0.0
332,13.600602409638553,19.864265305935138,-0.039156626506024396,0.21504967293318972,-0.5570749687924719,validation,72,persistence,PALEMBANG4,0.0
338,6.257988165680473,8.45696379833747,-0.03017751479289949,0.15713121929106086,-0.6869882029720462,validation,72,persistence,PANGKALANBUN2,0.0
336,13.661309523809523,18.370215606480272,0.48333333333333345,0.1741936391444342,-0.8228259172460513,validation,72,persistence,PEKANBARU2,0.0
335,15.182089552238805,21.239762766755653,0.1808955223880596,0.1404804357358048,-0.7464822618856974,validation,72,persistence,PESAWARAN,0.0
352,12.70710227272727,26.286479522405013,-0.11448863636363638,0.27332847637074387,-0.4546556800058692,validation,72,persistence,PONTIANAK2,0.0
329,4.7161094224924005,6.043399272928811,-0.09969604863221888,0.23531898435026496,-0.5050580791062704,validation,72,persistence,SAMARINDA2,0.0
346,12.413872832369941,15.765613418893297,0.08959537572254327,0.2988991591849384,-0.3956324032924077,validation,72,persistence,SEMARANG,0.0
269,6.674721189591077,13.77519590803821,0.13568773234200737,0.25955730536389676,-0.5669144384150915,validation,72,persistence,SINTANG,0.0
274,3.297080291970803,4.809699749343208,-0.1459854014598541,0.31682511160077864,-0.3045747871710922,validation,72,persistence,SORONG,0.0
340,13.115882352941176,22.451411589317523,-0.054117647058823465,0.2856548591285706,-0.42158321091259543,validation,72,persistence,SUPADIO,0.0
260,3.723846153846154,5.284774938807343,0.18538461538461537,0.4736534719562186,-0.14817372271808016,validation,72,persistence,TANJUNGHARAPAN2,0.0
356,8.336516853932585,10.970611917422682,2.6103932584269653,0.26242035274251424,-0.1983249144273902,validation,72,climatology,BANJARBARU2,10.286871618149396
350,6.038428571428571,7.688327423531634,1.3964285714285702,-0.06461958922230154,-0.2971231528902598,validation,72,climatology,BATAM2,11.814654093298849
340,15.360735294117646,19.390553529398552,7.194558823529413,0.22076945181747623,-0.11457677394890009,validation,72,climatology,BENGKULU,8.334357174199225
317,4.003154574132492,5.126197636475002,-0.31135646687697155,0.1621786359619163,-0.047579963599549524,validation,72,climatology,INDRAPURI2,3.9291392232568723
339,11.430825958702064,14.928907487189473,1.6859882005899707,0.2166144195821802,-0.06228794289562023,validation,72,climatology,JAMBI3,19.796129566387254
322,10.389596273291927,13.444749777658599,0.5389751552795033,0.09843699278378475,-0.16578387914221282,validation,72,climatology,JAMBI4,12.038229958194202
354,23.607627118644068,29.215012393503144,9.324576271186443,0.37165384416756464,-0.28753599120195816,validation,72,climatology,KEMAYORAN3,-6.510074812331923
348,5.90933908045977,7.844960953141949,2.075431034482758,-0.046359020019943166,-0.456195516942431,validation,72,climatology,KOTABARU,2.408409263477629
225,3.2079999999999997,4.32190801485743,-0.11999999999999984,0.10263305329533612,-0.04418858626007127,validation,72,climatology,KOTOTABANG2,21.756097560975608
345,9.383623188405798,12.264682712120422,3.847971014492753,0.27821356598108193,-0.08211201851931427,validation,72,climatology,MALANG,19.42882030861125
295,8.214237288135594,10.826854559890283,4.970169491525425,0.31294053390423404,-0.5908059949340112,validation,72,climatology,MAROS,-13.15961520500608
346,16.731936416184972,21.147937319988756,3.214595375722544,-0.0227107623393298,-0.24391524056774205,validation,72,climatology,MEDAN2,13.733627382318314
341,12.98357771260997,16.56525087817542,3.8205278592375365,0.2865652094700586,-0.017947949890725567,validation,72,climatology,MLATI,25.102769272410463
322,7.1677018633540355,9.351939547063244,2.5633540372670796,-0.002245243737454898,-1.4681295825076237,validation,72,climatology,PALANGKARAYA2,-34.66363265067969
359,15.717548746518107,20.423902513277582,5.908356545961002,-0.027307344335017962,-0.4906690565938088,validation,72,climatology,PALEMBANG3,3.166240496988215
332,12.893825301204819,18.234771456210822,4.716415662650602,0.3332682103789498,-0.3120946302069354,validation,72,climatology,PALEMBANG4,5.1966603180227615
338,5.715680473372781,7.667069173037505,-1.2263313609467457,-0.05475808298687382,-0.3865702110275615,validation,72,climatology,PANGKALANBUN2,8.665847201210287
336,10.818154761904761,14.146378680139478,2.3648809523809526,0.17081323713937258,-0.08095408364590706,validation,72,climatology,PEKANBARU2,20.811729336412355
335,15.859253731343285,19.640859976004485,9.34671641791045,0.25422101363876015,-0.49343338205423515,validation,72,climatology,PESAWARAN,-4.460283130161247
352,10.495454545454544,21.05878136852351,-2.157386363636363,0.27613423164520223,0.06639788598020813,validation,72,climatology,PONTIANAK2,17.404815667687622
329,4.435866261398177,5.413682990888538,2.10790273556231,0.21654243582334318,-0.20774799660850807,validation,72,climatology,SAMARINDA2,5.942253158030397
346,10.339450867052022,12.794478408503597,4.27586705202312,0.4468377039711845,0.08083290410244615,validation,72,climatology,SEMARANG,16.71051406220898
269,5.923048327137546,10.666384851450678,-1.5762081784386617,0.3047002888379928,0.06052719513453286,validation,72,climatology,SINTANG,11.261487050960728
274,4.124817518248176,5.349759527988082,1.986861313868613,-0.23083717042262825,-0.6139927176028244,validation,72,climatology,SORONG,-25.105158290901073
340,11.635147058823529,19.78303621941848,-3.226323529411764,0.05951280729009159,-0.10375040191460583,validation,72,climatology,SUPADIO,11.289635376956541
260,3.5044230769230773,4.542983812768535,0.6163461538461538,0.4103224173869136,0.15152902885589892,validation,72,climatology,TANJUNGHARAPAN2,5.892377607932242
356,9.565543233282225,12.672107760511254,-5.8793615695763215,0.21849998946495067,-0.598860594716699,validation,72,raw_cams,BANJARBARU2,-2.939251868095649
350,11.375105173082977,13.217466080922899,-10.903935207761549,0.20487882055819487,-2.8336625261389967,validation,72,raw_cams,BATAM2,-66.1222903521256
340,13.490968293483876,21.078251304740853,-10.739344999283842,0.19195922083148856,-0.31703929097363437,validation,72,raw_cams,BENGKULU,19.492247129714478
317,7.834478030819884,10.631856186477659,5.785358998319526,0.12910307534752682,-3.5062437332329663,validation,72,raw_cams,INDRAPURI2,-88.0179828730338
339,13.758898758535558,18.442950977609833,-12.474851183755941,0.35844680804548845,-0.6212389252612613,validation,72,raw_cams,JAMBI3,3.461312653553672
322,12.137649039580825,15.824746463615867,-10.837348112889275,0.3921335562242458,-0.615050546292703,validation,72,raw_cams,JAMBI4,-2.7613648869409646
354,49.24548767018067,57.983969598294955,46.801137611995905,0.5116447804429104,-4.071811640229613,validation,72,raw_cams,KEMAYORAN3,-122.17991454881867
348,4.831805961853477,6.9522306324080185,-1.3086378135309096,0.15919537510280274,-0.14363242142500798,validation,72,raw_cams,KOTABARU,20.203660083285413
225,20.420930844276267,24.02083639677922,20.330678242511013,0.3478749018927955,-31.25552787102516,validation,72,raw_cams,KOTOTABANG2,-398.0714840067383
345,26.595879946610875,29.659482834493957,26.053716885739167,0.34503064027636965,-5.328295258186474,validation,72,raw_cams,MALANG,-128.36183627627554
295,7.112881418910177,9.626360542193481,-4.922487077378885,0.3547932907982873,-0.2575835862888911,validation,72,raw_cams,MAROS,2.012701103086667
346,18.44272176432681,22.496286951487125,8.410057328213016,0.15692128732425728,-0.4075908849430463,validation,72,raw_cams,MEDAN2,4.913175126181645
341,35.10120878101512,44.49326840431262,31.456465577736886,0.26290110731414434,-6.343754598000975,validation,72,raw_cams,MLATI,-102.48527725417685
322,5.205198981146118,6.820264820930002,-2.7587064078191736,0.24940400574495447,-0.31270473524767906,validation,72,raw_cams,PALANGKARAYA2,2.2070090478411797
359,15.158392974660845,21.65291781178992,-12.782968407869857,0.11531819377414367,-0.6754699137079347,validation,72,raw_cams,PALEMBANG3,6.611125981993737
332,13.532644094527592,19.30837727922382,-11.58410333645603,0.2873236896644295,-0.47114696969283076,validation,72,raw_cams,PALEMBANG4,0.4996713606067904
338,7.48497457457172,9.446840169275706,-7.091434076293677,0.3085784495070533,-1.1050200548638482,validation,72,raw_cams,PANGKALANBUN2,-19.606723061896815
336,9.473586237129853,13.6074813397522,-5.550490016747931,0.41498890926434345,-0.00016622042347913535,validation,72,raw_cams,PEKANBARU2,30.653893606473993
335,29.52445394491296,37.585092541566944,25.115352237101234,0.25934251002194847,-4.468851156823242,validation,72,raw_cams,PESAWARAN,-94.46897505988679
352,11.07065702453204,22.904088320151722,-5.271236121660419,0.0713593403607831,-0.10438722491560992,validation,72,raw_cams,PONTIANAK2,12.878193730347686
329,4.24575887818832,5.581955678698284,-0.6046132623154593,0.2236829028654032,-0.28399535026478007,validation,72,raw_cams,SAMARINDA2,9.973274624648276
346,21.186366108284055,26.153331498119318,15.578392756952523,0.1403082009279454,-2.8406376492145147,validation,72,raw_cams,SEMARANG,-70.66685307939755
269,6.0894238300424695,11.635136975951529,-0.7930552311114861,0.3340363722398367,-0.11787363958679697,validation,72,raw_cams,SINTANG,8.768866038350065
274,3.2158982575364954,4.9226303082615095,-2.477688130180787,0.13880472230407587,-0.3665561834556792,validation,72,raw_cams,SORONG,2.4622401411335204
340,11.359859639473365,19.927761323507323,-5.317861534905499,0.13175747808862445,-0.11995870176721946,validation,72,raw_cams,SUPADIO,13.388521383573027
260,5.0629255662638935,6.652219461340862,-4.5771189704356,0.3185729040928651,-0.8192305754617133,validation,72,raw_cams,TANJUNGHARAPAN2,-35.95957934606613
356,6.788550762487445,9.197372714945688,-0.9319220343005187,0.40840184883005043,0.1577510916867627,validation,72,obs_lgbm,BANJARBARU2,26.94525342506182
350,5.330351734717425,6.9056770750696685,-0.2710072173234808,0.08416660326922792,-0.046477758278292036,validation,72,obs_lgbm,BATAM2,22.155424052778983
340,12.940005496753265,18.444961692548052,-0.6392362450619273,0.1408882523141945,-0.008521335947523356,validation,72,obs_lgbm,BENGKULU,22.78013393776024
317,3.69516441804325,4.82547764818429,-7.963667050222314e-05,0.3118521424450852,0.07172403065699551,validation,72,obs_lgbm,INDRAPURI2,11.320529902361255
339,10.429589610505843,14.358071632352596,-1.292671581626468,0.19281814784683163,0.017396220999407297,validation,72,obs_lgbm,JAMBI3,26.821258864504173
322,9.102267705342996,11.938948359991532,-1.2447791555856322,0.30423603289935436,0.08072649100719931,validation,72,obs_lgbm,JAMBI4,22.93718083978533
354,17.27946784888368,23.04360710339923,-4.290166326087693,0.48271582903493365,0.19897116129772008,validation,72,obs_lgbm,KEMAYORAN3,22.040559008643267
348,4.527563790120398,6.355219922696001,0.3862774974754871,0.22195973471530822,0.044349074029578994,validation,72,obs_lgbm,KOTABARU,25.228160641519636
225,3.363273904665475,4.383533705603049,-0.18283697494731335,0.15729069696424308,-0.07417886592557377,validation,72,obs_lgbm,KOTOTABANG2,17.9689291545006
345,8.423776323463048,11.436752979212711,1.048486221306945,0.2779353171602361,0.05905320457247032,validation,72,obs_lgbm,MALANG,27.6704123545358
295,5.795836298669643,7.531364038102927,1.6620103132390722,0.5210914534835589,0.2302319277007283,validation,72,obs_lgbm,MAROS,20.156359946411474
346,14.103391022701754,19.06629152962326,-3.0680693392474314,0.1725872694052626,-0.011083954281797759,validation,72,obs_lgbm,MEDAN2,27.28585891825527
341,12.282453285783065,16.10514423788172,-1.1488382438361413,0.2761734350845768,0.03781457432159496,validation,72,obs_lgbm,MLATI,29.147284515216178
322,4.49151294993754,5.824972799077098,0.1799730414085927,0.2972938010689952,0.04247002287200452,validation,72,obs_lgbm,PALANGKARAYA2,15.615428561766276
359,12.427557502222953,17.603292820522075,-1.1669240942478494,-0.08465221841560229,-0.107367071631572,validation,72,obs_lgbm,PALEMBANG3,23.435445705444568
332,10.593097659328174,15.138489853228439,-1.6998293893501133,0.32787987544141994,0.09566442137675113,validation,72,obs_lgbm,PALEMBANG4,22.113026024339945
338,4.6829707029577055,6.363357491605906,-0.28548030742721964,0.30510419951371753,0.04488482006397265,validation,72,obs_lgbm,PANGKALANBUN2,25.16811187595951
336,9.90596008678589,13.307753293207153,-0.1902957439449523,0.25292832303600854,0.043409265733903024,validation,72,obs_lgbm,PEKANBARU2,27.488941894469534
335,11.471141192237097,15.683100935433485,1.0417502958611828,0.27553518724721904,0.047798785945212585,validation,72,obs_lgbm,PESAWARAN,24.442935521049403
352,9.574673264906266,20.354289577200152,-3.834866111270978,0.4112768218998304,0.1278177327124994,validation,72,obs_lgbm,PONTIANAK2,24.65100965264132
329,3.6336036100884046,4.694382442789509,0.5633090368727766,0.37508147810144316,0.09187084404982182,validation,72,obs_lgbm,SAMARINDA2,22.953365060641573
346,9.710476968995284,12.15197039930148,-0.3393767455720667,0.4384578690006075,0.17083167427647084,validation,72,obs_lgbm,SEMARANG,21.777215699563037
269,5.092966388031225,9.994518939043811,-0.2597303792399257,0.42960840816804635,0.17515279914354243,validation,72,obs_lgbm,SINTANG,23.697690984104725
274,2.89272266086665,4.127451632474398,0.5192958625372948,0.23486210672223262,0.039279551821588266,validation,72,obs_lgbm,SORONG,12.26411234475735
340,10.094155777963019,17.125191676466297,-3.071364296463971,0.44927242936781425,0.17290410625988073,validation,72,obs_lgbm,SUPADIO,23.038683129850956
260,2.8541397112728752,3.869306370803456,0.5245854339822954,0.6332903209045893,0.38451021940774743,validation,72,obs_lgbm,TANJUNGHARAPAN2,23.35505836284367
356,6.732105862782545,9.009041106192518,-0.21566272474381265,0.4388633412102651,0.19189085534644756,validation,72,cams_lgbm,BANJARBARU2,27.552683197285887
350,5.105024132226824,6.608763070872778,0.09136128379355292,0.23523742209678689,0.041575658268953264,validation,72,cams_lgbm,BATAM2,25.446113399007398
340,12.632664287576512,18.23715182619285,-0.80112228547883,0.18405193416774726,0.014075627797745405,validation,72,cams_lgbm,BENGKULU,24.614201706432404
317,3.975344140741714,5.294042230779498,1.3244377013342106,0.33204304741572577,-0.11730384671967942,validation,72,cams_lgbm,INDRAPURI2,4.596555937987478
339,9.83396433722831,13.717187708767572,-1.9283912106518042,0.3477947087123927,0.10315712552443601,validation,72,cams_lgbm,JAMBI3,31.00043650376908
322,8.65537825186122,11.40900538425156,-1.6501377771241652,0.4220021455020378,0.1605242255542102,validation,72,cams_lgbm,JAMBI4,26.720695262027384
354,16.942000534038502,22.295226139799368,-1.1410545052154568,0.506450612812425,0.25015587752242363,validation,72,cams_lgbm,KEMAYORAN3,23.563103768022764
348,4.5238621853616845,6.280870829564633,0.8880418401976493,0.2920872178524198,0.06657841201072545,validation,72,cams_lgbm,KOTABARU,25.28929192739816
225,3.5671729337996383,4.642671896398838,1.0627711975186942,0.1970126523036419,-0.20493574529369285,validation,72,cams_lgbm,KOTOTABANG2,12.995782102447839
345,9.268899154742298,12.11956810907844,3.706822625058454,0.28309821121223416,-0.05665660709583764,validation,72,cams_lgbm,MALANG,20.413882319908094
295,6.06751948987793,7.802229873784609,2.342729303130788,0.5121466197288297,0.1738667602401872,validation,72,cams_lgbm,MAROS,16.413642966564424
346,13.938930481560611,18.68290548962905,-1.6573342943801774,0.2115689440363034,0.029169093880796804,validation,72,cams_lgbm,MEDAN2,28.133783149503465
341,12.54073251047395,16.064952395981695,2.009033673668374,0.32446525605878573,0.04261102310802278,validation,72,cams_lgbm,MLATI,27.65737171059467
322,4.333967216575287,5.658346690121163,0.511074762285419,0.36184988571788973,0.0964676998579943,validation,72,cams_lgbm,PALANGKARAYA2,18.57532856425449
359,11.861765263274302,17.07528292363088,-1.9658383210154748,0.07058392013433114,-0.04193252551491122,validation,72,cams_lgbm,PALEMBANG3,26.921217595107795
332,10.282025891959396,14.939514048599783,-2.0497896226028156,0.36886128685903313,0.11928082649152127,validation,72,cams_lgbm,PALEMBANG4,24.400217120730836
338,4.456454444442234,6.111049191445689,-0.9454770762095024,0.38036697308313905,0.11912423468684197,validation,72,cams_lgbm,PANGKALANBUN2,28.787745734612557
336,9.542666310118912,12.730121592754085,-0.1628870597234205,0.35683045969159416,0.12464988831299573,validation,72,cams_lgbm,PEKANBARU2,30.148231445253913
335,12.71932642262427,16.43747765871667,4.689743526972861,0.29077786842548226,-0.04600848357518483,validation,72,cams_lgbm,PESAWARAN,16.221503114842093
352,9.702764297266746,20.697418827598018,-3.36299542459663,0.35211917108183033,0.09816366111638952,validation,72,cams_lgbm,PONTIANAK2,23.642982569744564
329,3.780186341976366,4.870634384990787,1.1107707705107661,0.37408259799414006,0.02239875904366251,validation,72,cams_lgbm,SAMARINDA2,19.845236754948147
346,10.01241268703018,12.47804796809403,2.0284672760589633,0.44443471668514856,0.12573599244371247,validation,72,cams_lgbm,SEMARANG,19.344971370077236
269,4.964849202836185,9.831704063187365,-0.11339546048742805,0.45643207829753757,0.20180811195577641,validation,72,cams_lgbm,SINTANG,25.617129737514112
274,2.8623286707137425,4.093783486277666,0.5641997211045969,0.2712696463980628,0.05488906368512192,validation,72,cams_lgbm,SORONG,13.185957961526961
340,10.291223949817903,17.338904357896688,-2.17745578924123,0.40751425161893046,0.15213192193690672,validation,72,cams_lgbm,SUPADIO,21.536167579986387
260,2.879799971786769,4.027294913837446,0.5801832304158653,0.5965476355272685,0.33322167027113825,validation,72,cams_lgbm,TANJUNGHARAPAN2,22.665978861334445
356,6.932171105266956,9.144023992528826,0.5941954510935237,0.41713984134965676,0.16749356695877982,validation,72,cams_xgboost,BANJARBARU2,25.39968823569311
350,5.144457663399832,6.628399639242968,0.5211842891148156,0.23383448643766958,0.03587167856201823,validation,72,cams_xgboost,BATAM2,24.870225227825195
340,12.996219930648802,18.148280789890432,0.6799227058186256,0.18320415688165342,0.023661184986741746,validation,72,cams_xgboost,BENGKULU,22.44467263851526
317,4.11196110932985,5.345994671108263,1.7724666658636148,0.34325141895167366,-0.1393404969061689,validation,72,cams_xgboost,INDRAPURI2,1.3179141753681178
339,9.866074082703717,13.697924989707593,-1.5396645655674215,0.3431019173336495,0.10567418701248565,validation,72,cams_xgboost,JAMBI3,30.77513993508103
322,8.713791601998464,11.466237317870453,-0.9400554739910624,0.39721979122293377,0.15208083793637817,validation,72,cams_xgboost,JAMBI4,26.226148454144948
354,16.760369540069064,21.95060665686155,-1.4584067511693235,0.5265521059633145,0.2731575507040993,validation,72,cams_xgboost,KEMAYORAN3,24.382564811637984
348,4.831722664010935,6.449606719184652,1.6213744777372512,0.2817537204169016,0.015751903410698875,validation,72,cams_xgboost,KOTABARU,20.20503573102671
225,3.788392734739516,4.756421514651861,1.8343844890594487,0.24721056652235684,-0.2647030700234123,validation,72,cams_xgboost,KOTOTABANG2,7.600177201475211
345,9.59164539060731,12.475013575522437,4.58961606785871,0.274878542946269,-0.1195452184669128,validation,72,cams_xgboost,MALANG,17.642666506731665
295,6.226484484268448,7.866156071569121,2.931433849657996,0.5337075622520421,0.16027374674557882,validation,72,cams_xgboost,MAROS,14.22373574020771
346,14.073624449382626,18.620697277701517,-1.2294936147039335,0.2150605404937122,0.035623454936018595,validation,72,cams_xgboost,MEDAN2,27.43932915873596
341,12.11968076711526,15.716360949380462,1.7856163707296868,0.3330476541669932,0.08370877857057035,validation,72,cams_xgboost,MLATI,30.08625612663366
322,4.41917112391928,5.721525205747571,0.8772746000230685,0.3514659884515453,0.07617819881620091,validation,72,cams_xgboost,PALANGKARAYA2,16.97455499725725
359,12.028997842581493,16.925938445074216,-0.8837598003716853,0.08063086822362445,-0.023786251383655532,validation,72,cams_xgboost,PALEMBANG3,25.890919574286432
332,10.271303978885513,14.805249375787666,-1.2788127508508156,0.37623936757816034,0.1350401215240835,validation,72,cams_xgboost,PALEMBANG4,24.47905122491938
338,4.501996901754797,6.159363567813677,-0.7069706829341911,0.35166271653345654,0.10514064562723113,validation,72,cams_xgboost,PANGKALANBUN2,28.059996558570276
336,9.537841343312037,12.68398692564258,-0.016154570238930795,0.3645065011345455,0.1309830264235442,validation,72,cams_xgboost,PEKANBARU2,30.183549924777907
335,12.609388969193644,16.30398004751842,4.859930489952886,0.29557642307425197,-0.029087080864673043,validation,72,cams_xgboost,PESAWARAN,16.945629086121293
352,9.730389990589835,20.431255627863656,-2.3570447358218103,0.3742245853874645,0.12120926413472266,validation,72,cams_xgboost,PONTIANAK2,23.425579004949306
329,3.885267993671916,4.917978013261628,1.5472250776087983,0.3852813034727962,0.0033013982396963293,validation,72,cams_xgboost,SAMARINDA2,17.617093972798358
346,9.608273942759961,11.989597801806246,1.1120901570843824,0.4594315676837583,0.1928420529189142,validation,72,cams_xgboost,SEMARANG,22.60051256763488
269,4.985181298663625,9.678992850643992,0.3633905198051144,0.47953775712441826,0.22641141536380616,validation,72,cams_xgboost,SINTANG,25.31251632745667
274,3.0291639884893042,4.166922127028349,1.0041807794222868,0.27877999233151407,0.020817106648446382,validation,72,cams_xgboost,SORONG,8.125865303733736
340,10.452183269332435,17.36478151054949,-1.4970541923186358,0.39547649711265903,0.14959926087260556,validation,72,cams_xgboost,SUPADIO,20.308958344776695
260,3.052537568532504,4.163440375835769,1.0287352499595053,0.5893355677869511,0.28737786384003905,validation,72,cams_xgboost,TANJUNGHARAPAN2,18.02729107431823
356,6.732105862782545,9.009041106192518,-0.21566272474381265,0.4388633412102651,0.19189085534644756,validation,72,champion,BANJARBARU2,27.552683197285887
350,5.105024132226824,6.608763070872778,0.09136128379355292,0.23523742209678689,0.041575658268953264,validation,72,champion,BATAM2,25.446113399007398
340,12.632664287576512,18.23715182619285,-0.80112228547883,0.18405193416774726,0.014075627797745405,validation,72,champion,BENGKULU,24.614201706432404
317,3.975344140741714,5.294042230779498,1.3244377013342106,0.33204304741572577,-0.11730384671967942,validation,72,champion,INDRAPURI2,4.596555937987478
339,9.83396433722831,13.717187708767572,-1.9283912106518042,0.3477947087123927,0.10315712552443601,validation,72,champion,JAMBI3,31.00043650376908
322,8.65537825186122,11.40900538425156,-1.6501377771241652,0.4220021455020378,0.1605242255542102,validation,72,champion,JAMBI4,26.720695262027384
354,16.942000534038502,22.295226139799368,-1.1410545052154568,0.506450612812425,0.25015587752242363,validation,72,champion,KEMAYORAN3,23.563103768022764
348,4.5238621853616845,6.280870829564633,0.8880418401976493,0.2920872178524198,0.06657841201072545,validation,72,champion,KOTABARU,25.28929192739816
225,3.5671729337996383,4.642671896398838,1.0627711975186942,0.1970126523036419,-0.20493574529369285,validation,72,champion,KOTOTABANG2,12.995782102447839
345,9.268899154742298,12.11956810907844,3.706822625058454,0.28309821121223416,-0.05665660709583764,validation,72,champion,MALANG,20.413882319908094
295,6.06751948987793,7.802229873784609,2.342729303130788,0.5121466197288297,0.1738667602401872,validation,72,champion,MAROS,16.413642966564424
346,13.938930481560611,18.68290548962905,-1.6573342943801774,0.2115689440363034,0.029169093880796804,validation,72,champion,MEDAN2,28.133783149503465
341,12.54073251047395,16.064952395981695,2.009033673668374,0.32446525605878573,0.04261102310802278,validation,72,champion,MLATI,27.65737171059467
322,4.333967216575287,5.658346690121163,0.511074762285419,0.36184988571788973,0.0964676998579943,validation,72,champion,PALANGKARAYA2,18.57532856425449
359,11.861765263274302,17.07528292363088,-1.9658383210154748,0.07058392013433114,-0.04193252551491122,validation,72,champion,PALEMBANG3,26.921217595107795
332,10.282025891959396,14.939514048599783,-2.0497896226028156,0.36886128685903313,0.11928082649152127,validation,72,champion,PALEMBANG4,24.400217120730836
338,4.456454444442234,6.111049191445689,-0.9454770762095024,0.38036697308313905,0.11912423468684197,validation,72,champion,PANGKALANBUN2,28.787745734612557
336,9.542666310118912,12.730121592754085,-0.1628870597234205,0.35683045969159416,0.12464988831299573,validation,72,champion,PEKANBARU2,30.148231445253913
335,12.71932642262427,16.43747765871667,4.689743526972861,0.29077786842548226,-0.04600848357518483,validation,72,champion,PESAWARAN,16.221503114842093
352,9.702764297266746,20.697418827598018,-3.36299542459663,0.35211917108183033,0.09816366111638952,validation,72,champion,PONTIANAK2,23.642982569744564
329,3.780186341976366,4.870634384990787,1.1107707705107661,0.37408259799414006,0.02239875904366251,validation,72,champion,SAMARINDA2,19.845236754948147
346,10.01241268703018,12.47804796809403,2.0284672760589633,0.44443471668514856,0.12573599244371247,validation,72,champion,SEMARANG,19.344971370077236
269,4.964849202836185,9.831704063187365,-0.11339546048742805,0.45643207829753757,0.20180811195577641,validation,72,champion,SINTANG,25.617129737514112
274,2.8623286707137425,4.093783486277666,0.5641997211045969,0.2712696463980628,0.05488906368512192,validation,72,champion,SORONG,13.185957961526961
340,10.291223949817903,17.338904357896688,-2.17745578924123,0.40751425161893046,0.15213192193690672,validation,72,champion,SUPADIO,21.536167579986387
260,2.879799971786769,4.027294913837446,0.5801832304158653,0.5965476355272685,0.33322167027113825,validation,72,champion,TANJUNGHARAPAN2,22.665978861334445
356,6.768689989315901,9.112885470070665,-0.004024468886104774,0.4230300004711118,0.17315384998457495,validation,72,prediction_q50,BANJARBARU2,27.158984426212605
350,5.172468414932051,6.671948481449475,0.17409372319069658,0.21470530911856572,0.023161340785059714,validation,72,prediction_q50,BATAM2,24.461155585987736
340,12.552267078081588,18.15275561446591,-0.8746656538221932,0.19626286682844865,0.023179653584430415,validation,72,prediction_q50,BENGKULU,25.0939744353183
317,3.9555007784932155,5.305938925991247,1.276125312161655,0.3349708868107705,-0.12233106705127139,validation,72,prediction_q50,INDRAPURI2,5.0727725957794405
339,9.866093277737077,13.772207958542866,-1.9656857298002803,0.33829651578514697,0.09594814340035818,validation,72,prediction_q50,JAMBI3,30.775005254002508
322,8.69445155972598,11.454983282332545,-1.4457974900571435,0.4091559676342223,0.15374447512834644,validation,72,prediction_q50,JAMBI4,26.38988767039767
354,16.951968641710156,22.363475835870883,-1.5091562835028118,0.5024093771599404,0.24555803549317368,validation,72,prediction_q50,KEMAYORAN3,23.518130849376195
348,4.510798490274707,6.273109155012578,0.8812337620422378,0.29567271682437474,0.06888396430744081,validation,72,prediction_q50,KOTABARU,25.505036322342544
225,3.5871320131368845,4.652210652867653,1.025512924301151,0.2056409253450673,-0.20989211359182058,validation,72,prediction_q50,KOTOTABANG2,12.50897528934427
345,9.536373617904596,12.43574382732913,4.221798691542062,0.28099236375696557,-0.11250794165421385,validation,72,prediction_q50,MALANG,18.11724992092868
295,6.048723536457372,7.779864447445334,2.4265244853318593,0.520774412940418,0.1785962645274174,validation,72,prediction_q50,MAROS,16.672576666903673
346,13.847525444588157,18.560440048329056,-1.7604233918710586,0.23287298151870034,0.041854868695392455,validation,72,prediction_q50,MEDAN2,28.605048446147276
341,12.291957896544634,15.856576127716783,1.4981939388386896,0.33471318905587605,0.06728626801664628,validation,72,prediction_q50,MLATI,29.092456097276052
322,4.347487240107406,5.6871485942534115,0.5406664393900635,0.35717245005678855,0.08724603709525336,validation,72,prediction_q50,PALANGKARAYA2,18.32132030371757
359,11.80147614297688,17.17905325363429,-2.2306361723030004,0.05634933788413253,-0.05463512287434269,validation,72,prediction_q50,PALEMBANG3,27.292650969973064
332,10.284170181330037,14.969494248308855,-2.068505806993544,0.364255412332691,0.11574247441854124,validation,72,prediction_q50,PALEMBANG4,24.384450985481408
338,4.4206174662045585,6.078893556833308,-0.8481074060859324,0.3871197918005222,0.12836997845726783,validation,72,prediction_q50,PANGKALANBUN2,29.360405466284945
336,9.485322373093744,12.689584749053461,-0.23725405446969638,0.36578663102082704,0.13021581071521782,validation,72,prediction_q50,PEKANBARU2,30.567985766208484
335,12.875872812025847,16.54419949604583,5.05618082619103,0.29782040195040466,-0.059635189558033375,validation,72,prediction_q50,PESAWARAN,15.190377663612686
352,9.682125437494841,20.69659057353247,-3.3782615809688363,0.3525701147448314,0.09823583771724231,validation,72,prediction_q50,PONTIANAK2,23.805402445881096
329,3.746202903556035,4.810598480071567,1.019733527784525,0.3804485307334137,0.04635024216614003,validation,72,prediction_q50,SAMARINDA2,20.565818814775994
346,9.938240166341052,12.345043860614508,2.109653521022692,0.4607397696989907,0.1442743060551943,validation,72,prediction_q50,SEMARANG,19.94246839369519
269,4.901430644002739,9.844641173384272,-0.31368435474997,0.45326803033876384,0.19970611817955275,validation,72,prediction_q50,SINTANG,26.567260192885723
274,2.8377658559892924,4.073459987127748,0.4974605151665336,0.28102996953340953,0.06424973584658455,validation,72,prediction_q50,SORONG,13.930944815024782
340,10.36645962196228,17.377563284923404,-2.204666059349309,0.40313694298314123,0.14834688337535085,validation,72,prediction_q50,SUPADIO,20.962544928304816
260,2.9093241022688985,4.042613379831321,0.5114920792182991,0.5870137625824944,0.32813962551052256,validation,72,prediction_q50,TANJUNGHARAPAN2,21.873139166503453
